-- phpMyAdmin SQL Dump
-- version 5.2.0
-- https://www.phpmyadmin.net/
--
-- Host: 127.0.0.1
-- Generation Time: Sep 09, 2023 at 08:07 AM
-- Server version: 10.4.24-MariaDB-log
-- PHP Version: 8.1.6

SET SQL_MODE = "NO_AUTO_VALUE_ON_ZERO";
START TRANSACTION;
SET time_zone = "+00:00";


/*!40101 SET @OLD_CHARACTER_SET_CLIENT=@@CHARACTER_SET_CLIENT */;
/*!40101 SET @OLD_CHARACTER_SET_RESULTS=@@CHARACTER_SET_RESULTS */;
/*!40101 SET @OLD_COLLATION_CONNECTION=@@COLLATION_CONNECTION */;
/*!40101 SET NAMES utf8mb4 */;

--
-- Database: `jkn_bpjs`
--

-- --------------------------------------------------------

--
-- Table structure for table `bedclasses`
--

CREATE TABLE `bedclasses` (
  `id` int(11) NOT NULL,
  `name` varchar(191) COLLATE utf8mb4_unicode_ci NOT NULL
) ENGINE=InnoDB DEFAULT CHARSET=utf8mb4 COLLATE=utf8mb4_unicode_ci;

--
-- Dumping data for table `bedclasses`
--

INSERT INTO `bedclasses` (`id`, `name`) VALUES
(1, 'VVIP/ Super VIP'),
(2, 'VIP'),
(3, 'Kelas I'),
(4, 'Kelas II'),
(5, 'Kelas III'),
(6, 'ICU'),
(7, 'HCU'),
(8, 'ICCU/ICVCU'),
(9, 'NICU'),
(10, 'PICU'),
(11, 'Isolasi'),
(12, 'Perinatologi'),
(13, 'RICU');

-- --------------------------------------------------------

--
-- Table structure for table `beds`
--

CREATE TABLE `beds` (
  `id` int(11) NOT NULL,
  `hospital_id` int(11) NOT NULL,
  `total` int(11) NOT NULL,
  `empty` int(11) NOT NULL,
  `queue` int(11) NOT NULL,
  `last_update` datetime(3) NOT NULL,
  `bedclass_id` int(11) NOT NULL
) ENGINE=InnoDB DEFAULT CHARSET=utf8mb4 COLLATE=utf8mb4_unicode_ci;

--
-- Dumping data for table `beds`
--

INSERT INTO `beds` (`id`, `hospital_id`, `total`, `empty`, `queue`, `last_update`, `bedclass_id`) VALUES
(1, 1, 2, 2, 0, '2023-08-27 12:27:03.000', 1),
(2, 1, 76, 2, 0, '2023-08-27 12:27:02.000', 2),
(3, 1, 67, 10, 0, '2023-08-27 12:27:01.000', 3),
(4, 1, 106, 21, 0, '2023-08-27 12:26:58.000', 4),
(5, 1, 283, 19, 0, '2023-08-27 12:27:00.000', 5),
(6, 1, 12, 0, 0, '2023-08-27 12:26:35.000', 6),
(7, 1, 24, 0, 0, '2023-08-27 12:26:34.000', 7),
(8, 1, 6, 0, 0, '2023-08-27 12:26:34.000', 8),
(9, 1, 20, 1, 0, '2023-08-27 12:27:00.000', 9),
(10, 1, 4, 0, 0, '2023-08-27 12:27:01.000', 10),
(11, 1, 23, 8, 0, '2023-08-27 12:26:39.000', 11),
(12, 2, 5, 7, 0, '2023-08-27 13:15:22.000', 2),
(13, 2, 21, 33, 0, '2023-08-27 13:15:23.000', 3),
(14, 2, 23, 32, 0, '2023-08-27 13:15:23.000', 4),
(15, 2, 48, 68, 0, '2023-08-27 13:15:22.000', 5),
(16, 3, 6, 6, 0, '2023-08-27 03:02:36.000', 2),
(17, 3, 20, 15, 0, '2023-08-27 03:02:57.000', 3),
(18, 3, 24, 13, 0, '2023-08-27 03:04:39.000', 4),
(19, 3, 105, 61, 0, '2023-08-27 03:05:53.000', 5),
(20, 3, 10, 8, 0, '2023-08-27 03:07:04.000', 6),
(21, 3, 8, 4, 0, '2023-08-27 03:07:26.000', 11),
(22, 3, 6, 2, 0, '2023-08-27 03:07:51.000', 12),
(23, 4, 14, 2, 0, '2023-08-27 13:00:12.000', 3),
(24, 4, 16, 3, 0, '2023-08-27 13:00:14.000', 4),
(25, 4, 43, 10, 0, '2023-08-27 13:00:17.000', 5),
(26, 4, 5, 4, 0, '2023-08-27 13:00:18.000', 6),
(27, 4, 6, 6, 0, '2023-08-27 13:00:19.000', 9),
(28, 4, 12, 10, 0, '2023-08-27 13:00:23.000', 12),
(29, 5, 12, 11, 0, '2023-08-27 01:25:24.000', 4),
(30, 5, 29, 18, 0, '2023-08-27 01:25:34.000', 5),
(31, 5, 3, 3, 0, '2023-08-27 01:25:46.000', 7),
(32, 5, 5, 5, 0, '2023-08-27 01:25:56.000', 12),
(33, 6, 1, 1, 0, '2023-08-26 17:09:35.000', 2),
(34, 6, 4, 2, 0, '2023-08-26 17:09:55.000', 3),
(35, 6, 28, 15, 0, '2023-08-26 17:10:15.000', 4),
(36, 6, 50, 28, 0, '2023-08-26 17:10:40.000', 5),
(37, 6, 5, 4, 0, '2023-08-26 17:11:01.000', 6),
(38, 6, 5, 4, 0, '2023-08-26 17:11:21.000', 9),
(39, 6, 1, 1, 0, '2023-08-26 17:12:04.000', 11),
(40, 6, 3, 3, 0, '2023-08-26 02:00:45.000', 12),
(41, 7, 2, 0, 0, '2023-08-27 01:04:00.000', 2),
(42, 7, 27, 24, 0, '2023-08-27 01:04:25.000', 3),
(43, 7, 9, 0, 0, '2023-08-27 01:04:45.000', 4),
(44, 7, 10, 0, 0, '2023-08-27 01:05:00.000', 5),
(45, 7, 2, 2, 0, '2023-08-27 01:05:40.000', 6),
(46, 7, 3, 3, 0, '2023-08-27 01:05:48.000', 9),
(47, 8, 7, 6, 0, '2023-08-26 22:55:27.000', 3),
(48, 8, 24, 24, 0, '2023-08-26 22:58:12.000', 4),
(49, 8, 48, 42, 0, '2023-08-26 22:58:25.000', 5),
(50, 8, 3, 3, 0, '2023-08-26 22:58:37.000', 6),
(51, 8, 5, 5, 0, '2023-08-26 22:58:44.000', 9),
(52, 8, 1, 1, 0, '2023-08-26 22:58:54.000', 11),
(53, 8, 12, 12, 0, '2023-08-26 22:59:01.000', 12),
(54, 9, 22, 5, 0, '2023-08-27 01:01:05.000', 3),
(55, 9, 17, 10, 0, '2023-08-27 01:03:39.000', 4),
(56, 9, 46, 16, 0, '2023-08-27 01:05:46.000', 5),
(57, 9, 4, 1, 0, '2023-08-27 01:11:14.000', 6),
(58, 9, 3, 3, 0, '2023-08-27 01:10:49.000', 9),
(59, 9, 3, 2, 0, '2023-08-27 01:07:28.000', 11),
(60, 9, 10, 1, 0, '2023-08-27 01:06:31.000', 12),
(61, 10, 4, 4, 0, '2023-08-27 00:35:05.000', 3),
(62, 10, 12, 12, 0, '2023-08-27 00:36:17.000', 4),
(63, 10, 38, 34, 0, '2023-08-27 00:36:50.000', 5),
(64, 10, 2, 2, 0, '2023-08-27 00:37:18.000', 6),
(65, 11, 1, 1, 0, '2023-08-27 13:21:13.000', 1),
(66, 11, 5, 0, 0, '2023-08-27 13:21:15.000', 2),
(67, 11, 30, 8, 0, '2023-08-27 13:21:18.000', 3),
(68, 11, 9, 6, 0, '2023-08-27 13:21:21.000', 4),
(69, 11, 136, 69, 0, '2023-08-27 13:21:26.000', 5),
(70, 11, 8, 7, 0, '2023-08-27 13:21:26.000', 6),
(71, 11, 4, 4, 0, '2023-08-27 13:21:26.000', 7),
(72, 11, 4, 4, 0, '2023-08-27 13:21:27.000', 8),
(73, 11, 3, 3, 0, '2023-08-27 13:21:13.000', 9),
(74, 11, 4, 4, 0, '2023-08-27 13:21:14.000', 10),
(75, 11, 16, 11, 0, '2023-08-27 13:21:14.000', 12),
(76, 12, 16, 8, 0, '2023-08-26 22:44:45.000', 2),
(77, 12, 46, 15, 0, '2023-08-26 22:45:50.000', 3),
(78, 12, 30, 5, 0, '2023-08-26 22:46:27.000', 4),
(79, 12, 29, 13, 0, '2023-08-26 22:47:05.000', 5),
(80, 12, 10, 6, 0, '2023-08-26 22:44:52.000', 6),
(81, 12, 6, 4, 0, '2023-08-26 22:44:59.000', 9),
(82, 12, 4, 4, 0, '2023-08-26 22:47:14.000', 11),
(83, 13, 9, 6, 0, '2023-08-27 13:20:02.000', 2),
(84, 13, 176, 91, 0, '2023-08-27 13:20:04.000', 3),
(85, 13, 150, 69, 0, '2023-08-27 13:20:05.000', 4),
(86, 13, 343, 102, 0, '2023-08-27 13:20:05.000', 5),
(87, 13, 41, 14, 0, '2023-08-27 13:20:02.000', 6),
(88, 13, 11, 6, 0, '2023-08-27 13:20:02.000', 7),
(89, 13, 7, 4, 0, '2023-08-27 13:20:03.000', 8),
(90, 13, 10, 2, 0, '2023-08-27 13:20:04.000', 9),
(91, 13, 9, 0, 0, '2023-08-27 13:20:06.000', 12),
(92, 14, 5, 0, 0, '2023-08-27 02:31:55.000', 1),
(93, 14, 12, 6, 0, '2023-08-27 02:33:25.000', 3),
(94, 14, 22, 22, 0, '2023-08-27 02:36:56.000', 4),
(95, 14, 59, 36, 0, '2023-08-27 03:39:28.000', 5),
(96, 14, 5, 3, 0, '2023-08-27 02:28:31.000', 6),
(97, 14, 11, 11, 0, '2023-08-27 02:30:19.000', 11),
(98, 14, 11, 11, 0, '2023-08-27 02:29:47.000', 12),
(99, 15, 2, 1, 0, '2023-08-27 04:10:52.000', 1),
(100, 15, 4, 2, 0, '2023-08-27 09:51:14.000', 2),
(101, 15, 16, 3, 0, '2023-08-27 13:19:59.000', 3),
(102, 15, 20, 9, 0, '2023-08-27 10:56:06.000', 4),
(103, 15, 45, 12, 0, '2023-08-27 11:07:04.000', 5),
(104, 15, 4, 4, 0, '2023-08-27 04:06:30.000', 6),
(105, 15, 4, 2, 0, '2023-08-27 08:09:39.000', 9),
(106, 15, 3, 1, 0, '2023-08-27 08:06:30.000', 12),
(107, 16, 2, 2, 0, '2023-08-26 16:14:13.000', 2),
(108, 16, 9, 6, 0, '2023-08-27 10:37:33.000', 3),
(109, 16, 14, 9, 0, '2023-08-27 11:06:31.000', 4),
(110, 16, 15, 5, 0, '2023-08-27 11:06:32.000', 5),
(111, 16, 3, 2, 0, '2023-08-26 16:14:23.000', 12),
(112, 17, 2, 2, 0, '2023-08-27 13:16:55.000', 1),
(113, 17, 13, 6, 0, '2023-08-27 13:16:55.000', 2),
(114, 17, 17, 11, 0, '2023-08-27 13:16:56.000', 3),
(115, 17, 28, 10, 0, '2023-08-27 13:16:56.000', 4),
(116, 17, 39, 13, 0, '2023-08-27 13:16:56.000', 5),
(117, 17, 8, 4, 0, '2023-08-27 13:16:57.000', 6),
(118, 17, 10, 4, 0, '2023-08-27 13:16:57.000', 11),
(119, 17, 8, 7, 0, '2023-08-27 13:16:58.000', 12),
(120, 18, 6, 5, 0, '2023-08-27 08:31:21.000', 2),
(121, 18, 12, 11, 0, '2023-08-27 08:40:09.000', 3),
(122, 18, 6, 5, 0, '2023-08-27 08:03:35.000', 4),
(123, 18, 18, 13, 0, '2023-08-27 06:04:59.000', 5),
(124, 18, 2, 1, 0, '2023-08-23 13:13:16.000', 9),
(125, 19, 1, 1, 0, '2023-08-26 16:13:31.000', 1),
(126, 19, 8, 4, 0, '2023-08-27 09:18:29.000', 2),
(127, 19, 34, 21, 0, '2023-08-27 11:53:35.000', 3),
(128, 19, 40, 32, 0, '2023-08-27 07:52:41.000', 4),
(129, 19, 73, 31, 0, '2023-08-27 13:06:02.000', 5),
(130, 19, 6, 3, 0, '2023-08-27 05:13:22.000', 6),
(131, 19, 16, 6, 0, '2023-08-26 16:13:44.000', 9),
(132, 19, 12, 11, 0, '2023-08-26 16:13:47.000', 11),
(133, 19, 3, 3, 0, '2023-08-26 16:13:49.000', 12),
(134, 20, 1, 0, 0, '2023-08-27 03:53:40.000', 2),
(135, 20, 6, 2, 0, '2023-08-26 19:39:06.000', 3),
(136, 20, 5, 3, 0, '2023-08-27 12:13:15.000', 4),
(137, 20, 17, 7, 0, '2023-08-27 12:51:46.000', 5),
(138, 20, 6, 4, 0, '2023-08-27 10:32:26.000', 7),
(139, 20, 11, 7, 0, '2023-08-26 16:14:54.000', 12),
(140, 21, 2, 2, 0, '2023-08-26 23:39:04.000', 2),
(141, 21, 3, 3, 0, '2023-08-26 23:39:12.000', 3),
(142, 21, 14, 9, 0, '2023-08-26 23:39:22.000', 4),
(143, 21, 24, 24, 0, '2023-08-26 23:40:39.000', 5),
(144, 21, 1, 1, 0, '2023-08-26 23:40:46.000', 6),
(145, 21, 2, 2, 0, '2023-08-26 23:40:55.000', 11),
(146, 22, 58, 35, 0, '2023-08-27 13:08:07.000', 2),
(147, 22, 20, 16, 0, '2023-08-26 16:13:26.000', 3),
(148, 22, 43, 33, 0, '2023-08-26 16:13:28.000', 4),
(149, 22, 382, 129, 0, '2023-08-26 16:13:31.000', 5),
(150, 23, 4, 1, 0, '2023-08-27 04:15:01.000', 1),
(151, 23, 19, 3, 0, '2023-08-27 04:15:11.000', 2),
(152, 23, 26, 3, 0, '2023-08-27 04:13:13.000', 3),
(153, 23, 66, 21, 0, '2023-08-27 04:13:22.000', 4),
(154, 23, 59, 19, 0, '2023-08-27 04:13:33.000', 5),
(155, 23, 3, 0, 0, '2023-08-27 04:13:39.000', 6),
(156, 23, 3, 1, 0, '2023-08-27 04:13:46.000', 7),
(157, 23, 2, 0, 0, '2023-08-27 04:13:53.000', 8),
(158, 23, 3, 0, 0, '2023-08-27 04:14:01.000', 9),
(159, 23, 2, 0, 0, '2023-08-27 04:14:08.000', 10),
(160, 23, 4, 2, 0, '2023-08-27 04:14:21.000', 11),
(161, 23, 6, 4, 0, '2023-08-27 04:14:32.000', 12),
(162, 24, 24, 6, 0, '2023-08-26 21:50:53.000', 2),
(163, 24, 38, 10, 0, '2023-08-26 21:59:59.000', 3),
(164, 24, 27, 16, 0, '2023-08-26 22:01:09.000', 4),
(165, 24, 75, 28, 0, '2023-08-26 22:03:33.000', 5),
(166, 24, 6, 1, 0, '2023-08-26 22:03:11.000', 6),
(167, 24, 19, 15, 0, '2023-08-26 22:03:02.000', 11),
(168, 25, 1, 1, 0, '2023-08-26 22:57:18.000', 1),
(169, 25, 4, 4, 0, '2023-08-26 22:57:48.000', 2),
(170, 25, 8, 7, 0, '2023-08-26 23:00:48.000', 3),
(171, 25, 9, 8, 0, '2023-08-26 23:05:53.000', 4),
(172, 25, 22, 16, 0, '2023-08-26 23:06:54.000', 5),
(173, 25, 2, 2, 0, '2023-08-26 23:07:02.000', 6),
(174, 25, 2, 2, 0, '2023-08-26 23:07:17.000', 11),
(175, 25, 3, 1, 0, '2023-08-26 23:07:32.000', 12),
(176, 26, 1, 1, 0, '2023-08-27 01:36:51.000', 1),
(177, 26, 7, 6, 0, '2023-08-27 01:37:06.000', 2),
(178, 26, 18, 9, 0, '2023-08-27 01:37:44.000', 3),
(179, 26, 20, 2, 0, '2023-08-27 01:38:24.000', 4),
(180, 26, 23, 5, 0, '2023-08-27 01:40:14.000', 5),
(181, 26, 6, 5, 0, '2023-08-27 01:40:34.000', 6),
(182, 26, 3, 3, 0, '2023-08-27 01:40:49.000', 7),
(183, 26, 6, 6, 0, '2023-08-27 01:41:39.000', 11),
(184, 27, 12, 9, 0, '2023-08-27 13:21:05.000', 3),
(185, 27, 30, 27, 0, '2023-08-27 13:21:06.000', 4),
(186, 27, 42, 33, 0, '2023-08-27 13:21:07.000', 5),
(187, 27, 5, 5, 0, '2023-08-27 13:20:12.000', 6),
(188, 27, 3, 3, 0, '2023-08-27 13:21:07.000', 11),
(189, 28, 9, 2, 0, '2023-08-27 01:58:39.000', 2),
(190, 28, 22, 6, 0, '2023-08-27 02:23:04.000', 3),
(191, 28, 26, 8, 0, '2023-08-27 02:23:27.000', 4),
(192, 28, 36, 13, 0, '2023-08-27 02:24:13.000', 5),
(193, 28, 4, 1, 0, '2023-08-27 02:24:31.000', 6),
(194, 28, 7, 5, 0, '2023-08-27 02:24:39.000', 9),
(195, 28, 2, 2, 0, '2023-08-27 02:25:54.000', 10),
(196, 28, 2, 2, 0, '2023-08-27 02:26:01.000', 11),
(197, 29, 6, 6, 0, '2023-08-27 01:58:21.000', 1),
(198, 29, 6, 6, 0, '2023-08-27 01:58:31.000', 2),
(199, 29, 2, 2, 0, '2023-08-27 01:58:41.000', 3),
(200, 29, 3, 1, 0, '2023-08-27 01:58:50.000', 4),
(201, 29, 8, 8, 0, '2023-08-27 01:58:59.000', 5),
(202, 29, 1, 1, 0, '2023-08-27 01:59:07.000', 7),
(203, 29, 1, 1, 0, '2023-08-27 01:59:16.000', 9),
(204, 29, 1, 1, 0, '2023-08-27 01:59:24.000', 10),
(205, 29, 5, 5, 0, '2023-08-27 01:59:32.000', 12),
(206, 30, 12, 9, 0, '2023-08-27 01:41:58.000', 1),
(207, 30, 28, 22, 0, '2023-08-27 01:45:21.000', 3),
(208, 30, 49, 41, 0, '2023-08-27 01:47:39.000', 4),
(209, 30, 91, 72, 0, '2023-08-27 01:50:10.000', 5),
(210, 31, 2, 2, 0, '2023-08-27 13:15:32.000', 2),
(211, 31, 28, 24, 0, '2023-08-27 12:55:26.000', 3),
(212, 31, 19, 13, 0, '2023-08-27 13:15:01.000', 4),
(213, 31, 38, 27, 0, '2023-08-27 13:15:01.000', 5),
(214, 31, 5, 2, 0, '2023-08-27 13:15:36.000', 6),
(215, 31, 2, 0, 0, '2023-08-27 13:15:36.000', 11),
(216, 31, 5, 3, 0, '2023-08-27 13:15:37.000', 12),
(217, 32, 2, 0, 0, '2023-08-27 00:42:41.000', 1),
(218, 32, 2, 0, 0, '2023-08-27 00:42:48.000', 2),
(219, 32, 13, 5, 0, '2023-08-25 23:50:00.000', 3),
(220, 32, 10, 3, 0, '2023-08-27 00:45:38.000', 4),
(221, 32, 16, 10, 0, '2023-08-27 00:44:33.000', 5),
(222, 32, 3, 3, 0, '2023-08-27 00:45:48.000', 7),
(223, 32, 2, 2, 0, '2023-08-27 00:46:11.000', 9),
(224, 32, 1, 1, 0, '2023-08-27 00:46:20.000', 11),
(225, 32, 1, 1, 0, '2023-08-27 00:46:27.000', 12),
(226, 33, 2, 2, 0, '2023-08-27 00:46:10.000', 4),
(227, 33, 29, 29, 0, '2023-08-27 00:48:18.000', 5),
(228, 34, 35, 29, 0, '2023-08-27 13:20:09.000', 3),
(229, 34, 2, 2, 0, '2023-08-27 13:20:01.000', 11),
(230, 35, 3, 0, 0, '2023-08-26 21:29:11.000', 2),
(231, 35, 6, 2, 0, '2023-08-26 21:29:46.000', 3),
(232, 35, 9, 7, 0, '2023-08-26 23:35:04.000', 4),
(233, 35, 33, 12, 0, '2023-08-27 04:46:40.000', 5),
(234, 35, 2, 0, 0, '2023-08-26 22:20:57.000', 9),
(235, 35, 12, 7, 0, '2023-08-26 00:48:11.000', 11),
(236, 36, 10, 9, 0, '2023-08-27 13:19:03.000', 1),
(237, 36, 38, 19, 0, '2023-08-27 13:19:04.000', 2),
(238, 36, 179, 43, 0, '2023-08-27 13:19:09.000', 3),
(239, 36, 109, 13, 0, '2023-08-27 13:19:12.000', 4),
(240, 36, 411, 46, 0, '2023-08-27 13:19:18.000', 5),
(241, 36, 50, 20, 0, '2023-08-27 13:19:19.000', 6),
(242, 36, 15, 15, 0, '2023-08-22 02:34:32.000', 11),
(243, 37, 1, 1, 0, '2023-08-26 21:42:35.000', 1),
(244, 37, 4, 4, 0, '2023-08-26 21:43:18.000', 2),
(245, 37, 19, 6, 0, '2023-08-26 21:45:58.000', 3),
(246, 37, 19, 15, 0, '2023-08-26 21:46:22.000', 4),
(247, 37, 28, 4, 0, '2023-08-26 21:46:37.000', 5),
(248, 37, 5, 5, 0, '2023-08-26 21:45:18.000', 6),
(249, 37, 3, 1, 0, '2023-08-26 21:45:31.000', 7),
(250, 37, 4, 3, 0, '2023-08-26 21:44:54.000', 11),
(251, 37, 7, 5, 0, '2023-08-26 21:46:55.000', 12),
(252, 38, 2, 1, 0, '2023-08-26 22:41:40.000', 1),
(253, 38, 24, 5, 0, '2023-08-26 22:43:39.000', 2),
(254, 38, 27, 13, 0, '2023-08-26 22:44:28.000', 3),
(255, 38, 30, 5, 0, '2023-08-26 22:52:53.000', 4),
(256, 38, 27, 4, 0, '2023-08-26 22:56:50.000', 5),
(257, 38, 4, 2, 0, '2023-08-26 22:57:02.000', 6),
(258, 39, 10, 2, 0, '2023-08-26 22:49:25.000', 1),
(259, 39, 3, 0, 0, '2023-08-26 22:49:13.000', 2),
(260, 39, 66, 15, 0, '2023-08-26 22:51:15.000', 3),
(261, 39, 35, 8, 0, '2023-08-26 22:51:28.000', 4),
(262, 39, 50, 1, 0, '2023-08-26 22:51:42.000', 5),
(263, 39, 5, 0, 0, '2023-08-26 22:51:57.000', 6),
(264, 39, 5, 1, 0, '2023-08-26 22:52:33.000', 8),
(265, 39, 2, 1, 0, '2023-08-26 22:53:32.000', 9),
(266, 39, 6, 6, 0, '2023-08-26 22:53:42.000', 10),
(267, 39, 8, 1, 0, '2023-08-26 22:54:21.000', 11),
(268, 39, 13, 12, 0, '2023-08-26 22:55:13.000', 12),
(269, 40, 2, 1, 0, '2023-08-27 13:01:57.000', 1),
(270, 40, 7, 0, 0, '2023-08-27 13:01:57.000', 2),
(271, 40, 18, 10, 0, '2023-08-27 13:01:57.000', 3),
(272, 40, 31, 22, 0, '2023-08-27 13:01:59.000', 4),
(273, 40, 40, 8, 0, '2023-08-27 13:01:59.000', 5),
(274, 40, 7, 5, 0, '2023-08-27 13:01:57.000', 6),
(275, 40, 10, 7, 0, '2023-08-27 13:02:00.000', 11),
(276, 40, 2, 2, 0, '2023-08-27 13:02:00.000', 12),
(277, 41, 20, 17, 0, '2023-08-27 13:15:09.000', 1),
(278, 42, 34, 0, 0, '2023-08-27 02:57:22.000', 1),
(279, 42, 16, 0, 0, '2023-08-27 02:57:27.000', 2),
(280, 42, 48, 0, 0, '2023-08-27 02:57:32.000', 3),
(281, 42, 14, 0, 0, '2023-08-27 02:57:37.000', 4),
(282, 42, 25, 0, 0, '2023-08-27 02:57:45.000', 5),
(283, 42, 4, 0, 0, '2023-08-27 02:57:51.000', 6),
(284, 42, 3, 0, 0, '2023-08-27 02:57:57.000', 7),
(285, 42, 6, 0, 0, '2023-08-27 02:58:04.000', 9),
(286, 42, 4, 0, 0, '2023-08-27 02:58:09.000', 11),
(287, 43, 3, 3, 0, '2023-08-27 13:15:19.000', 2),
(288, 43, 10, 3, 0, '2023-08-27 13:15:12.000', 3),
(289, 43, 11, 1, 0, '2023-08-27 13:15:21.000', 4),
(290, 43, 30, 7, 0, '2023-08-27 13:15:08.000', 5),
(291, 43, 4, 0, 0, '2023-08-27 13:15:14.000', 6),
(292, 44, 12, 7, 0, '2023-08-26 23:14:22.000', 1),
(293, 44, 24, 12, 0, '2023-08-26 23:16:22.000', 2),
(294, 44, 55, 19, 0, '2023-08-26 23:15:16.000', 3),
(295, 44, 29, 7, 0, '2023-08-26 23:15:44.000', 4),
(296, 44, 60, 5, 0, '2023-08-26 23:16:10.000', 5),
(297, 44, 8, 2, 0, '2023-08-26 23:15:30.000', 6),
(298, 44, 6, 6, 0, '2023-08-26 23:17:10.000', 8),
(299, 44, 6, 2, 0, '2023-08-26 23:17:01.000', 9),
(300, 44, 8, 4, 0, '2023-08-26 23:16:53.000', 10),
(301, 44, 2, 2, 0, '2023-08-26 23:16:46.000', 11),
(302, 44, 10, 3, 0, '2023-08-26 23:17:32.000', 12),
(303, 45, 6, 6, 0, '2023-08-26 22:38:22.000', 1),
(304, 45, 8, 3, 0, '2023-08-26 22:38:51.000', 2),
(305, 45, 11, 6, 0, '2023-08-26 22:39:29.000', 3),
(306, 45, 14, 5, 0, '2023-08-26 22:39:49.000', 4),
(307, 45, 30, 10, 0, '2023-08-26 22:40:37.000', 5),
(308, 45, 5, 5, 0, '2023-08-26 22:37:46.000', 7),
(309, 45, 12, 12, 0, '2023-08-26 22:37:26.000', 11),
(310, 46, 29, 10, 0, '2023-08-27 01:00:33.000', 3),
(311, 46, 19, 14, 0, '2023-08-27 01:05:27.000', 4),
(312, 46, 89, 40, 0, '2023-08-27 01:05:47.000', 5),
(313, 46, 9, 8, 0, '2023-08-27 01:05:57.000', 6),
(314, 46, 3, 3, 0, '2023-08-27 01:06:14.000', 9),
(315, 46, 3, 2, 0, '2023-08-27 01:06:28.000', 10),
(316, 46, 14, 14, 0, '2023-08-27 01:07:50.000', 11),
(317, 46, 10, 8, 0, '2023-08-27 01:08:02.000', 12),
(318, 47, 2, 0, 0, '2023-08-26 22:34:34.000', 1),
(319, 47, 12, 0, 0, '2023-08-26 22:39:15.000', 2),
(320, 47, 15, 7, 0, '2023-08-26 22:35:42.000', 3),
(321, 47, 16, 5, 0, '2023-08-26 22:39:30.000', 4),
(322, 47, 31, 16, 0, '2023-08-26 22:40:05.000', 5),
(323, 47, 6, 6, 0, '2023-08-26 22:40:37.000', 6),
(324, 47, 4, 3, 0, '2023-08-26 22:37:44.000', 7),
(325, 47, 17, 16, 0, '2023-08-26 22:40:50.000', 11),
(326, 48, 4, 2, 0, '2023-08-27 13:22:26.000', 1),
(327, 48, 4, 4, 0, '2023-08-27 13:22:44.000', 2),
(328, 48, 24, 16, 0, '2023-08-27 13:22:42.000', 3),
(329, 48, 12, 8, 0, '2023-08-27 13:22:51.000', 4),
(330, 48, 20, 11, 0, '2023-08-27 13:22:49.000', 5),
(331, 48, 5, 4, 0, '2023-08-27 12:52:53.000', 6),
(332, 48, 1, 1, 0, '2023-08-27 12:53:11.000', 7),
(333, 48, 3, 2, 0, '2023-08-27 12:53:13.000', 8),
(334, 48, 5, 0, 0, '2023-08-27 13:22:29.000', 9),
(335, 48, 2, 2, 0, '2023-08-27 13:22:11.000', 10),
(336, 48, 11, 5, 0, '2023-08-27 12:53:00.000', 12),
(337, 49, 1, 1, 0, '2023-08-27 00:20:06.000', 1),
(338, 49, 6, 6, 0, '2023-08-27 00:20:24.000', 2),
(339, 49, 3, 3, 0, '2023-08-27 00:20:34.000', 3),
(340, 49, 4, 4, 0, '2023-08-27 00:20:48.000', 4),
(341, 49, 19, 18, 0, '2023-08-27 00:21:15.000', 5),
(342, 49, 1, 1, 0, '2023-08-27 00:21:26.000', 11),
(343, 50, 4, 4, 0, '2023-08-27 00:51:08.000', 1),
(344, 50, 4, 3, 0, '2023-08-27 00:51:23.000', 2),
(345, 50, 36, 17, 0, '2023-08-27 00:51:53.000', 3),
(346, 50, 22, 7, 0, '2023-08-27 00:52:15.000', 4),
(347, 50, 80, 12, 0, '2023-08-27 00:52:47.000', 5),
(348, 50, 6, 6, 0, '2023-08-27 00:53:05.000', 7),
(349, 50, 10, 2, 0, '2023-08-27 00:53:21.000', 9),
(350, 50, 2, 2, 0, '2023-08-27 00:54:12.000', 10),
(351, 50, 4, 4, 0, '2023-08-27 00:54:57.000', 12),
(352, 51, 8, 8, 0, '2023-08-26 23:04:50.000', 2),
(353, 51, 7, 5, 0, '2023-08-26 23:05:02.000', 3),
(354, 51, 2, 2, 0, '2023-08-26 23:05:15.000', 4),
(355, 51, 10, 6, 0, '2023-08-26 23:05:41.000', 5),
(356, 51, 2, 2, 0, '2023-08-26 23:05:49.000', 7),
(357, 51, 2, 2, 0, '2023-08-26 23:05:57.000', 9),
(358, 51, 6, 6, 0, '2023-08-26 23:06:04.000', 11),
(359, 51, 4, 4, 0, '2023-08-26 23:06:18.000', 12),
(360, 52, 4, 0, 0, '2023-08-27 01:46:51.000', 3),
(361, 52, 4, 3, 0, '2023-08-27 01:47:47.000', 4),
(362, 52, 50, 33, 0, '2023-08-27 01:49:47.000', 5),
(363, 52, 6, 3, 0, '2023-08-27 01:48:55.000', 6),
(364, 52, 12, 4, 0, '2023-08-27 01:51:21.000', 11),
(365, 52, 5, 4, 0, '2023-08-27 01:50:15.000', 12),
(366, 53, 2, 1, 0, '2023-08-26 21:51:37.000', 1),
(367, 53, 5, 3, 0, '2023-08-26 21:52:07.000', 2),
(368, 53, 15, 4, 0, '2023-08-26 21:54:40.000', 3),
(369, 53, 22, 4, 0, '2023-08-26 21:56:37.000', 4),
(370, 53, 21, 5, 0, '2023-08-26 21:57:47.000', 5),
(371, 53, 1, 1, 0, '2023-08-26 21:57:54.000', 7),
(372, 53, 3, 3, 0, '2023-08-26 21:58:03.000', 11),
(373, 53, 14, 1, 0, '2023-08-26 21:58:16.000', 12),
(374, 54, 19, 14, 0, '2023-08-26 22:46:07.000', 5),
(375, 54, 2, 2, 0, '2023-08-26 22:46:16.000', 7),
(376, 55, 5, 5, 0, '2023-08-27 13:21:20.000', 1),
(377, 55, 18, 5, 0, '2023-08-27 13:21:29.000', 2),
(378, 55, 100, 47, 0, '2023-08-27 13:21:48.000', 3),
(379, 55, 120, 63, 0, '2023-08-27 13:21:58.000', 4),
(380, 55, 277, 42, 0, '2023-08-27 13:22:08.000', 5),
(381, 55, 8, 3, 0, '2023-08-27 13:22:08.000', 6),
(382, 55, 31, 24, 0, '2023-08-27 13:22:09.000', 7),
(383, 55, 6, 5, 0, '2023-08-27 13:22:09.000', 8),
(384, 55, 15, 6, 0, '2023-08-27 13:21:21.000', 9),
(385, 55, 3, 3, 0, '2023-08-27 13:21:24.000', 10),
(386, 55, 5, 5, 0, '2023-08-27 13:21:28.000', 11),
(387, 56, 3, 3, 0, '2023-08-27 00:11:56.000', 1),
(388, 56, 10, 7, 0, '2023-08-27 00:14:53.000', 3),
(389, 56, 37, 32, 0, '2023-08-27 00:16:41.000', 4),
(390, 56, 78, 47, 0, '2023-08-27 00:20:01.000', 5),
(391, 56, 6, 0, 0, '2023-08-27 00:20:11.000', 6),
(392, 56, 5, 0, 0, '2023-08-27 00:20:22.000', 7),
(393, 56, 4, 2, 0, '2023-08-27 00:20:35.000', 8),
(394, 56, 12, 10, 0, '2023-08-27 00:20:49.000', 9),
(395, 56, 4, 2, 0, '2023-08-27 00:21:00.000', 10),
(396, 56, 6, 6, 0, '2023-08-27 00:21:09.000', 12),
(397, 57, 4, 3, 0, '2023-08-27 13:23:07.000', 1),
(398, 57, 3, 2, 0, '2023-08-27 13:22:35.000', 2),
(399, 57, 32, 22, 0, '2023-08-27 13:22:38.000', 3),
(400, 57, 30, 24, 0, '2023-08-27 13:22:41.000', 4),
(401, 57, 64, 47, 0, '2023-08-27 13:22:43.000', 5),
(402, 57, 5, 3, 0, '2023-08-27 13:22:43.000', 6),
(403, 57, 3, 3, 0, '2023-08-27 13:22:44.000', 7),
(404, 57, 6, 0, 0, '2023-08-27 13:23:07.000', 9),
(405, 57, 1, 1, 0, '2023-08-27 13:23:08.000', 10),
(406, 57, 26, 23, 0, '2023-08-27 13:22:34.000', 12),
(407, 58, 33, 16, 0, '2023-08-27 00:40:29.000', 1),
(408, 58, 8, 4, 0, '2023-08-27 00:41:07.000', 2),
(409, 58, 88, 29, 0, '2023-08-27 00:42:05.000', 3),
(410, 58, 19, 1, 0, '2023-08-27 00:43:16.000', 4),
(411, 58, 38, 17, 0, '2023-08-27 00:44:22.000', 5),
(412, 58, 10, 5, 0, '2023-08-27 00:44:56.000', 6),
(413, 58, 4, 1, 0, '2023-08-27 00:45:09.000', 8),
(414, 58, 5, 5, 0, '2023-08-27 00:45:43.000', 9),
(415, 58, 2, 2, 0, '2023-08-27 00:45:47.000', 10),
(416, 58, 7, 4, 0, '2023-08-27 00:46:14.000', 12),
(417, 59, 2, 2, 0, '2023-08-24 09:18:25.000', 1),
(418, 59, 6, 2, 0, '2023-08-26 11:07:20.000', 2),
(419, 59, 29, 20, 0, '2023-08-27 12:21:50.000', 3),
(420, 59, 22, 20, 0, '2023-08-27 12:17:18.000', 4),
(421, 59, 35, 17, 0, '2023-08-27 12:17:55.000', 5),
(422, 59, 5, 1, 0, '2023-08-27 07:11:05.000', 6),
(423, 59, 4, 4, 0, '2023-08-25 06:56:45.000', 9),
(424, 59, 2, 2, 0, '2023-08-24 09:18:59.000', 10),
(425, 59, 10, 9, 0, '2023-08-27 06:44:26.000', 11),
(426, 60, 3, 1, 0, '2023-08-27 13:18:41.000', 2),
(427, 60, 12, 7, 0, '2023-08-27 13:18:42.000', 3),
(428, 60, 14, 11, 0, '2023-08-27 13:18:43.000', 4),
(429, 60, 35, 15, 0, '2023-08-27 13:18:44.000', 5),
(430, 60, 8, 8, 0, '2023-08-27 13:18:44.000', 6),
(431, 60, 2, 1, 0, '2023-08-27 13:18:41.000', 9),
(432, 60, 1, 0, 0, '2023-08-27 13:18:41.000', 10),
(433, 60, 1, 0, 0, '2023-08-27 13:18:41.000', 11),
(434, 60, 6, 5, 0, '2023-08-27 13:18:41.000', 12),
(435, 61, 17, 14, 0, '2023-08-27 04:55:17.000', 2),
(436, 61, 14, 9, 0, '2023-08-27 04:55:47.000', 3),
(437, 61, 16, 12, 0, '2023-08-27 04:56:38.000', 4),
(438, 61, 37, 28, 0, '2023-08-27 04:57:34.000', 5),
(439, 61, 6, 4, 0, '2023-08-27 04:58:33.000', 6),
(440, 61, 3, 3, 0, '2023-08-27 04:59:48.000', 9),
(441, 61, 1, 1, 0, '2023-08-26 17:00:02.000', 10),
(442, 61, 2, 1, 0, '2023-08-26 17:01:02.000', 12),
(443, 62, 3, 3, 0, '2023-08-27 13:20:42.000', 1),
(444, 62, 6, 1, 0, '2023-08-27 11:07:28.000', 2),
(445, 62, 14, 3, 0, '2023-08-27 11:02:35.000', 3),
(446, 62, 14, 5, 0, '2023-08-27 11:03:01.000', 4),
(447, 62, 35, 16, 0, '2023-08-27 11:06:23.000', 5),
(448, 62, 8, 5, 0, '2023-08-27 11:19:13.000', 6),
(449, 63, 66, 39, 0, '2023-08-27 13:20:49.000', 5),
(450, 63, 6, 4, 0, '2023-08-27 13:20:50.000', 6),
(451, 63, 3, 3, 0, '2023-08-27 13:20:50.000', 9),
(452, 63, 1, 1, 0, '2023-08-27 13:20:50.000', 10),
(453, 63, 15, 12, 0, '2023-08-27 13:20:50.000', 12),
(454, 64, 39, 20, 0, '2023-08-26 23:11:00.000', 5),
(455, 64, 2, 1, 0, '2023-08-26 23:11:07.000', 7),
(456, 64, 11, 8, 0, '2023-08-26 23:11:45.000', 11),
(457, 64, 2, 2, 0, '2023-08-26 23:11:50.000', 12),
(458, 65, 33, 15, 0, '2023-08-27 13:20:01.000', 5),
(459, 65, 3, 3, 0, '2023-08-27 13:20:01.000', 6),
(460, 65, 1, 1, 0, '2023-08-27 13:20:01.000', 9),
(461, 65, 1, 0, 0, '2023-08-27 13:20:00.000', 10),
(462, 65, 4, 4, 0, '2023-08-27 13:20:00.000', 12),
(463, 66, 39, 17, 0, '2023-08-27 13:23:18.000', 5),
(464, 66, 5, 5, 0, '2023-08-27 13:23:18.000', 12),
(465, 67, 35, 26, 0, '2023-08-27 13:19:50.000', 5),
(466, 67, 3, 3, 0, '2023-08-26 23:51:34.000', 6),
(467, 67, 4, 4, 0, '2023-08-27 13:19:51.000', 7),
(468, 67, 3, 2, 0, '2023-08-27 13:19:51.000', 11),
(469, 67, 6, 6, 0, '2023-08-27 13:19:50.000', 12),
(470, 68, 17, 15, 0, '2023-08-26 17:00:01.000', 2),
(471, 68, 145, 50, 0, '2023-08-26 17:00:01.000', 3),
(472, 68, 34, 14, 0, '2023-08-26 17:00:02.000', 4),
(473, 68, 186, 56, 0, '2023-08-26 17:00:02.000', 5),
(474, 68, 33, 6, 0, '2023-08-26 17:00:02.000', 6),
(475, 68, 8, 0, 0, '2023-08-26 17:00:02.000', 9),
(476, 68, 23, 15, 0, '2023-08-26 17:00:02.000', 11),
(477, 69, 2, 1, 0, '2023-08-27 13:15:33.000', 1),
(478, 69, 39, 15, 0, '2023-08-27 13:15:34.000', 3),
(479, 69, 35, 18, 0, '2023-08-27 13:15:34.000', 4),
(480, 69, 145, 49, 0, '2023-08-27 13:15:35.000', 5),
(481, 69, 11, 7, 0, '2023-08-27 13:15:35.000', 6),
(482, 69, 5, 4, 0, '2023-08-27 13:15:36.000', 7),
(483, 69, 6, 2, 0, '2023-08-27 13:15:36.000', 8),
(484, 69, 33, 15, 0, '2023-08-27 13:15:36.000', 9),
(485, 69, 7, 1, 0, '2023-08-27 13:15:36.000', 10),
(486, 69, 17, 9, 0, '2023-08-27 13:15:37.000', 11),
(487, 70, 8, 1, 0, '2023-08-26 22:22:08.000', 1),
(488, 70, 19, 3, 0, '2023-08-26 22:31:01.000', 2),
(489, 70, 100, 25, 0, '2023-08-26 22:35:59.000', 3),
(490, 70, 30, 5, 0, '2023-08-26 22:32:38.000', 4),
(491, 70, 8, 0, 0, '2023-08-26 22:33:05.000', 5),
(492, 70, 21, 5, 0, '2023-08-26 22:33:38.000', 6),
(493, 70, 12, 8, 0, '2023-08-26 22:33:58.000', 9),
(494, 70, 7, 3, 0, '2023-08-26 22:34:33.000', 10),
(495, 70, 20, 4, 0, '2023-08-26 22:35:24.000', 11),
(496, 70, 10, 1, 0, '2023-08-26 22:35:46.000', 12),
(497, 71, 14, 9, 0, '2023-08-26 18:27:41.000', 2),
(498, 71, 52, 19, 0, '2023-08-26 18:28:30.000', 3),
(499, 71, 34, 22, 0, '2023-08-26 18:29:28.000', 4),
(500, 71, 32, 25, 0, '2023-08-26 18:30:01.000', 5),
(501, 71, 6, 4, 0, '2023-08-26 18:30:09.000', 6),
(502, 71, 4, 4, 0, '2023-08-26 18:30:16.000', 9),
(503, 71, 3, 3, 0, '2023-08-26 18:30:30.000', 10),
(504, 71, 32, 29, 0, '2023-08-26 18:31:05.000', 11),
(505, 71, 6, 5, 0, '2023-08-26 18:31:13.000', 12),
(506, 72, 7, 7, 0, '2023-08-27 13:22:51.000', 1),
(507, 72, 16, 6, 0, '2023-08-27 13:22:52.000', 2),
(508, 72, 65, 14, 0, '2023-08-27 13:22:52.000', 3),
(509, 72, 22, 10, 0, '2023-08-27 13:22:52.000', 4),
(510, 72, 105, 49, 0, '2023-08-27 13:22:53.000', 5),
(511, 72, 12, 2, 0, '2023-08-27 13:22:53.000', 6),
(512, 72, 18, 8, 0, '2023-08-27 13:22:53.000', 7),
(513, 72, 4, 2, 0, '2023-08-27 13:22:54.000', 11),
(514, 73, 1, 0, 0, '2023-08-27 13:23:22.000', 1),
(515, 73, 4, 0, 0, '2023-08-27 13:23:12.000', 2),
(516, 73, 2, 1, 0, '2023-08-27 13:23:12.000', 3),
(517, 73, 1, 0, 0, '2023-08-27 13:23:12.000', 4),
(518, 73, 6, 5, 0, '2023-08-27 13:23:22.000', 5),
(519, 73, 1, 1, 0, '2023-08-27 13:23:32.000', 9),
(520, 73, 2, 1, 0, '2023-08-27 13:23:32.000', 12),
(521, 75, 26, 17, 0, '2023-08-27 13:00:14.000', 1),
(522, 75, 75, 26, 0, '2023-08-27 13:00:15.000', 2),
(523, 75, 86, 3, 0, '2023-08-27 13:00:15.000', 3),
(524, 75, 40, 27, 0, '2023-08-27 13:00:16.000', 4),
(525, 75, 384, 0, 0, '2023-08-27 13:00:16.000', 5),
(526, 75, 37, 7, 0, '2023-08-27 13:00:17.000', 6),
(527, 75, 60, 5, 0, '2023-08-27 13:00:17.000', 7),
(528, 75, 18, 6, 0, '2023-08-27 13:00:18.000', 8),
(529, 75, 26, 3, 0, '2023-08-27 13:00:19.000', 9),
(530, 75, 12, 0, 0, '2023-08-27 13:00:19.000', 10),
(531, 75, 7, 0, 0, '2023-08-27 13:00:20.000', 11),
(532, 76, 2, 2, 0, '2023-08-26 22:20:49.000', 1),
(533, 76, 26, 19, 0, '2023-08-26 22:21:27.000', 2),
(534, 76, 45, 32, 0, '2023-08-26 22:21:53.000', 3),
(535, 76, 62, 55, 0, '2023-08-26 22:22:08.000', 4),
(536, 76, 47, 38, 0, '2023-08-26 22:22:32.000', 5),
(537, 76, 10, 8, 0, '2023-08-26 22:22:51.000', 6),
(538, 76, 4, 4, 0, '2023-08-26 22:23:01.000', 7),
(539, 76, 2, 2, 0, '2023-08-26 22:23:44.000', 9),
(540, 76, 2, 2, 0, '2023-08-26 22:23:55.000', 10),
(541, 76, 4, 3, 0, '2023-08-26 22:24:11.000', 12),
(542, 77, 1, 1, 0, '2023-08-26 17:23:10.000', 1),
(543, 77, 15, 14, 0, '2023-08-26 17:23:36.000', 2),
(544, 77, 12, 5, 0, '2023-08-26 17:24:02.000', 3),
(545, 77, 31, 28, 0, '2023-08-26 17:24:43.000', 4),
(546, 77, 20, 9, 0, '2023-08-26 17:25:48.000', 5),
(547, 77, 6, 6, 0, '2023-08-26 17:25:59.000', 6),
(548, 77, 2, 2, 0, '2023-08-26 17:26:14.000', 9),
(549, 77, 2, 2, 0, '2023-08-26 17:26:30.000', 10),
(550, 77, 10, 10, 0, '2023-08-26 17:27:04.000', 11),
(551, 77, 5, 5, 0, '2023-08-26 17:27:31.000', 12),
(552, 78, 2, 2, 0, '2023-08-26 18:22:08.000', 1),
(553, 78, 2, 2, 0, '2023-08-26 18:22:26.000', 2),
(554, 78, 10, 0, 0, '2023-08-26 18:22:41.000', 3),
(555, 78, 12, 6, 0, '2023-08-26 18:22:52.000', 4),
(556, 78, 50, 45, 0, '2023-08-26 18:23:10.000', 5),
(557, 78, 6, 2, 0, '2023-08-26 18:23:26.000', 6),
(558, 78, 2, 2, 0, '2023-08-26 18:23:34.000', 9),
(559, 78, 2, 2, 0, '2023-08-26 18:23:41.000', 10),
(560, 78, 10, 10, 0, '2023-08-26 18:23:48.000', 11),
(561, 78, 4, 3, 0, '2023-08-26 18:24:00.000', 12),
(562, 79, 16, 8, 0, '2023-08-27 00:17:35.000', 3),
(563, 79, 15, 14, 0, '2023-08-27 00:16:09.000', 4),
(564, 79, 32, 20, 0, '2023-08-27 00:15:08.000', 5),
(565, 79, 6, 6, 0, '2023-08-27 00:13:06.000', 6),
(566, 79, 2, 2, 0, '2023-08-27 00:12:40.000', 9),
(567, 79, 2, 2, 0, '2023-08-27 00:11:46.000', 10),
(568, 79, 2, 0, 0, '2023-08-27 00:11:36.000', 11),
(569, 79, 12, 10, 0, '2023-08-27 00:11:14.000', 12),
(570, 80, 66, 51, 0, '2023-08-27 13:23:05.000', 5),
(571, 81, 11, 5, 0, '2023-08-27 13:23:03.000', 5),
(572, 81, 2, 2, 0, '2023-08-27 13:23:01.000', 11),
(573, 82, 2, 2, 0, '2023-08-27 13:20:55.000', 1),
(574, 82, 17, 9, 0, '2023-08-27 13:20:56.000', 2),
(575, 82, 91, 16, 0, '2023-08-27 13:20:54.000', 3),
(576, 82, 48, 12, 0, '2023-08-27 13:20:54.000', 4),
(577, 82, 150, 15, 0, '2023-08-27 13:20:55.000', 5),
(578, 83, 3, 0, 0, '2023-08-27 13:00:09.000', 2),
(579, 83, 28, 1, 0, '2023-08-27 13:00:15.000', 3),
(580, 83, 9, 0, 0, '2023-08-27 13:00:20.000', 4),
(581, 83, 27, 7, 0, '2023-08-27 13:00:26.000', 5),
(582, 83, 16, 0, 0, '2023-08-27 13:00:28.000', 6),
(583, 83, 6, 1, 0, '2023-08-27 13:00:30.000', 7),
(584, 83, 14, 0, 0, '2023-08-27 13:00:32.000', 9),
(585, 84, 14, 11, 0, '2023-08-27 13:22:02.000', 1),
(586, 84, 10, 2, 0, '2023-08-27 13:22:02.000', 2),
(587, 84, 59, 19, 0, '2023-08-27 13:22:02.000', 3),
(588, 84, 52, 20, 0, '2023-08-27 13:22:02.000', 4),
(589, 84, 56, 7, 0, '2023-08-27 13:22:03.000', 5),
(590, 84, 51, 26, 0, '2023-08-27 13:22:02.000', 6),
(591, 84, 101, 21, 0, '2023-08-27 13:22:02.000', 7),
(592, 84, 24, 6, 0, '2023-08-27 13:22:02.000', 8),
(593, 85, 7, 5, 0, '2023-08-26 23:48:18.000', 2),
(594, 85, 22, 6, 0, '2023-08-26 23:48:57.000', 3),
(595, 85, 7, 1, 0, '2023-08-26 23:49:07.000', 6),
(596, 85, 6, 4, 0, '2023-08-26 23:49:20.000', 8),
(597, 85, 7, 7, 0, '2023-08-26 23:49:39.000', 11),
(598, 86, 38, 24, 0, '2023-08-27 13:23:57.000', 5),
(599, 86, 2, 1, 0, '2023-08-27 13:23:56.000', 6),
(600, 86, 2, 2, 0, '2023-08-27 13:23:56.000', 11),
(601, 86, 3, 2, 0, '2023-08-27 13:23:56.000', 12),
(602, 87, 20, 4, 0, '2023-08-27 13:03:31.000', 3),
(603, 87, 45, 24, 0, '2023-08-27 13:03:25.000', 4),
(604, 87, 66, 27, 0, '2023-08-27 13:03:19.000', 5),
(605, 87, 15, 11, 0, '2023-08-27 13:03:48.000', 6),
(606, 87, 3, 1, 0, '2023-08-27 13:03:37.000', 11),
(607, 87, 7, 5, 0, '2023-08-27 13:03:43.000', 12),
(608, 88, 32, 0, 0, '2023-08-27 13:23:41.000', 3),
(609, 88, 62, 18, 0, '2023-08-27 13:23:44.000', 4),
(610, 88, 193, 54, 0, '2023-08-27 13:23:46.000', 5),
(611, 88, 6, 5, 0, '2023-08-27 13:23:47.000', 6),
(612, 88, 4, 1, 0, '2023-08-27 13:23:47.000', 7),
(613, 88, 5, 2, 0, '2023-08-27 13:23:37.000', 9),
(614, 88, 3, 2, 0, '2023-08-27 13:23:37.000', 10),
(615, 88, 21, 10, 0, '2023-08-27 13:23:38.000', 11),
(616, 88, 23, 19, 0, '2023-08-27 13:23:38.000', 12),
(617, 89, 2, 2, 0, '2023-08-27 02:44:28.000', 1),
(618, 89, 3, 1, 0, '2023-08-27 02:44:44.000', 2),
(619, 89, 16, 5, 0, '2023-08-27 02:45:04.000', 3),
(620, 89, 16, 11, 0, '2023-08-27 02:45:28.000', 4),
(621, 89, 25, 10, 0, '2023-08-27 02:45:43.000', 5),
(622, 89, 1, 1, 0, '2023-08-27 02:45:58.000', 7),
(623, 90, 4, 3, 0, '2023-08-27 09:57:55.000', 2),
(624, 90, 26, 15, 0, '2023-08-27 09:57:58.000', 3),
(625, 90, 16, 9, 0, '2023-08-27 09:57:59.000', 4),
(626, 90, 12, 6, 0, '2023-08-27 09:58:00.000', 5),
(627, 90, 1, 1, 0, '2023-08-27 09:58:00.000', 7),
(628, 90, 5, 5, 0, '2023-08-27 09:58:01.000', 8),
(629, 90, 4, 4, 0, '2023-08-27 09:57:54.000', 9),
(630, 91, 2, 2, 0, '2023-08-26 23:38:37.000', 1),
(631, 91, 5, 4, 0, '2023-08-26 23:40:56.000', 2),
(632, 91, 16, 9, 0, '2023-08-26 23:42:15.000', 3),
(633, 91, 16, 10, 0, '2023-08-26 23:42:05.000', 4),
(634, 91, 42, 27, 0, '2023-08-26 23:41:53.000', 5),
(635, 91, 6, 3, 0, '2023-08-26 23:34:50.000', 6),
(636, 91, 4, 3, 0, '2023-08-26 23:39:30.000', 9),
(637, 91, 8, 8, 0, '2023-08-26 23:37:09.000', 11),
(638, 91, 5, 2, 0, '2023-08-26 23:40:29.000', 12),
(639, 92, 5, 1, 0, '2023-08-27 13:00:07.000', 2),
(640, 92, 16, 2, 0, '2023-08-27 13:00:08.000', 3),
(641, 92, 76, 42, 0, '2023-08-27 13:00:08.000', 4),
(642, 92, 131, 14, 0, '2023-08-27 13:00:08.000', 5),
(643, 92, 13, 2, 0, '2023-08-27 13:00:03.000', 6),
(644, 92, 6, 2, 0, '2023-08-27 13:00:02.000', 7),
(645, 92, 6, 1, 0, '2023-08-27 13:00:08.000', 9),
(646, 92, 4, 1, 0, '2023-08-27 13:00:08.000', 10),
(647, 92, 12, 6, 0, '2023-08-27 13:00:09.000', 12),
(648, 93, 3, 2, 0, '2023-08-27 13:23:04.000', 1),
(649, 93, 6, 4, 0, '2023-08-27 13:23:05.000', 2),
(650, 93, 18, 1, 0, '2023-08-27 13:23:07.000', 5),
(651, 93, 4, 2, 0, '2023-08-27 13:23:04.000', 11),
(652, 94, 46, 10, 0, '2023-08-27 13:23:36.000', 3),
(653, 94, 32, 8, 0, '2023-08-27 13:23:41.000', 4),
(654, 94, 265, 40, 0, '2023-08-27 13:23:46.000', 5),
(655, 94, 25, 0, 0, '2023-08-27 13:23:46.000', 6),
(656, 94, 7, 5, 0, '2023-08-27 13:23:46.000', 7),
(657, 94, 12, 4, 0, '2023-08-27 13:24:10.000', 9),
(658, 94, 7, 3, 0, '2023-08-27 13:24:10.000', 11),
(659, 95, 6, 4, 0, '2023-08-27 13:23:56.000', 2),
(660, 95, 14, 6, 0, '2023-08-27 13:23:58.000', 3),
(661, 95, 45, 27, 0, '2023-08-27 13:24:01.000', 4),
(662, 95, 93, 26, 0, '2023-08-27 13:24:02.000', 5),
(663, 95, 2, 1, 0, '2023-08-27 13:24:02.000', 6),
(664, 95, 3, 3, 0, '2023-08-27 13:24:03.000', 7),
(665, 95, 1, 0, 0, '2023-08-27 13:23:55.000', 9),
(666, 95, 1, 1, 0, '2023-08-27 13:23:55.000', 10),
(667, 96, 6, 0, 0, '2023-08-27 13:20:14.000', 2),
(668, 96, 64, 25, 0, '2023-08-27 13:20:16.000', 3),
(669, 96, 87, 21, 0, '2023-08-27 13:20:16.000', 4),
(670, 96, 425, 55, 0, '2023-08-27 13:20:17.000', 5),
(671, 96, 15, 0, 0, '2023-08-27 13:20:10.000', 6),
(672, 97, 4, 4, 0, '2023-08-27 13:22:01.000', 3),
(673, 97, 12, 9, 0, '2023-08-27 13:22:05.000', 4),
(674, 97, 20, 4, 0, '2023-08-27 13:22:05.000', 5),
(675, 97, 2, 1, 0, '2023-08-27 13:22:03.000', 6),
(676, 97, 2, 2, 0, '2023-08-27 13:22:03.000', 11),
(677, 97, 7, 7, 0, '2023-08-27 13:22:02.000', 12),
(678, 98, 4, 4, 0, '2023-08-27 00:26:45.000', 1),
(679, 98, 4, 3, 0, '2023-08-27 01:40:23.000', 2),
(680, 98, 36, 30, 0, '2023-08-27 01:41:44.000', 3),
(681, 98, 31, 30, 0, '2023-08-27 00:27:35.000', 4),
(682, 98, 22, 19, 0, '2023-08-27 00:27:49.000', 5),
(683, 98, 5, 5, 0, '2023-08-27 00:28:29.000', 6),
(684, 98, 6, 6, 0, '2023-08-27 00:28:24.000', 9),
(685, 98, 6, 6, 0, '2023-08-27 00:27:54.000', 11),
(686, 98, 6, 6, 0, '2023-08-27 00:27:57.000', 12),
(687, 99, 1, 0, 0, '2023-08-26 19:08:13.000', 1),
(688, 99, 7, 0, 0, '2023-08-26 19:10:19.000', 2),
(689, 99, 16, 0, 0, '2023-08-26 19:13:06.000', 3),
(690, 99, 22, 2, 0, '2023-08-26 19:17:04.000', 4),
(691, 99, 32, 0, 0, '2023-08-26 19:19:34.000', 5),
(692, 99, 1, 0, 0, '2023-08-26 19:21:08.000', 6),
(693, 99, 2, 1, 0, '2023-08-26 19:21:26.000', 7),
(694, 99, 8, 5, 0, '2023-08-26 19:22:20.000', 11),
(695, 100, 2, 1, 0, '2023-08-26 17:16:55.000', 1),
(696, 100, 10, 6, 0, '2023-08-26 17:17:03.000', 2),
(697, 100, 4, 1, 0, '2023-08-26 17:17:14.000', 3),
(698, 100, 6, 5, 0, '2023-08-26 17:17:22.000', 4),
(699, 100, 8, 8, 0, '2023-08-26 17:17:32.000', 5),
(700, 100, 2, 2, 0, '2023-08-26 17:17:40.000', 6),
(701, 100, 1, 1, 0, '2023-08-26 17:17:47.000', 7),
(702, 100, 3, 3, 0, '2023-08-26 17:17:54.000', 11),
(703, 101, 17, 12, 0, '2023-08-26 21:00:08.000', 2),
(704, 101, 12, 6, 0, '2023-08-26 21:00:09.000', 3),
(705, 101, 21, 10, 0, '2023-08-26 21:00:09.000', 4),
(706, 101, 38, 14, 0, '2023-08-26 21:00:10.000', 5),
(707, 101, 2, 2, 0, '2023-08-26 21:00:08.000', 6),
(708, 101, 5, 5, 0, '2023-08-26 21:00:09.000', 7),
(709, 101, 10, 6, 0, '2023-08-26 21:00:10.000', 11),
(710, 102, 4, 4, 0, '2023-08-27 04:05:54.000', 1),
(711, 102, 12, 7, 0, '2023-08-27 04:06:21.000', 2),
(712, 102, 39, 16, 0, '2023-08-27 04:07:38.000', 3),
(713, 102, 39, 18, 0, '2023-08-27 04:08:34.000', 4),
(714, 102, 57, 12, 0, '2023-08-27 04:09:11.000', 5),
(715, 102, 2, 1, 0, '2023-08-27 04:09:15.000', 6),
(716, 102, 6, 6, 0, '2023-08-27 04:09:32.000', 11),
(717, 102, 6, 2, 0, '2023-08-27 04:10:10.000', 12),
(718, 103, 1, 1, 0, '2023-08-26 21:35:02.000', 2),
(719, 103, 14, 13, 0, '2023-08-26 21:36:34.000', 3),
(720, 103, 28, 23, 0, '2023-08-26 21:36:54.000', 4),
(721, 103, 52, 19, 0, '2023-08-26 21:37:47.000', 5),
(722, 103, 9, 4, 0, '2023-08-26 21:35:50.000', 6),
(723, 103, 4, 4, 0, '2023-08-26 21:35:35.000', 11),
(724, 103, 26, 22, 0, '2023-08-26 21:35:22.000', 12),
(725, 104, 2, 0, 0, '2023-08-27 13:24:00.000', 2),
(726, 104, 10, 6, 0, '2023-08-27 13:24:00.000', 3),
(727, 104, 12, 9, 0, '2023-08-27 13:24:00.000', 4),
(728, 104, 24, 12, 0, '2023-08-27 13:24:00.000', 5),
(729, 104, 7, 3, 0, '2023-08-27 13:24:00.000', 8),
(730, 105, 5, 5, 0, '2023-08-27 12:51:29.000', 2),
(731, 105, 24, 7, 0, '2023-08-27 12:51:36.000', 3),
(732, 105, 34, 20, 0, '2023-08-27 12:51:26.000', 4),
(733, 105, 179, 85, 0, '2023-08-27 12:51:37.000', 5),
(734, 105, 5, 5, 0, '2023-08-27 12:51:30.000', 11),
(735, 106, 2, 2, 0, '2023-08-26 20:15:43.000', 1),
(736, 106, 12, 8, 0, '2023-08-26 20:15:51.000', 2),
(737, 106, 26, 9, 0, '2023-08-26 20:15:57.000', 3),
(738, 106, 20, 7, 0, '2023-08-26 20:16:06.000', 4),
(739, 106, 20, 0, 0, '2023-08-26 20:16:14.000', 5),
(740, 106, 6, 4, 0, '2023-08-26 20:16:21.000', 6),
(741, 106, 2, 2, 0, '2023-08-26 20:16:26.000', 9),
(742, 106, 2, 1, 0, '2023-08-26 20:16:30.000', 11),
(743, 106, 2, 0, 0, '2023-08-26 20:16:37.000', 12),
(744, 107, 6, 3, 0, '2023-08-27 13:15:05.000', 1),
(745, 107, 34, 20, 0, '2023-08-27 13:15:26.000', 2),
(746, 107, 108, 55, 0, '2023-08-27 13:15:52.000', 3),
(747, 107, 93, 15, 0, '2023-08-27 13:16:13.000', 4),
(748, 107, 209, 9, 0, '2023-08-27 13:16:39.000', 5),
(749, 107, 13, 0, 0, '2023-08-27 13:16:40.000', 6),
(750, 107, 15, 0, 0, '2023-08-27 13:16:41.000', 9),
(751, 107, 5, 0, 0, '2023-08-27 13:16:43.000', 10),
(752, 107, 39, 17, 0, '2023-08-27 13:17:03.000', 11),
(753, 107, 3, 0, 0, '2023-08-27 13:17:03.000', 12),
(754, 108, 2, 2, 0, '2023-08-27 12:01:02.000', 2),
(755, 108, 5, 3, 0, '2023-08-27 12:01:04.000', 3),
(756, 108, 12, 11, 0, '2023-08-27 12:01:06.000', 4),
(757, 108, 36, 15, 0, '2023-08-27 12:01:12.000', 5),
(758, 108, 4, 0, 0, '2023-08-27 12:01:00.000', 6),
(759, 108, 8, 4, 0, '2023-08-27 12:01:02.000', 8),
(760, 109, 2, 1, 0, '2023-08-27 13:24:05.000', 1),
(761, 109, 10, 6, 0, '2023-08-27 13:24:04.000', 2),
(762, 109, 26, 2, 0, '2023-08-27 13:24:04.000', 3),
(763, 109, 34, 18, 0, '2023-08-27 13:24:03.000', 4),
(764, 109, 125, 46, 0, '2023-08-27 13:24:02.000', 5),
(765, 109, 5, 0, 0, '2023-08-27 13:24:05.000', 6),
(766, 109, 5, 3, 0, '2023-08-27 13:24:05.000', 9),
(767, 109, 13, 9, 0, '2023-08-27 13:24:07.000', 11),
(768, 109, 7, 0, 0, '2023-08-27 13:24:03.000', 12),
(769, 110, 6, 4, 0, '2023-08-27 13:15:01.000', 3),
(770, 110, 6, 6, 0, '2023-08-27 13:15:01.000', 4),
(771, 110, 9, 8, 0, '2023-08-27 13:15:01.000', 5),
(772, 110, 2, 2, 0, '2023-08-27 13:15:01.000', 7),
(773, 110, 2, 2, 0, '2023-08-27 13:15:01.000', 11),
(774, 111, 5, 0, 0, '2023-08-27 13:00:03.000', 2),
(775, 111, 30, 2, 0, '2023-08-27 13:00:07.000', 3),
(776, 111, 48, 4, 0, '2023-08-27 13:00:12.000', 4),
(777, 111, 105, 10, 0, '2023-08-27 13:00:22.000', 5),
(778, 111, 5, 4, 0, '2023-08-27 13:00:22.000', 6),
(779, 111, 5, 4, 0, '2023-08-27 13:00:23.000', 9),
(780, 111, 1, 1, 0, '2023-08-27 13:00:23.000', 10),
(781, 111, 22, 5, 0, '2023-08-27 13:00:24.000', 11),
(782, 112, 4, 4, 0, '2023-08-26 22:39:22.000', 3),
(783, 112, 9, 9, 0, '2023-08-26 22:39:58.000', 4),
(784, 112, 31, 28, 0, '2023-08-26 22:41:02.000', 5),
(785, 113, 2, 2, 0, '2023-08-27 11:01:42.000', 3),
(786, 113, 5, 1, 0, '2023-08-27 11:01:42.000', 4),
(787, 113, 14, 2, 0, '2023-08-27 11:01:42.000', 5),
(788, 113, 6, 0, 0, '2023-08-27 11:01:42.000', 12),
(789, 114, 1, 0, 0, '2023-08-26 22:00:57.000', 1),
(790, 114, 4, 0, 0, '2023-08-26 22:01:39.000', 2),
(791, 114, 12, 2, 0, '2023-08-26 22:01:54.000', 3),
(792, 114, 29, 8, 0, '2023-08-26 22:06:03.000', 4),
(793, 114, 26, 5, 0, '2023-08-26 22:06:57.000', 5),
(794, 114, 1, 0, 0, '2023-08-26 22:07:07.000', 6),
(795, 114, 1, 0, 0, '2023-08-26 22:07:18.000', 7),
(796, 114, 1, 0, 0, '2023-08-26 22:07:26.000', 9),
(797, 114, 1, 0, 0, '2023-08-26 22:07:34.000', 10),
(798, 114, 4, 0, 0, '2023-08-26 22:07:49.000', 11),
(799, 115, 11, 11, 0, '2023-08-27 13:00:19.000', 1),
(800, 115, 6, 2, 0, '2023-08-27 13:00:19.000', 2),
(801, 115, 25, 10, 0, '2023-08-27 13:00:11.000', 3),
(802, 115, 60, 23, 0, '2023-08-27 13:00:16.000', 4),
(803, 115, 155, 50, 0, '2023-08-27 13:00:19.000', 5),
(804, 115, 8, 0, 0, '2023-08-27 13:00:14.000', 6),
(805, 115, 56, 16, 0, '2023-08-27 13:00:07.000', 7),
(806, 115, 4, 1, 0, '2023-08-27 13:00:07.000', 9),
(807, 115, 2, 0, 0, '2023-08-27 13:00:03.000', 10),
(808, 116, 8, 5, 0, '2023-08-27 13:21:09.000', 1),
(809, 116, 12, 3, 0, '2023-08-27 13:21:09.000', 2),
(810, 116, 40, 4, 0, '2023-08-27 13:21:09.000', 3),
(811, 116, 63, 11, 0, '2023-08-27 13:21:10.000', 4),
(812, 116, 24, 1, 0, '2023-08-27 13:21:10.000', 5),
(813, 116, 9, 6, 0, '2023-08-27 13:21:10.000', 6),
(814, 116, 5, 2, 0, '2023-08-27 13:21:10.000', 9),
(815, 116, 1, 1, 0, '2023-08-27 13:21:11.000', 10),
(816, 116, 3, 0, 0, '2023-08-27 13:21:11.000', 11),
(817, 116, 2, 1, 0, '2023-08-27 13:21:11.000', 12),
(818, 117, 2, 2, 0, '2023-08-27 04:37:16.000', 2),
(819, 117, 11, 0, 0, '2023-08-27 04:37:44.000', 3),
(820, 117, 7, 1, 0, '2023-08-27 04:38:48.000', 4),
(821, 117, 22, 6, 0, '2023-08-27 04:39:50.000', 5),
(822, 117, 1, 0, 0, '2023-08-27 04:39:56.000', 9),
(823, 117, 1, 0, 0, '2023-08-27 04:40:07.000', 10),
(824, 117, 6, 2, 0, '2023-08-27 04:40:23.000', 11),
(825, 117, 5, 3, 0, '2023-08-27 04:40:38.000', 12),
(826, 118, 15, 7, 0, '2023-08-27 13:24:48.000', 2),
(827, 118, 22, 1, 0, '2023-08-27 13:24:49.000', 3),
(828, 118, 41, 10, 0, '2023-08-27 13:24:52.000', 4),
(829, 118, 58, 3, 0, '2023-08-27 13:24:54.000', 5),
(830, 118, 6, 2, 0, '2023-08-27 13:24:55.000', 6),
(831, 118, 2, 2, 0, '2023-08-27 13:24:47.000', 9),
(832, 119, 1, 0, 0, '2023-08-24 02:17:27.000', 2),
(833, 119, 18, 2, 0, '2023-08-26 01:04:54.000', 3),
(834, 119, 32, 5, 0, '2023-08-27 01:47:47.000', 4),
(835, 119, 35, 1, 0, '2023-08-26 01:06:37.000', 5),
(836, 119, 5, 2, 0, '2023-08-25 23:33:18.000', 6),
(837, 119, 5, 1, 0, '2023-08-24 23:28:09.000', 11),
(838, 120, 5, 1, 0, '2023-08-26 22:04:42.000', 1),
(839, 120, 15, 2, 0, '2023-08-26 22:05:28.000', 2),
(840, 120, 38, 18, 0, '2023-08-26 22:05:51.000', 3),
(841, 120, 29, 8, 0, '2023-08-26 22:06:15.000', 4),
(842, 120, 69, 40, 0, '2023-08-26 22:06:30.000', 5),
(843, 120, 2, 0, 0, '2023-08-26 22:06:39.000', 6),
(844, 120, 2, 0, 0, '2023-08-26 22:06:44.000', 7),
(845, 120, 7, 4, 0, '2023-08-26 22:06:52.000', 9),
(846, 120, 13, 13, 0, '2023-08-26 22:06:56.000', 11),
(847, 121, 5, 5, 0, '2023-08-27 04:01:22.000', 2),
(848, 121, 24, 23, 0, '2023-08-27 04:01:32.000', 3),
(849, 121, 15, 15, 0, '2023-08-27 04:01:43.000', 4),
(850, 121, 20, 19, 0, '2023-08-27 04:01:52.000', 5),
(851, 121, 8, 7, 0, '2023-08-27 04:02:10.000', 6),
(852, 121, 2, 2, 0, '2023-08-27 04:02:19.000', 7),
(853, 121, 4, 4, 0, '2023-08-27 04:02:27.000', 9),
(854, 121, 4, 4, 0, '2023-08-27 04:02:50.000', 10),
(855, 121, 10, 10, 0, '2023-08-27 04:02:58.000', 11),
(856, 121, 10, 10, 0, '2023-08-27 04:03:43.000', 12),
(857, 122, 3, 3, 0, '2023-08-27 13:00:02.000', 1),
(858, 122, 24, 2, 0, '2023-08-27 13:00:09.000', 2),
(859, 122, 62, 0, 0, '2023-08-27 13:00:17.000', 3),
(860, 122, 4, 0, 0, '2023-08-27 13:00:18.000', 4),
(861, 122, 93, 5, 0, '2023-08-27 13:00:25.000', 5),
(862, 122, 7, 0, 0, '2023-08-27 13:00:26.000', 6),
(863, 122, 7, 5, 0, '2023-08-27 13:00:26.000', 9),
(864, 122, 2, 1, 0, '2023-08-27 13:00:26.000', 10),
(865, 122, 22, 5, 0, '2023-08-27 13:00:28.000', 11),
(866, 122, 3, 1, 0, '2023-08-27 13:00:29.000', 12),
(867, 123, 1, 0, 0, '2023-08-26 23:52:57.000', 2),
(868, 123, 4, 0, 0, '2023-08-26 23:54:47.000', 3),
(869, 123, 6, 3, 0, '2023-08-26 23:52:09.000', 4),
(870, 123, 20, 10, 0, '2023-08-26 23:53:12.000', 5),
(871, 123, 3, 3, 0, '2023-08-26 23:54:13.000', 6),
(872, 123, 2, 2, 0, '2023-08-26 00:57:21.000', 7),
(873, 123, 3, 3, 0, '2023-08-26 23:53:39.000', 9),
(874, 123, 1, 1, 0, '2023-08-26 23:53:50.000', 11),
(875, 123, 12, 11, 0, '2023-08-26 23:54:00.000', 12),
(876, 124, 2, 2, 0, '2023-08-27 01:25:04.000', 2),
(877, 124, 12, 4, 0, '2023-08-27 01:25:55.000', 3),
(878, 124, 7, 6, 0, '2023-08-27 01:26:13.000', 4),
(879, 124, 54, 44, 0, '2023-08-27 01:28:35.000', 5),
(880, 124, 6, 6, 0, '2023-08-27 01:28:42.000', 6),
(881, 124, 1, 1, 0, '2023-08-27 01:29:05.000', 7),
(882, 124, 4, 3, 0, '2023-08-27 01:29:14.000', 9),
(883, 124, 10, 10, 0, '2023-08-27 01:29:29.000', 11),
(884, 124, 5, 4, 0, '2023-08-27 01:29:39.000', 12),
(885, 125, 2, 2, 0, '2023-08-27 13:24:01.000', 2),
(886, 125, 23, 3, 0, '2023-08-27 13:24:21.000', 3),
(887, 125, 19, 4, 0, '2023-08-27 13:24:32.000', 4),
(888, 125, 52, 16, 0, '2023-08-27 13:24:41.000', 5),
(889, 125, 5, 2, 0, '2023-08-27 13:24:41.000', 6),
(890, 125, 3, 1, 0, '2023-08-27 13:24:01.000', 9),
(891, 126, 1, 1, 0, '2023-08-25 02:18:50.000', 1),
(892, 126, 3, 1, 0, '2023-08-25 02:24:38.000', 2),
(893, 126, 23, 7, 0, '2023-08-25 02:24:54.000', 3),
(894, 126, 21, 8, 0, '2023-08-25 02:25:11.000', 4),
(895, 126, 34, 3, 0, '2023-08-25 02:25:51.000', 5),
(896, 126, 5, 2, 0, '2023-08-25 02:26:00.000', 6),
(897, 126, 1, 1, 0, '2023-08-25 02:26:09.000', 7),
(898, 126, 1, 1, 0, '2023-08-25 02:26:16.000', 8),
(899, 126, 4, 3, 0, '2023-08-26 22:53:13.000', 9),
(900, 126, 1, 1, 0, '2023-08-25 02:26:25.000', 10),
(901, 126, 9, 4, 0, '2023-08-25 02:26:30.000', 11),
(902, 126, 5, 3, 0, '2023-08-26 22:53:33.000', 12),
(903, 127, 4, 4, 0, '2023-08-27 13:23:44.000', 2),
(904, 127, 12, 12, 0, '2023-08-27 13:23:45.000', 3),
(905, 127, 12, 12, 0, '2023-08-27 13:23:46.000', 4),
(906, 127, 43, 43, 0, '2023-08-27 13:23:47.000', 5),
(907, 127, 5, 5, 0, '2023-08-27 13:23:48.000', 6),
(908, 127, 4, 4, 0, '2023-08-27 13:23:48.000', 9),
(909, 127, 1, 1, 0, '2023-08-27 13:23:49.000', 10),
(910, 127, 3, 3, 0, '2023-08-27 13:23:50.000', 11),
(911, 127, 9, 3, 0, '2023-08-27 13:23:50.000', 12),
(912, 128, 1, 1, 0, '2023-08-26 23:09:11.000', 2),
(913, 128, 13, 6, 0, '2023-08-26 23:10:38.000', 3),
(914, 128, 3, 3, 0, '2023-08-25 23:04:18.000', 4),
(915, 128, 2, 2, 0, '2023-08-25 23:04:52.000', 5),
(916, 129, 1, 1, 0, '2023-08-26 21:37:27.000', 1),
(917, 129, 13, 5, 0, '2023-08-26 21:37:55.000', 2),
(918, 129, 42, 20, 0, '2023-08-26 21:38:05.000', 3),
(919, 129, 32, 18, 0, '2023-08-26 21:38:22.000', 4),
(920, 129, 35, 34, 0, '2023-08-26 21:38:32.000', 5),
(921, 129, 5, 5, 0, '2023-08-26 21:38:46.000', 6),
(922, 129, 2, 2, 0, '2023-08-26 21:38:54.000', 7),
(923, 129, 4, 2, 0, '2023-08-26 21:40:03.000', 9),
(924, 129, 2, 1, 0, '2023-08-26 21:39:37.000', 11),
(925, 129, 14, 14, 0, '2023-08-26 21:40:16.000', 12),
(926, 130, 2, 1, 0, '2023-08-26 19:31:01.000', 1),
(927, 130, 53, 40, 0, '2023-08-26 19:31:54.000', 2),
(928, 130, 44, 20, 0, '2023-08-26 19:51:35.000', 3),
(929, 130, 15, 9, 0, '2023-08-26 19:33:09.000', 4),
(930, 130, 20, 11, 0, '2023-08-26 19:34:38.000', 5),
(931, 130, 12, 12, 0, '2023-08-26 19:50:52.000', 6),
(932, 130, 4, 3, 0, '2023-08-26 19:51:00.000', 7),
(933, 130, 9, 9, 0, '2023-08-26 19:51:08.000', 9),
(934, 130, 21, 21, 0, '2023-08-26 19:51:18.000', 11),
(935, 130, 21, 21, 0, '2023-08-26 19:51:27.000', 12),
(936, 131, 1, 1, 0, '2023-08-26 23:45:08.000', 1),
(937, 131, 4, 1, 0, '2023-08-26 23:47:57.000', 3),
(938, 131, 8, 6, 0, '2023-08-26 23:50:36.000', 4),
(939, 131, 54, 19, 0, '2023-08-26 23:52:54.000', 5),
(940, 131, 6, 6, 0, '2023-08-26 23:53:02.000', 6),
(941, 131, 3, 3, 0, '2023-08-26 23:53:09.000', 7),
(942, 131, 3, 3, 0, '2023-08-26 23:53:15.000', 9),
(943, 131, 1, 1, 0, '2023-08-26 23:53:22.000', 10),
(944, 131, 8, 8, 0, '2023-08-26 23:54:09.000', 11),
(945, 131, 14, 14, 0, '2023-08-26 23:54:35.000', 12),
(946, 132, 13, 11, 0, '2023-08-27 13:03:22.000', 2),
(947, 132, 12, 1, 0, '2023-08-27 11:59:55.000', 4),
(948, 132, 33, 8, 0, '2023-08-27 13:01:34.000', 5),
(949, 132, 1, 1, 0, '2023-08-26 15:03:21.000', 11),
(950, 133, 30, 20, 0, '2023-08-26 23:00:06.000', 1),
(951, 133, 13, 7, 0, '2023-08-26 23:00:26.000', 2),
(952, 133, 47, 16, 0, '2023-08-24 22:45:32.000', 3),
(953, 133, 31, 10, 0, '2023-08-24 22:46:04.000', 4),
(954, 133, 41, 16, 0, '2023-08-24 22:46:58.000', 5),
(955, 133, 6, 0, 0, '2023-08-24 22:46:18.000', 6),
(956, 133, 4, 1, 0, '2023-08-24 22:46:31.000', 11),
(957, 134, 26, 3, 0, '2023-08-27 01:47:48.000', 12),
(958, 135, 3, 2, 0, '2023-08-27 12:51:11.000', 1),
(959, 135, 6, 2, 0, '2023-08-27 12:51:11.000', 2),
(960, 135, 27, 11, 0, '2023-08-27 12:51:13.000', 3),
(961, 135, 14, 5, 0, '2023-08-27 12:51:13.000', 4),
(962, 135, 37, 13, 0, '2023-08-27 12:51:13.000', 5),
(963, 135, 1, 1, 0, '2023-08-27 12:51:11.000', 6),
(964, 135, 13, 11, 0, '2023-08-27 12:51:12.000', 7),
(965, 135, 8, 5, 0, '2023-08-27 12:51:13.000', 11),
(966, 136, 3, 2, 0, '2023-08-27 00:30:35.000', 1),
(967, 136, 4, 1, 0, '2023-08-27 00:31:09.000', 2),
(968, 136, 6, 3, 0, '2023-08-27 00:31:36.000', 3),
(969, 136, 6, 3, 0, '2023-08-27 00:32:00.000', 4),
(970, 136, 8, 5, 0, '2023-08-27 00:32:20.000', 5),
(971, 136, 1, 1, 0, '2023-08-27 00:33:18.000', 6),
(972, 136, 1, 1, 0, '2023-08-27 00:33:29.000', 9),
(973, 136, 1, 1, 0, '2023-08-27 00:33:39.000', 10),
(974, 136, 3, 2, 0, '2023-08-27 00:33:50.000', 12),
(975, 137, 8, 4, 0, '2023-08-27 01:18:09.000', 1),
(976, 137, 15, 5, 0, '2023-08-27 01:18:24.000', 2),
(977, 137, 13, 4, 0, '2023-08-27 01:18:42.000', 3),
(978, 137, 6, 6, 0, '2023-08-27 01:18:50.000', 4),
(979, 137, 40, 33, 0, '2023-08-27 01:19:07.000', 5),
(980, 137, 6, 6, 0, '2023-08-27 01:19:15.000', 6),
(981, 137, 2, 2, 0, '2023-08-27 01:19:21.000', 7),
(982, 137, 2, 1, 0, '2023-08-27 01:19:30.000', 9),
(983, 137, 8, 8, 0, '2023-08-27 01:19:37.000', 11),
(984, 138, 6, 2, 0, '2023-08-27 09:00:06.000', 2),
(985, 138, 39, 25, 0, '2023-08-27 09:00:06.000', 3),
(986, 138, 30, 23, 0, '2023-08-27 09:00:06.000', 4),
(987, 138, 328, 166, 0, '2023-08-27 09:00:07.000', 5),
(988, 138, 4, 2, 0, '2023-08-27 09:00:04.000', 6),
(989, 138, 6, 5, 0, '2023-08-27 09:00:05.000', 11),
(990, 138, 4, 3, 0, '2023-08-27 09:00:06.000', 12),
(991, 139, 24, 16, 0, '2023-08-27 02:16:34.000', 1),
(992, 139, 11, 0, 0, '2023-08-27 02:17:00.000', 2),
(993, 139, 24, 20, 0, '2023-08-27 02:17:18.000', 4),
(994, 139, 18, 14, 0, '2023-08-27 02:17:38.000', 5),
(995, 139, 6, 3, 0, '2023-08-27 02:17:55.000', 6),
(996, 139, 2, 2, 0, '2023-08-27 02:18:13.000', 9),
(997, 139, 1, 1, 0, '2023-08-27 02:18:25.000', 10),
(998, 140, 13, 7, 0, '2023-08-27 13:25:05.000', 2),
(999, 140, 53, 7, 0, '2023-08-27 13:25:08.000', 3),
(1000, 140, 62, 20, 0, '2023-08-27 13:25:11.000', 4),
(1001, 140, 219, 18, 0, '2023-08-27 13:25:13.000', 5),
(1002, 140, 16, 7, 0, '2023-08-27 13:25:13.000', 6),
(1003, 140, 8, 2, 0, '2023-08-27 13:25:13.000', 8),
(1004, 140, 12, 2, 0, '2023-08-27 13:25:36.000', 9),
(1005, 140, 21, 10, 0, '2023-08-27 13:25:39.000', 11),
(1006, 140, 27, 16, 0, '2023-08-27 13:25:39.000', 12),
(1007, 141, 15, 5, 0, '2023-08-27 12:00:03.000', 2),
(1008, 141, 52, 0, 0, '2023-08-27 12:00:01.000', 3),
(1009, 141, 34, 21, 0, '2023-08-27 12:00:01.000', 4),
(1010, 141, 32, 8, 0, '2023-08-27 12:00:01.000', 5),
(1011, 141, 5, 3, 0, '2023-08-27 12:00:02.000', 6),
(1012, 141, 5, 4, 0, '2023-08-27 12:00:02.000', 9),
(1013, 141, 5, 5, 0, '2023-08-27 12:00:02.000', 10),
(1014, 142, 4, 4, 0, '2023-08-27 03:01:59.000', 1),
(1015, 142, 5, 5, 0, '2023-08-27 03:03:06.000', 2);
INSERT INTO `beds` (`id`, `hospital_id`, `total`, `empty`, `queue`, `last_update`, `bedclass_id`) VALUES
(1016, 142, 20, 7, 0, '2023-08-27 03:04:19.000', 3),
(1017, 142, 15, 2, 0, '2023-08-27 03:05:02.000', 4),
(1018, 142, 31, 7, 0, '2023-08-27 03:05:34.000', 5),
(1019, 142, 3, 2, 0, '2023-08-27 03:06:17.000', 6),
(1020, 142, 1, 0, 0, '2023-08-27 03:06:53.000', 7),
(1021, 142, 2, 2, 0, '2023-08-27 03:07:34.000', 9),
(1022, 142, 3, 1, 0, '2023-08-27 03:08:35.000', 12),
(1023, 143, 2, 2, 0, '2023-08-26 20:10:26.000', 1),
(1024, 143, 7, 0, 0, '2023-08-26 20:11:47.000', 2),
(1025, 143, 8, 5, 0, '2023-08-26 20:12:24.000', 3),
(1026, 143, 3, 3, 0, '2023-08-26 20:12:47.000', 4),
(1027, 143, 11, 10, 0, '2023-08-26 20:13:04.000', 5),
(1028, 143, 1, 1, 0, '2023-08-26 20:14:43.000', 6),
(1029, 143, 2, 1, 0, '2023-08-26 20:14:53.000', 9),
(1030, 143, 1, 1, 0, '2023-08-26 20:15:00.000', 10),
(1031, 143, 4, 4, 0, '2023-08-26 20:17:28.000', 11),
(1032, 143, 5, 1, 0, '2023-08-26 20:17:55.000', 12),
(1033, 144, 4, 3, 0, '2023-08-27 11:00:32.000', 1),
(1034, 144, 27, 11, 0, '2023-08-27 11:00:33.000', 2),
(1035, 144, 71, 14, 0, '2023-08-27 11:00:35.000', 3),
(1036, 144, 122, 23, 0, '2023-08-27 11:00:38.000', 4),
(1037, 144, 403, 183, 0, '2023-08-27 11:00:43.000', 5),
(1038, 144, 36, 0, 0, '2023-08-27 11:00:44.000', 6),
(1039, 144, 109, 32, 0, '2023-08-27 11:00:48.000', 7),
(1040, 144, 7, 0, 0, '2023-08-27 11:00:48.000', 8),
(1041, 144, 11, 1, 0, '2023-08-27 11:00:49.000', 9),
(1042, 144, 7, 1, 0, '2023-08-27 11:00:49.000', 10),
(1043, 144, 37, 23, 0, '2023-08-27 11:00:50.000', 11),
(1044, 144, 10, 6, 0, '2023-08-27 11:00:50.000', 12),
(1045, 145, 2, 2, 0, '2023-08-26 21:24:43.000', 1),
(1046, 145, 52, 24, 0, '2023-08-26 21:25:48.000', 2),
(1047, 145, 60, 14, 0, '2023-08-26 21:26:12.000', 3),
(1048, 145, 83, 19, 0, '2023-08-26 21:26:57.000', 4),
(1049, 145, 75, 3, 0, '2023-08-26 21:27:39.000', 5),
(1050, 145, 8, 3, 0, '2023-08-26 21:28:06.000', 6),
(1051, 145, 5, 1, 0, '2023-08-26 21:28:31.000', 7),
(1052, 145, 5, 4, 0, '2023-08-26 21:29:01.000', 9),
(1053, 145, 5, 5, 0, '2023-08-26 21:29:13.000', 10),
(1054, 145, 13, 10, 0, '2023-08-26 21:29:53.000', 12),
(1055, 146, 1, 0, 0, '2023-08-27 00:22:21.000', 1),
(1056, 146, 3, 0, 0, '2023-08-27 00:22:28.000', 2),
(1057, 146, 16, 1, 0, '2023-08-27 00:22:37.000', 3),
(1058, 146, 23, 11, 0, '2023-08-27 00:22:43.000', 4),
(1059, 146, 40, 16, 0, '2023-08-27 00:22:50.000', 5),
(1060, 146, 6, 6, 0, '2023-08-27 00:22:57.000', 6),
(1061, 146, 2, 2, 0, '2023-08-27 00:23:03.000', 9),
(1062, 146, 2, 2, 0, '2023-08-27 00:23:11.000', 10),
(1063, 146, 4, 2, 0, '2023-08-27 00:23:24.000', 12),
(1064, 147, 8, 7, 0, '2023-08-27 13:00:21.000', 1),
(1065, 147, 13, 3, 0, '2023-08-27 13:00:21.000', 2),
(1066, 147, 63, 6, 0, '2023-08-27 13:00:22.000', 3),
(1067, 147, 61, 0, 0, '2023-08-27 13:00:22.000', 4),
(1068, 147, 35, 0, 0, '2023-08-27 13:00:22.000', 5),
(1069, 147, 11, 6, 0, '2023-08-27 13:00:23.000', 6),
(1070, 147, 10, 5, 0, '2023-08-27 13:00:24.000', 9),
(1071, 147, 8, 4, 0, '2023-08-27 13:00:24.000', 10),
(1072, 147, 5, 4, 0, '2023-08-27 13:00:25.000', 11),
(1073, 147, 10, 0, 0, '2023-08-27 13:00:25.000', 12),
(1074, 148, 4, 4, 0, '2023-08-26 20:45:18.000', 1),
(1075, 148, 12, 8, 0, '2023-08-26 20:45:25.000', 2),
(1076, 148, 26, 12, 0, '2023-08-26 20:45:32.000', 3),
(1077, 148, 17, 7, 0, '2023-08-26 20:48:13.000', 4),
(1078, 148, 12, 11, 0, '2023-08-26 20:45:52.000', 5),
(1079, 148, 2, 1, 0, '2023-08-26 20:46:00.000', 6),
(1080, 148, 6, 5, 0, '2023-08-26 20:46:20.000', 9),
(1081, 148, 2, 0, 0, '2023-08-26 20:46:26.000', 10),
(1082, 148, 10, 10, 0, '2023-08-26 20:46:40.000', 12),
(1083, 149, 1, 1, 0, '2023-08-26 21:30:42.000', 1),
(1084, 149, 8, 3, 0, '2023-08-26 21:30:51.000', 2),
(1085, 149, 8, 5, 0, '2023-08-26 21:31:42.000', 3),
(1086, 149, 17, 15, 0, '2023-08-26 21:31:53.000', 4),
(1087, 149, 26, 12, 0, '2023-08-26 21:32:10.000', 5),
(1088, 149, 4, 4, 0, '2023-08-27 02:42:06.000', 6),
(1089, 149, 2, 2, 0, '2023-08-27 02:42:14.000', 9),
(1090, 149, 1, 1, 0, '2023-08-27 02:43:18.000', 10),
(1091, 149, 1, 1, 0, '2023-08-27 02:43:10.000', 11),
(1092, 149, 11, 8, 0, '2023-08-26 21:32:28.000', 12),
(1093, 150, 11, 3, 0, '2023-08-27 10:00:06.000', 1),
(1094, 150, 2, 1, 0, '2023-08-27 10:00:07.000', 2),
(1095, 150, 12, 1, 0, '2023-08-27 10:00:09.000', 3),
(1096, 150, 41, 22, 0, '2023-08-27 10:00:12.000', 4),
(1097, 150, 51, 12, 0, '2023-08-27 10:00:14.000', 5),
(1098, 150, 2, 0, 0, '2023-08-27 10:00:15.000', 6),
(1099, 150, 8, 0, 0, '2023-08-27 10:00:15.000', 9),
(1100, 150, 4, 0, 0, '2023-08-27 10:00:16.000', 10),
(1101, 150, 54, 22, 0, '2023-08-27 10:00:16.000', 12),
(1102, 151, 5, 1, 0, '2023-08-26 20:24:58.000', 1),
(1103, 151, 14, 1, 0, '2023-08-26 20:27:19.000', 2),
(1104, 151, 2, 0, 0, '2023-08-26 20:27:34.000', 3),
(1105, 151, 4, 2, 0, '2023-08-26 20:27:57.000', 4),
(1106, 151, 6, 5, 0, '2023-08-26 20:28:17.000', 5),
(1107, 151, 1, 1, 0, '2023-08-26 20:29:14.000', 7),
(1108, 151, 3, 2, 0, '2023-08-26 20:30:03.000', 9),
(1109, 151, 1, 1, 0, '2023-08-23 21:02:04.000', 11),
(1110, 151, 13, 12, 0, '2023-08-26 20:30:21.000', 12),
(1111, 152, 7, 1, 0, '2023-08-27 01:32:26.000', 1),
(1112, 152, 21, 2, 0, '2023-08-27 01:32:41.000', 2),
(1113, 152, 54, 7, 0, '2023-08-27 01:32:56.000', 3),
(1114, 152, 42, 2, 0, '2023-08-27 01:33:16.000', 4),
(1115, 152, 36, 2, 0, '2023-08-27 01:33:42.000', 5),
(1116, 152, 15, 0, 0, '2023-08-27 01:34:14.000', 6),
(1117, 152, 9, 0, 0, '2023-08-27 01:34:23.000', 9),
(1118, 152, 4, 1, 0, '2023-08-27 01:34:41.000', 10),
(1119, 152, 20, 7, 0, '2023-08-27 01:34:57.000', 11),
(1120, 153, 11, 7, 0, '2023-08-27 10:39:38.000', 2),
(1121, 153, 8, 3, 0, '2023-08-27 11:52:33.000', 3),
(1122, 153, 8, 5, 0, '2023-08-27 11:22:10.000', 4),
(1123, 153, 6, 5, 0, '2023-08-27 09:14:34.000', 5),
(1124, 153, 1, 1, 0, '2023-08-25 02:15:02.000', 11),
(1125, 154, 2, 1, 0, '2023-08-26 23:56:52.000', 2),
(1126, 154, 2, 0, 0, '2023-08-27 13:06:18.000', 3),
(1127, 154, 4, 1, 0, '2023-08-27 11:33:40.000', 4),
(1128, 154, 3, 1, 0, '2023-08-27 07:51:14.000', 5),
(1129, 154, 2, 1, 0, '2023-08-27 07:36:54.000', 6),
(1130, 154, 10, 7, 0, '2023-08-26 09:45:10.000', 12),
(1131, 155, 3, 2, 0, '2023-08-26 20:44:37.000', 1),
(1132, 155, 37, 17, 0, '2023-08-26 20:44:56.000', 2),
(1133, 155, 59, 49, 0, '2023-08-26 20:45:19.000', 3),
(1134, 155, 8, 8, 0, '2023-08-26 20:45:31.000', 4),
(1135, 155, 60, 57, 0, '2023-08-26 20:45:47.000', 5),
(1136, 155, 10, 7, 0, '2023-08-26 20:45:56.000', 6),
(1137, 155, 2, 0, 0, '2023-08-26 20:46:30.000', 7),
(1138, 155, 4, 4, 0, '2023-08-26 20:46:37.000', 8),
(1139, 155, 5, 5, 0, '2023-08-26 20:46:59.000', 9),
(1140, 155, 3, 3, 0, '2023-08-26 20:47:08.000', 10),
(1141, 155, 7, 7, 0, '2023-08-26 20:47:23.000', 11),
(1142, 155, 6, 6, 0, '2023-08-26 20:47:31.000', 12),
(1143, 156, 23, 13, 0, '2023-08-26 23:59:01.000', 2),
(1144, 156, 37, 5, 0, '2023-08-26 23:59:01.000', 3),
(1145, 156, 60, 10, 0, '2023-08-26 23:59:01.000', 4),
(1146, 156, 62, 2, 0, '2023-08-26 23:59:02.000', 5),
(1147, 156, 13, 4, 0, '2023-08-26 23:59:02.000', 6),
(1148, 156, 4, 2, 0, '2023-08-26 23:59:03.000', 9),
(1149, 156, 5, 0, 0, '2023-08-26 23:59:04.000', 11),
(1150, 156, 15, 2, 0, '2023-08-26 23:59:04.000', 12),
(1151, 157, 4, 0, 0, '2023-08-27 00:03:00.000', 2),
(1152, 157, 14, 8, 0, '2023-08-27 00:01:43.000', 3),
(1153, 157, 10, 8, 0, '2023-08-27 00:02:13.000', 4),
(1154, 157, 22, 19, 0, '2023-08-27 00:02:33.000', 5),
(1155, 157, 6, 5, 0, '2023-08-27 00:03:43.000', 6),
(1156, 157, 4, 4, 0, '2023-08-27 00:03:25.000', 9),
(1157, 157, 10, 10, 0, '2023-08-27 00:04:03.000', 11),
(1158, 158, 1, 1, 0, '2023-08-27 02:52:41.000', 1),
(1159, 158, 5, 5, 0, '2023-08-27 02:52:57.000', 2),
(1160, 158, 18, 5, 0, '2023-08-27 02:53:15.000', 3),
(1161, 158, 15, 13, 0, '2023-08-27 02:53:24.000', 4),
(1162, 158, 23, 11, 0, '2023-08-27 02:53:39.000', 5),
(1163, 158, 6, 6, 0, '2023-08-27 02:24:25.000', 6),
(1164, 158, 2, 2, 0, '2023-08-27 02:53:57.000', 9),
(1165, 158, 2, 2, 0, '2023-08-27 02:54:08.000', 10),
(1166, 158, 2, 1, 0, '2023-08-27 02:55:10.000', 11),
(1167, 158, 26, 25, 0, '2023-08-27 02:21:59.000', 12),
(1168, 159, 2, 1, 0, '2023-08-26 18:27:58.000', 3),
(1169, 159, 12, 7, 0, '2023-08-26 18:27:42.000', 4),
(1170, 159, 22, 11, 0, '2023-08-26 18:26:50.000', 5),
(1171, 159, 3, 2, 0, '2023-08-26 18:25:02.000', 6),
(1172, 159, 1, 0, 0, '2023-08-26 18:24:13.000', 7),
(1173, 159, 1, 1, 0, '2023-08-26 18:23:23.000', 9),
(1174, 159, 1, 0, 0, '2023-08-26 18:23:12.000', 10),
(1175, 159, 3, 2, 0, '2023-08-26 18:22:33.000', 11),
(1176, 159, 2, 2, 0, '2023-08-26 18:22:02.000', 12),
(1177, 160, 1, 1, 0, '2023-08-27 00:00:16.000', 1),
(1178, 160, 3, 3, 0, '2023-08-27 00:00:23.000', 2),
(1179, 160, 14, 7, 0, '2023-08-27 00:00:46.000', 3),
(1180, 160, 22, 19, 0, '2023-08-27 00:00:58.000', 4),
(1181, 160, 29, 24, 0, '2023-08-27 00:01:15.000', 5),
(1182, 160, 4, 4, 0, '2023-08-27 00:01:22.000', 6),
(1183, 160, 2, 1, 0, '2023-08-27 00:01:29.000', 7),
(1184, 160, 2, 2, 0, '2023-08-27 00:01:39.000', 9),
(1185, 160, 2, 2, 0, '2023-08-27 00:01:47.000', 10),
(1186, 160, 12, 10, 0, '2023-08-27 00:01:57.000', 11),
(1187, 160, 4, 4, 0, '2023-08-27 00:02:06.000', 12),
(1188, 161, 3, 3, 0, '2023-08-27 13:25:53.000', 2),
(1189, 161, 8, 6, 0, '2023-08-27 13:25:54.000', 3),
(1190, 161, 27, 20, 0, '2023-08-27 13:25:55.000', 4),
(1191, 161, 26, 15, 0, '2023-08-27 13:25:55.000', 5),
(1192, 161, 6, 6, 0, '2023-08-27 13:25:56.000', 6),
(1193, 161, 2, 2, 0, '2023-08-27 13:25:56.000', 7),
(1194, 161, 2, 2, 0, '2023-08-27 13:25:51.000', 9),
(1195, 161, 2, 2, 0, '2023-08-27 13:25:51.000', 10),
(1196, 161, 10, 8, 0, '2023-08-27 13:25:53.000', 11),
(1197, 161, 10, 10, 0, '2023-08-25 00:03:48.000', 12),
(1198, 162, 5, 5, 0, '2023-08-27 01:12:16.000', 1),
(1199, 162, 4, 2, 0, '2023-08-27 01:12:47.000', 2),
(1200, 162, 18, 3, 0, '2023-08-27 01:13:23.000', 3),
(1201, 162, 36, 29, 0, '2023-08-27 01:14:30.000', 4),
(1202, 162, 40, 24, 0, '2023-08-27 01:15:14.000', 5),
(1203, 162, 9, 4, 0, '2023-08-27 01:15:30.000', 6),
(1204, 162, 1, 0, 0, '2023-08-27 01:15:44.000', 10),
(1205, 162, 4, 1, 0, '2023-08-27 01:15:55.000', 12),
(1206, 163, 1, 0, 0, '2023-08-27 04:24:08.000', 1),
(1207, 163, 5, 1, 0, '2023-08-27 04:24:29.000', 2),
(1208, 163, 20, 9, 0, '2023-08-27 04:24:45.000', 3),
(1209, 163, 13, 4, 0, '2023-08-27 04:25:05.000', 4),
(1210, 163, 14, 4, 0, '2023-08-27 04:25:25.000', 5),
(1211, 163, 4, 4, 0, '2023-08-27 04:25:44.000', 6),
(1212, 163, 3, 0, 0, '2023-08-27 04:26:01.000', 9),
(1213, 163, 7, 4, 0, '2023-08-27 04:26:19.000', 11),
(1214, 163, 4, 1, 0, '2023-08-27 04:26:36.000', 12),
(1215, 164, 5, 3, 0, '2023-08-27 00:53:09.000', 1),
(1216, 164, 33, 12, 0, '2023-08-27 00:52:53.000', 2),
(1217, 164, 46, 8, 0, '2023-08-27 00:53:48.000', 3),
(1218, 164, 20, 10, 0, '2023-08-27 00:52:28.000', 4),
(1219, 164, 70, 36, 0, '2023-08-27 00:51:39.000', 5),
(1220, 164, 13, 0, 0, '2023-08-27 00:51:07.000', 6),
(1221, 164, 6, 2, 0, '2023-08-27 00:50:45.000', 8),
(1222, 164, 5, 2, 0, '2023-08-27 00:50:17.000', 9),
(1223, 164, 2, 2, 0, '2023-08-27 00:50:08.000', 10),
(1224, 164, 16, 8, 0, '2023-08-27 00:50:00.000', 11),
(1225, 164, 8, 3, 0, '2023-08-27 00:49:52.000', 12),
(1226, 165, 6, 3, 0, '2023-08-26 18:58:15.000', 2),
(1227, 165, 20, 11, 0, '2023-08-26 18:58:21.000', 3),
(1228, 165, 45, 21, 0, '2023-08-26 18:58:22.000', 4),
(1229, 165, 92, 20, 0, '2023-08-26 18:58:22.000', 5),
(1230, 165, 9, 3, 0, '2023-08-26 18:58:23.000', 6),
(1231, 165, 5, 0, 0, '2023-08-26 18:58:23.000', 7),
(1232, 165, 1, 1, 0, '2023-08-26 18:58:14.000', 9),
(1233, 165, 12, 6, 0, '2023-08-26 18:58:15.000', 11),
(1234, 165, 5, 1, 0, '2023-08-26 18:58:15.000', 12),
(1235, 166, 2, 1, 0, '2023-08-26 23:28:13.000', 2),
(1236, 166, 8, 1, 0, '2023-08-26 23:28:57.000', 3),
(1237, 166, 18, 9, 0, '2023-08-26 23:29:36.000', 4),
(1238, 166, 61, 40, 0, '2023-08-26 23:30:22.000', 5),
(1239, 166, 5, 2, 0, '2023-08-26 23:15:17.000', 6),
(1240, 166, 5, 1, 0, '2023-08-26 23:14:23.000', 9),
(1241, 166, 2, 2, 0, '2023-08-26 23:27:55.000', 11),
(1242, 166, 4, 0, 0, '2023-08-26 23:13:59.000', 12),
(1243, 167, 1, 1, 0, '2023-08-27 01:55:47.000', 1),
(1244, 167, 25, 21, 0, '2023-08-27 01:55:44.000', 2),
(1245, 167, 56, 36, 0, '2023-08-27 01:55:30.000', 3),
(1246, 167, 29, 13, 0, '2023-08-27 01:55:19.000', 4),
(1247, 167, 231, 96, 0, '2023-08-27 01:53:29.000', 5),
(1248, 167, 7, 5, 0, '2023-08-27 01:53:06.000', 6),
(1249, 167, 7, 0, 0, '2023-08-27 01:55:16.000', 9),
(1250, 167, 5, 2, 0, '2023-08-27 01:55:13.000', 10),
(1251, 167, 54, 46, 0, '2023-08-27 01:55:11.000', 11),
(1252, 167, 30, 13, 0, '2023-08-27 01:54:58.000', 12),
(1253, 168, 2, 2, 0, '2023-08-27 13:00:05.000', 1),
(1254, 168, 26, 11, 0, '2023-08-27 13:00:05.000', 2),
(1255, 168, 34, 5, 0, '2023-08-27 13:00:05.000', 3),
(1256, 168, 38, 16, 0, '2023-08-27 13:00:06.000', 4),
(1257, 168, 64, 17, 0, '2023-08-27 13:00:06.000', 5),
(1258, 168, 11, 6, 0, '2023-08-27 13:00:06.000', 6),
(1259, 168, 4, 3, 0, '2023-08-27 13:00:06.000', 9),
(1260, 168, 19, 6, 0, '2023-08-27 13:00:07.000', 11),
(1261, 169, 23, 6, 0, '2023-08-26 23:15:30.000', 1),
(1262, 169, 8, 1, 0, '2023-08-26 23:15:44.000', 2),
(1263, 169, 30, 0, 0, '2023-08-26 23:16:03.000', 3),
(1264, 169, 28, 1, 0, '2023-08-26 23:16:20.000', 4),
(1265, 169, 57, 14, 0, '2023-08-26 23:16:37.000', 5),
(1266, 169, 6, 1, 0, '2023-08-26 23:16:51.000', 6),
(1267, 169, 25, 23, 0, '2023-08-26 23:17:06.000', 11),
(1268, 169, 8, 8, 0, '2023-08-26 23:17:27.000', 12),
(1269, 170, 1, 1, 0, '2023-08-27 00:51:26.000', 1),
(1270, 170, 8, 8, 0, '2023-08-27 00:51:33.000', 2),
(1271, 170, 3, 3, 0, '2023-08-27 00:51:39.000', 3),
(1272, 170, 4, 4, 0, '2023-08-27 00:51:46.000', 4),
(1273, 170, 7, 7, 0, '2023-08-27 00:51:55.000', 5),
(1274, 170, 1, 1, 0, '2023-08-27 00:52:01.000', 6),
(1275, 170, 1, 1, 0, '2023-08-27 00:52:08.000', 11),
(1276, 171, 3, 1, 0, '2023-08-27 00:03:44.000', 1),
(1277, 171, 7, 4, 0, '2023-08-27 00:04:04.000', 2),
(1278, 171, 50, 35, 0, '2023-08-27 00:04:24.000', 3),
(1279, 171, 30, 18, 0, '2023-08-27 00:04:41.000', 4),
(1280, 171, 120, 44, 0, '2023-08-27 00:04:59.000', 5),
(1281, 171, 6, 4, 0, '2023-08-27 00:05:12.000', 6),
(1282, 171, 16, 0, 0, '2023-08-27 00:05:33.000', 7),
(1283, 171, 5, 3, 0, '2023-08-27 00:05:48.000', 9),
(1284, 171, 25, 18, 0, '2023-08-27 00:06:07.000', 11),
(1285, 172, 24, 1, 0, '2023-08-27 03:39:12.000', 2),
(1286, 172, 54, 7, 0, '2023-08-27 11:56:28.000', 3),
(1287, 172, 63, 9, 0, '2023-08-27 12:59:54.000', 4),
(1288, 172, 124, 38, 0, '2023-08-27 13:21:41.000', 5),
(1289, 172, 4, 2, 0, '2023-08-27 01:44:27.000', 6),
(1290, 172, 2, 0, 0, '2023-08-27 08:50:50.000', 8),
(1291, 172, 5, 2, 0, '2023-08-26 16:13:12.000', 9),
(1292, 172, 2, 2, 0, '2023-08-27 01:18:03.000', 10),
(1293, 173, 1, 0, 0, '2023-08-26 22:00:58.000', 1),
(1294, 173, 6, 6, 0, '2023-08-26 22:01:12.000', 2),
(1295, 173, 18, 9, 0, '2023-08-26 22:02:32.000', 3),
(1296, 173, 12, 5, 0, '2023-08-26 22:03:21.000', 4),
(1297, 173, 13, 5, 0, '2023-08-26 22:03:56.000', 5),
(1298, 173, 5, 0, 0, '2023-08-26 22:04:05.000', 6),
(1299, 173, 10, 10, 0, '2023-08-26 22:04:15.000', 11),
(1300, 173, 9, 7, 0, '2023-08-26 22:04:28.000', 12),
(1301, 174, 26, 22, 0, '2023-08-27 12:59:03.000', 2),
(1302, 174, 20, 14, 0, '2023-08-27 12:59:03.000', 3),
(1303, 174, 20, 18, 0, '2023-08-27 12:59:02.000', 4),
(1304, 174, 28, 19, 0, '2023-08-27 12:59:02.000', 5),
(1305, 174, 10, 10, 0, '2023-08-27 12:59:03.000', 6),
(1306, 174, 4, 4, 0, '2023-08-27 12:59:04.000', 9),
(1307, 174, 2, 2, 0, '2023-08-27 12:59:04.000', 10),
(1308, 174, 6, 4, 0, '2023-08-27 12:59:03.000', 12),
(1309, 175, 3, 3, 0, '2023-08-27 03:10:44.000', 2),
(1310, 175, 5, 2, 0, '2023-08-27 10:32:24.000', 3),
(1311, 175, 7, 5, 0, '2023-08-27 03:12:30.000', 4),
(1312, 175, 9, 9, 0, '2023-08-27 05:05:37.000', 5),
(1313, 176, 20, 4, 0, '2023-08-27 11:07:09.000', 2),
(1314, 176, 19, 7, 0, '2023-08-27 09:11:43.000', 3),
(1315, 176, 19, 10, 0, '2023-08-27 12:18:43.000', 4),
(1316, 176, 106, 9, 0, '2023-08-27 13:24:33.000', 5),
(1317, 176, 12, 10, 0, '2023-08-27 09:11:45.000', 6),
(1318, 176, 4, 4, 0, '2023-08-27 09:11:48.000', 9),
(1319, 176, 6, 6, 0, '2023-08-27 09:11:58.000', 10),
(1320, 176, 18, 18, 0, '2023-08-27 09:11:58.000', 11),
(1321, 176, 4, 4, 0, '2023-08-26 01:58:32.000', 12),
(1322, 177, 15, 6, 0, '2023-08-27 04:51:35.000', 2),
(1323, 177, 32, 14, 0, '2023-08-27 04:56:50.000', 3),
(1324, 177, 61, 39, 0, '2023-08-27 04:57:27.000', 4),
(1325, 177, 226, 69, 0, '2023-08-27 04:57:41.000', 5),
(1326, 177, 3, 3, 0, '2023-08-27 04:56:01.000', 11),
(1327, 177, 1, 1, 0, '2023-08-26 17:03:17.000', 12),
(1328, 178, 4, 1, 0, '2023-08-27 13:16:15.000', 2),
(1329, 178, 5, 2, 0, '2023-08-27 13:16:15.000', 3),
(1330, 178, 27, 20, 0, '2023-08-27 13:16:15.000', 4),
(1331, 178, 31, 20, 0, '2023-08-27 13:16:15.000', 5),
(1332, 178, 4, 1, 0, '2023-08-27 13:16:16.000', 6),
(1333, 178, 2, 2, 0, '2023-08-25 02:11:12.000', 11),
(1334, 178, 3, 3, 0, '2023-08-27 13:16:16.000', 12),
(1335, 179, 3, 3, 0, '2023-08-27 13:23:58.000', 6),
(1336, 179, 8, 6, 0, '2023-08-27 13:24:00.000', 12),
(1337, 180, 16, 1, 0, '2023-08-26 23:39:37.000', 3),
(1338, 180, 21, 1, 0, '2023-08-26 23:41:25.000', 4),
(1339, 180, 103, 17, 0, '2023-08-26 23:45:30.000', 5),
(1340, 180, 5, 3, 0, '2023-08-26 23:45:44.000', 6),
(1341, 180, 5, 3, 0, '2023-08-26 23:46:17.000', 11),
(1342, 180, 14, 6, 0, '2023-08-26 23:46:32.000', 12),
(1343, 181, 18, 3, 0, '2023-08-27 13:05:03.000', 2),
(1344, 181, 32, 11, 0, '2023-08-27 13:05:04.000', 3),
(1345, 181, 54, 24, 0, '2023-08-27 13:05:04.000', 4),
(1346, 181, 85, 24, 0, '2023-08-27 13:05:04.000', 5),
(1347, 181, 8, 5, 0, '2023-08-27 13:05:03.000', 6),
(1348, 181, 17, 10, 0, '2023-08-27 13:05:03.000', 11),
(1349, 182, 11, 5, 0, '2023-08-26 21:40:40.000', 2),
(1350, 182, 12, 2, 0, '2023-08-26 21:41:11.000', 3),
(1351, 182, 19, 7, 0, '2023-08-26 21:42:54.000', 4),
(1352, 182, 35, 8, 0, '2023-08-26 21:43:50.000', 5),
(1353, 182, 7, 7, 0, '2023-08-26 21:44:01.000', 6),
(1354, 182, 2, 2, 0, '2023-08-26 21:44:06.000', 9),
(1355, 182, 3, 3, 0, '2023-08-26 21:44:16.000', 10),
(1356, 182, 1, 1, 0, '2023-08-26 21:44:49.000', 11),
(1357, 182, 12, 4, 0, '2023-08-26 21:45:35.000', 12),
(1358, 183, 6, 3, 0, '2023-08-27 13:22:24.000', 2),
(1359, 183, 21, 17, 0, '2023-08-27 13:22:25.000', 3),
(1360, 183, 24, 17, 0, '2023-08-27 13:22:26.000', 4),
(1361, 183, 29, 15, 0, '2023-08-27 13:22:27.000', 5),
(1362, 183, 4, 3, 0, '2023-08-27 13:22:27.000', 6),
(1363, 183, 2, 2, 0, '2023-08-27 13:22:27.000', 9),
(1364, 183, 9, 5, 0, '2023-08-27 13:22:27.000', 11),
(1365, 184, 11, 9, 0, '2023-08-27 02:55:48.000', 2),
(1366, 184, 16, 6, 0, '2023-08-27 02:56:44.000', 3),
(1367, 184, 16, 9, 0, '2023-08-27 02:58:20.000', 4),
(1368, 184, 40, 23, 0, '2023-08-27 02:59:06.000', 5),
(1369, 184, 6, 6, 0, '2023-08-27 02:59:40.000', 6),
(1370, 184, 2, 2, 0, '2023-08-27 02:59:46.000', 9),
(1371, 184, 2, 2, 0, '2023-08-27 02:59:53.000', 10),
(1372, 184, 11, 10, 0, '2023-08-27 03:00:24.000', 11),
(1373, 184, 7, 5, 0, '2023-08-27 03:09:30.000', 12),
(1374, 185, 5, 3, 0, '2023-08-26 23:50:43.000', 2),
(1375, 185, 12, 5, 0, '2023-08-26 23:50:54.000', 3),
(1376, 185, 6, 3, 0, '2023-08-26 23:51:05.000', 4),
(1377, 185, 34, 13, 0, '2023-08-26 23:51:15.000', 5),
(1378, 185, 4, 3, 0, '2023-08-26 23:51:25.000', 6),
(1379, 185, 7, 6, 0, '2023-08-26 23:51:51.000', 11),
(1380, 185, 3, 0, 0, '2023-08-26 23:52:00.000', 12),
(1381, 186, 4, 3, 0, '2023-08-27 04:10:09.000', 2),
(1382, 186, 10, 0, 0, '2023-08-27 04:10:21.000', 3),
(1383, 186, 12, 0, 0, '2023-08-27 04:10:29.000', 4),
(1384, 186, 36, 22, 0, '2023-08-27 04:10:39.000', 5),
(1385, 186, 10, 10, 0, '2023-08-27 04:10:47.000', 6),
(1386, 186, 9, 7, 0, '2023-08-27 04:10:56.000', 7),
(1387, 186, 11, 10, 0, '2023-08-27 04:11:04.000', 11),
(1388, 187, 96, 0, 0, '2023-08-27 12:09:11.000', 3),
(1389, 187, 40, 0, 0, '2023-08-27 12:09:12.000', 4),
(1390, 187, 22, 0, 0, '2023-08-27 12:09:34.000', 6),
(1391, 187, 10, 10, 0, '2023-08-27 12:09:36.000', 8),
(1392, 187, 30, 26, 0, '2023-08-27 11:54:01.000', 9),
(1393, 187, 8, 8, 0, '2023-08-27 12:09:45.000', 10),
(1394, 188, 2, 2, 0, '2023-08-27 13:27:08.000', 1),
(1395, 188, 7, 7, 0, '2023-08-27 13:27:07.000', 2),
(1396, 188, 18, 5, 0, '2023-08-27 13:27:09.000', 3),
(1397, 188, 10, 2, 0, '2023-08-27 13:27:03.000', 4),
(1398, 188, 35, 15, 0, '2023-08-27 13:27:09.000', 5),
(1399, 188, 5, 2, 0, '2023-08-27 13:27:08.000', 6),
(1400, 188, 4, 4, 0, '2023-08-27 13:27:09.000', 9),
(1401, 188, 1, 0, 0, '2023-08-27 13:27:08.000', 11),
(1402, 189, 5, 5, 0, '2023-08-27 02:02:52.000', 1),
(1403, 189, 5, 5, 0, '2023-08-27 02:02:59.000', 2),
(1404, 189, 4, 2, 0, '2023-08-27 02:03:38.000', 3),
(1405, 189, 8, 6, 0, '2023-08-27 02:05:09.000', 4),
(1406, 189, 21, 16, 0, '2023-08-27 02:11:08.000', 5),
(1407, 189, 5, 5, 0, '2023-08-27 02:11:15.000', 7),
(1408, 189, 16, 16, 0, '2023-08-27 02:11:24.000', 11),
(1409, 190, 3, 1, 0, '2023-08-27 11:01:41.000', 1),
(1410, 190, 10, 6, 0, '2023-08-27 11:01:42.000', 2),
(1411, 190, 18, 6, 0, '2023-08-27 11:43:49.000', 3),
(1412, 190, 42, 13, 0, '2023-08-27 11:43:48.000', 4),
(1413, 190, 63, 17, 0, '2023-08-27 13:26:07.000', 5),
(1414, 190, 10, 4, 0, '2023-08-27 11:37:47.000', 6),
(1415, 190, 3, 1, 0, '2023-08-27 11:01:48.000', 9),
(1416, 190, 2, 2, 0, '2023-08-27 11:01:49.000', 10),
(1417, 190, 10, 7, 0, '2023-08-27 11:01:50.000', 11),
(1418, 190, 23, 14, 0, '2023-08-27 13:17:10.000', 12),
(1419, 191, 1, 1, 0, '2023-08-27 13:20:01.000', 1),
(1420, 191, 5, 5, 0, '2023-08-27 13:20:01.000', 2),
(1421, 191, 18, 8, 0, '2023-08-27 13:19:49.000', 3),
(1422, 191, 9, 6, 0, '2023-08-27 13:19:52.000', 4),
(1423, 191, 46, 11, 0, '2023-08-27 13:19:56.000', 5),
(1424, 191, 6, 5, 0, '2023-08-27 13:19:57.000', 6),
(1425, 191, 2, 1, 0, '2023-08-27 13:19:58.000', 9),
(1426, 191, 2, 2, 0, '2023-08-27 13:19:59.000', 10),
(1427, 191, 10, 7, 0, '2023-08-27 13:19:58.000', 11),
(1428, 192, 10, 5, 0, '2023-08-27 12:45:05.000', 2),
(1429, 192, 24, 14, 0, '2023-08-27 12:45:34.000', 3),
(1430, 192, 41, 26, 0, '2023-08-27 12:45:35.000', 4),
(1431, 192, 96, 49, 0, '2023-08-27 12:45:32.000', 5),
(1432, 192, 8, 2, 0, '2023-08-27 12:45:02.000', 6),
(1433, 192, 7, 5, 0, '2023-08-27 12:45:03.000', 8),
(1434, 192, 8, 1, 0, '2023-08-27 12:45:03.000', 9),
(1435, 192, 2, 2, 0, '2023-08-27 12:45:02.000', 10),
(1436, 192, 13, 11, 0, '2023-08-27 12:45:31.000', 11),
(1437, 192, 6, 4, 0, '2023-08-27 12:45:25.000', 12),
(1438, 193, 12, 10, 0, '2023-08-27 02:12:05.000', 2),
(1439, 193, 12, 10, 0, '2023-08-27 05:11:16.000', 3),
(1440, 193, 24, 20, 0, '2023-08-27 11:45:15.000', 4),
(1441, 193, 17, 7, 0, '2023-08-27 12:32:51.000', 5),
(1442, 193, 7, 7, 0, '2023-08-26 16:13:41.000', 6),
(1443, 194, 5, 4, 0, '2023-08-27 12:28:05.000', 2),
(1444, 194, 12, 7, 0, '2023-08-27 12:28:06.000', 3),
(1445, 194, 22, 15, 0, '2023-08-27 13:06:25.000', 4),
(1446, 194, 45, 17, 0, '2023-08-27 12:28:06.000', 5),
(1447, 194, 4, 1, 0, '2023-08-27 12:28:08.000', 6),
(1448, 194, 4, 4, 0, '2023-08-27 12:28:09.000', 9),
(1449, 194, 8, 8, 0, '2023-08-27 12:28:09.000', 11),
(1450, 195, 10, 7, 0, '2023-08-27 13:05:38.000', 2),
(1451, 195, 24, 10, 0, '2023-08-27 13:05:39.000', 3),
(1452, 195, 36, 20, 0, '2023-08-27 13:05:39.000', 4),
(1453, 195, 82, 60, 0, '2023-08-27 13:05:40.000', 5),
(1454, 195, 7, 4, 0, '2023-08-27 13:05:40.000', 6),
(1455, 195, 6, 5, 0, '2023-08-27 13:05:40.000', 7),
(1456, 195, 2, 2, 0, '2023-08-27 13:05:40.000', 8),
(1457, 195, 4, 2, 0, '2023-08-27 13:05:41.000', 9),
(1458, 195, 3, 2, 0, '2023-08-27 13:05:41.000', 10),
(1459, 195, 4, 3, 0, '2023-08-27 13:05:41.000', 12),
(1460, 196, 2, 2, 0, '2023-08-27 13:00:02.000', 1),
(1461, 196, 7, 2, 0, '2023-08-27 13:00:02.000', 2),
(1462, 196, 30, 11, 0, '2023-08-27 13:00:03.000', 3),
(1463, 196, 30, 1, 0, '2023-08-27 13:00:03.000', 4),
(1464, 196, 49, 3, 0, '2023-08-27 13:00:03.000', 5),
(1465, 196, 5, 4, 0, '2023-08-27 13:00:04.000', 6),
(1466, 196, 6, 5, 0, '2023-08-27 13:00:04.000', 7),
(1467, 197, 8, 6, 0, '2023-08-27 01:43:59.000', 3),
(1468, 197, 35, 19, 0, '2023-08-27 09:30:04.000', 4),
(1469, 197, 39, 16, 0, '2023-08-27 09:49:32.000', 5),
(1470, 197, 6, 4, 0, '2023-08-27 02:21:23.000', 6),
(1471, 197, 2, 2, 0, '2023-08-26 16:13:29.000', 9),
(1472, 197, 2, 2, 0, '2023-08-26 16:13:31.000', 10),
(1473, 197, 6, 6, 0, '2023-08-26 16:13:34.000', 11),
(1474, 198, 1, 1, 0, '2023-08-26 14:08:51.000', 2),
(1475, 198, 7, 4, 0, '2023-08-27 13:15:06.000', 3),
(1476, 198, 7, 6, 0, '2023-08-27 10:24:39.000', 4),
(1477, 198, 20, 13, 0, '2023-08-27 10:33:34.000', 5),
(1478, 198, 3, 1, 0, '2023-08-26 14:09:00.000', 6),
(1479, 199, 38, 21, 0, '2023-08-27 13:09:20.000', 2),
(1480, 199, 44, 32, 0, '2023-08-27 13:09:19.000', 3),
(1481, 199, 91, 43, 0, '2023-08-27 13:09:19.000', 4),
(1482, 199, 148, 38, 0, '2023-08-27 13:09:19.000', 5),
(1483, 199, 10, 10, 0, '2023-08-27 13:09:16.000', 6),
(1484, 200, 4, 3, 0, '2023-08-26 18:34:56.000', 5),
(1485, 200, 2, 2, 0, '2023-08-26 18:35:03.000', 9),
(1486, 201, 6, 0, 0, '2023-08-26 23:54:01.000', 2),
(1487, 201, 26, 4, 0, '2023-08-26 23:54:51.000', 3),
(1488, 201, 26, 3, 0, '2023-08-26 23:55:47.000', 4),
(1489, 201, 31, 5, 0, '2023-08-26 23:56:59.000', 5),
(1490, 201, 6, 2, 0, '2023-08-26 23:57:29.000', 6),
(1491, 201, 2, 2, 0, '2023-08-26 23:57:43.000', 9),
(1492, 201, 2, 2, 0, '2023-08-26 23:57:56.000', 10),
(1493, 201, 2, 2, 0, '2023-08-26 23:58:09.000', 12),
(1494, 202, 3, 1, 0, '2023-08-26 21:44:26.000', 2),
(1495, 202, 3, 2, 0, '2023-08-26 21:44:37.000', 3),
(1496, 202, 16, 10, 0, '2023-08-26 21:45:21.000', 4),
(1497, 202, 27, 5, 0, '2023-08-26 21:46:21.000', 5),
(1498, 202, 4, 3, 0, '2023-08-26 21:47:10.000', 6),
(1499, 202, 1, 1, 0, '2023-08-26 21:46:57.000', 9),
(1500, 202, 1, 1, 0, '2023-08-26 21:46:48.000', 10),
(1501, 202, 6, 3, 0, '2023-08-26 21:46:39.000', 11),
(1502, 203, 14, 4, 0, '2023-08-27 03:52:54.000', 2),
(1503, 203, 23, 12, 0, '2023-08-27 07:08:01.000', 3),
(1504, 203, 24, 20, 0, '2023-08-27 13:23:56.000', 4),
(1505, 203, 92, 32, 0, '2023-08-27 10:15:30.000', 5),
(1506, 203, 10, 5, 0, '2023-08-27 07:08:02.000', 6),
(1507, 203, 15, 2, 0, '2023-08-27 05:32:04.000', 7),
(1508, 203, 2, 0, 0, '2023-08-27 04:00:00.000', 9),
(1509, 203, 2, 0, 0, '2023-08-26 16:13:36.000', 10),
(1510, 203, 13, 7, 0, '2023-08-26 22:13:41.000', 11),
(1511, 203, 4, 1, 0, '2023-08-27 10:15:29.000', 12),
(1512, 204, 5, 4, 0, '2023-08-27 07:35:40.000', 2),
(1513, 204, 4, 4, 0, '2023-08-27 08:27:40.000', 3),
(1514, 204, 26, 20, 0, '2023-08-27 12:19:25.000', 4),
(1515, 204, 25, 7, 0, '2023-08-27 11:38:03.000', 5),
(1516, 204, 2, 2, 0, '2023-08-26 16:14:12.000', 7),
(1517, 204, 1, 1, 0, '2023-08-26 16:14:14.000', 9),
(1518, 205, 3, 2, 0, '2023-08-26 21:17:32.000', 2),
(1519, 205, 3, 2, 0, '2023-08-26 21:18:12.000', 3),
(1520, 205, 10, 10, 0, '2023-08-26 21:18:42.000', 4),
(1521, 205, 23, 23, 0, '2023-08-26 21:18:57.000', 5),
(1522, 205, 3, 3, 0, '2023-08-26 21:19:22.000', 7),
(1523, 205, 13, 13, 0, '2023-08-26 21:20:20.000', 11),
(1524, 206, 2, 0, 0, '2023-08-27 01:43:37.000', 1),
(1525, 206, 4, 2, 0, '2023-08-27 01:43:55.000', 2),
(1526, 206, 16, 6, 0, '2023-08-27 01:44:59.000', 3),
(1527, 206, 18, 3, 0, '2023-08-27 01:45:50.000', 4),
(1528, 206, 26, 11, 0, '2023-08-27 01:46:28.000', 5),
(1529, 206, 3, 2, 0, '2023-08-27 01:46:42.000', 7),
(1530, 206, 4, 3, 0, '2023-08-27 01:46:58.000', 11),
(1531, 206, 2, 1, 0, '2023-08-27 01:47:24.000', 12),
(1532, 207, 2, 2, 0, '2023-08-27 11:50:58.000', 1),
(1533, 207, 12, 7, 0, '2023-08-27 11:50:57.000', 2),
(1534, 207, 41, 10, 0, '2023-08-27 11:50:58.000', 3),
(1535, 207, 36, 10, 0, '2023-08-27 11:50:55.000', 4),
(1536, 207, 128, 25, 0, '2023-08-27 11:51:02.000', 5),
(1537, 207, 11, 3, 0, '2023-08-27 11:50:52.000', 6),
(1538, 207, 25, 4, 0, '2023-08-27 11:50:54.000', 7),
(1539, 207, 12, 5, 0, '2023-08-27 11:51:00.000', 9),
(1540, 207, 3, 3, 0, '2023-08-27 11:50:59.000', 10),
(1541, 207, 19, 10, 0, '2023-08-27 11:51:00.000', 11),
(1542, 208, 5, 5, 0, '2023-08-27 13:25:10.000', 2),
(1543, 208, 36, 21, 0, '2023-08-27 13:25:10.000', 3),
(1544, 208, 60, 34, 0, '2023-08-27 13:25:10.000', 4),
(1545, 208, 159, 66, 0, '2023-08-27 13:25:11.000', 5),
(1546, 208, 12, 8, 0, '2023-08-27 13:25:06.000', 6),
(1547, 208, 3, 2, 0, '2023-08-27 13:25:05.000', 9),
(1548, 208, 2, 1, 0, '2023-08-27 13:25:06.000', 10),
(1549, 209, 17, 3, 0, '2023-08-27 12:37:17.000', 1),
(1550, 209, 14, 2, 0, '2023-08-27 12:37:17.000', 2),
(1551, 209, 41, 1, 0, '2023-08-25 06:37:53.000', 3),
(1552, 209, 41, 2, 0, '2023-08-27 06:37:20.000', 4),
(1553, 209, 52, 3, 0, '2023-08-27 12:37:29.000', 5),
(1554, 209, 14, 4, 0, '2023-08-27 12:37:29.000', 6),
(1555, 209, 18, 3, 0, '2023-08-27 12:37:29.000', 7),
(1556, 209, 1, 0, 0, '2023-08-27 12:37:30.000', 8),
(1557, 209, 2, 0, 0, '2023-08-27 12:37:31.000', 13),
(1558, 209, 5, 2, 0, '2023-08-27 12:37:32.000', 9),
(1559, 209, 5, 2, 0, '2023-08-27 12:37:32.000', 10),
(1560, 209, 9, 3, 0, '2023-08-27 12:37:33.000', 11),
(1561, 209, 7, 4, 0, '2023-08-27 12:37:33.000', 12),
(1562, 210, 2, 2, 0, '2023-08-27 09:10:13.000', 1),
(1563, 210, 8, 6, 0, '2023-08-27 09:10:13.000', 2),
(1564, 210, 26, 17, 0, '2023-08-27 09:10:12.000', 3),
(1565, 210, 51, 10, 0, '2023-08-27 09:10:12.000', 4),
(1566, 210, 70, 16, 0, '2023-08-27 09:10:12.000', 5),
(1567, 210, 6, 1, 0, '2023-08-27 09:10:10.000', 6),
(1568, 210, 4, 0, 0, '2023-08-27 09:10:13.000', 9),
(1569, 210, 2, 0, 0, '2023-08-27 09:10:13.000', 10),
(1570, 210, 10, 9, 0, '2023-08-27 09:10:10.000', 12),
(1571, 211, 13, 8, 0, '2023-08-27 00:30:26.000', 1),
(1572, 211, 10, 6, 0, '2023-08-27 00:30:50.000', 2),
(1573, 211, 11, 3, 0, '2023-08-27 00:31:10.000', 3),
(1574, 211, 16, 3, 0, '2023-08-27 00:31:32.000', 4),
(1575, 211, 74, 23, 0, '2023-08-27 00:31:55.000', 5),
(1576, 211, 4, 2, 0, '2023-08-27 00:32:17.000', 6),
(1577, 211, 2, 2, 0, '2023-08-27 00:32:38.000', 9),
(1578, 211, 17, 15, 0, '2023-08-27 00:33:12.000', 11),
(1579, 212, 12, 1, 0, '2023-08-27 13:26:12.000', 2),
(1580, 212, 36, 7, 0, '2023-08-27 13:26:20.000', 3),
(1581, 212, 36, 3, 0, '2023-08-27 13:26:27.000', 4),
(1582, 212, 67, 6, 0, '2023-08-27 13:26:41.000', 5),
(1583, 212, 4, 1, 0, '2023-08-27 13:26:41.000', 6),
(1584, 212, 2, 0, 0, '2023-08-27 13:26:42.000', 8),
(1585, 212, 10, 2, 0, '2023-08-27 13:26:08.000', 11),
(1586, 212, 10, 0, 0, '2023-08-27 13:26:08.000', 12),
(1587, 213, 10, 6, 0, '2023-08-27 13:00:14.000', 2),
(1588, 213, 29, 16, 0, '2023-08-27 13:00:16.000', 3),
(1589, 213, 17, 7, 0, '2023-08-27 13:00:17.000', 4),
(1590, 213, 99, 39, 0, '2023-08-27 13:00:18.000', 5),
(1591, 213, 9, 3, 0, '2023-08-27 13:00:18.000', 6),
(1592, 213, 7, 4, 0, '2023-08-27 13:00:19.000', 7),
(1593, 213, 2, 0, 0, '2023-08-27 13:00:12.000', 9),
(1594, 213, 2, 1, 0, '2023-08-27 13:00:12.000', 10),
(1595, 213, 9, 5, 0, '2023-08-27 13:00:13.000', 11),
(1596, 213, 12, 6, 0, '2023-08-27 13:00:14.000', 12),
(1597, 214, 9, 5, 0, '2023-08-27 13:27:18.000', 2),
(1598, 214, 16, 7, 0, '2023-08-27 13:27:18.000', 3),
(1599, 214, 8, 4, 0, '2023-08-27 13:27:19.000', 4),
(1600, 214, 147, 56, 0, '2023-08-27 13:27:21.000', 5),
(1601, 214, 6, 4, 0, '2023-08-27 13:27:18.000', 6),
(1602, 214, 4, 3, 0, '2023-08-27 13:27:20.000', 11),
(1603, 214, 18, 13, 0, '2023-08-27 13:27:16.000', 12),
(1604, 215, 4, 3, 0, '2023-08-26 16:13:05.000', 2),
(1605, 215, 9, 6, 0, '2023-08-27 11:45:06.000', 3),
(1606, 215, 14, 13, 0, '2023-08-27 11:15:05.000', 4),
(1607, 215, 16, 10, 0, '2023-08-27 10:41:49.000', 5),
(1608, 215, 2, 2, 0, '2023-08-26 16:13:13.000', 7),
(1609, 215, 5, 5, 0, '2023-08-26 16:13:16.000', 12),
(1610, 216, 10, 5, 0, '2023-08-27 13:00:19.000', 2),
(1611, 216, 37, 6, 0, '2023-08-27 13:00:21.000', 3),
(1612, 216, 7, 1, 0, '2023-08-27 13:00:21.000', 4),
(1613, 216, 74, 14, 0, '2023-08-27 13:00:23.000', 5),
(1614, 216, 9, 6, 0, '2023-08-27 13:00:23.000', 6),
(1615, 217, 15, 3, 0, '2023-08-27 13:20:16.000', 2),
(1616, 217, 34, 10, 0, '2023-08-27 13:20:17.000', 3),
(1617, 217, 40, 20, 0, '2023-08-27 13:20:17.000', 4),
(1618, 217, 215, 73, 0, '2023-08-27 13:20:18.000', 5),
(1619, 217, 49, 29, 0, '2023-08-27 13:20:19.000', 6),
(1620, 217, 5, 0, 0, '2023-08-27 13:20:19.000', 7),
(1621, 218, 4, 2, 0, '2023-08-27 13:15:17.000', 1),
(1622, 218, 51, 16, 0, '2023-08-27 13:15:17.000', 2),
(1623, 218, 122, 69, 0, '2023-08-27 13:15:20.000', 3),
(1624, 218, 124, 60, 0, '2023-08-27 13:15:18.000', 4),
(1625, 218, 360, 98, 0, '2023-08-27 13:15:19.000', 5),
(1626, 218, 33, 10, 0, '2023-08-27 13:15:19.000', 6),
(1627, 218, 90, 15, 0, '2023-08-27 13:15:18.000', 7),
(1628, 218, 12, 3, 0, '2023-08-27 13:15:21.000', 8),
(1629, 218, 10, 2, 0, '2023-08-27 13:15:22.000', 9),
(1630, 218, 10, 3, 0, '2023-08-27 13:15:22.000', 10),
(1631, 218, 52, 33, 0, '2023-08-27 13:15:21.000', 11),
(1632, 219, 5, 5, 0, '2023-08-27 13:20:00.000', 1),
(1633, 219, 6, 5, 0, '2023-08-27 13:20:00.000', 2),
(1634, 219, 12, 6, 0, '2023-08-27 13:20:00.000', 3),
(1635, 219, 20, 12, 0, '2023-08-27 13:19:59.000', 4),
(1636, 219, 19, 9, 0, '2023-08-27 13:19:59.000', 5),
(1637, 219, 4, 3, 0, '2023-08-27 13:19:59.000', 6),
(1638, 219, 5, 2, 0, '2023-08-27 13:19:59.000', 7),
(1639, 219, 2, 2, 0, '2023-08-27 13:19:59.000', 9),
(1640, 219, 2, 2, 0, '2023-08-27 13:19:59.000', 10),
(1641, 219, 3, 3, 0, '2023-08-27 13:20:00.000', 11),
(1642, 220, 1, 0, 0, '2023-08-27 13:20:53.000', 2),
(1643, 220, 16, 10, 0, '2023-08-27 13:20:59.000', 3),
(1644, 220, 44, 19, 0, '2023-08-27 13:20:56.000', 4),
(1645, 220, 52, 9, 0, '2023-08-27 13:20:58.000', 5),
(1646, 220, 7, 3, 0, '2023-08-27 13:20:58.000', 6),
(1647, 220, 2, 2, 0, '2023-08-27 13:20:58.000', 9),
(1648, 220, 4, 4, 0, '2023-08-27 13:20:58.000', 10),
(1649, 220, 1, 0, 0, '2023-08-27 13:20:52.000', 11),
(1650, 220, 19, 16, 0, '2023-08-27 13:20:53.000', 12),
(1651, 221, 1, 1, 0, '2023-08-26 22:35:55.000', 1),
(1652, 221, 5, 4, 0, '2023-08-26 22:36:03.000', 2),
(1653, 221, 22, 19, 0, '2023-08-26 22:36:16.000', 3),
(1654, 221, 26, 18, 0, '2023-08-26 22:36:31.000', 4),
(1655, 221, 24, 13, 0, '2023-08-26 22:36:46.000', 5),
(1656, 221, 4, 2, 0, '2023-08-26 22:36:54.000', 6),
(1657, 221, 4, 4, 0, '2023-08-26 22:37:04.000', 9),
(1658, 221, 2, 1, 0, '2023-08-26 22:37:13.000', 11),
(1659, 221, 12, 11, 0, '2023-08-26 22:38:29.000', 12),
(1660, 222, 10, 9, 0, '2023-08-27 13:01:11.000', 2),
(1661, 222, 15, 10, 0, '2023-08-27 13:01:12.000', 3),
(1662, 222, 10, 6, 0, '2023-08-27 13:01:13.000', 4),
(1663, 222, 20, 12, 0, '2023-08-27 13:01:13.000', 5),
(1664, 222, 8, 5, 0, '2023-08-27 13:01:11.000', 6),
(1665, 222, 1, 1, 0, '2023-08-27 13:01:12.000', 9),
(1666, 222, 1, 1, 0, '2023-08-27 13:01:12.000', 10),
(1667, 222, 4, 4, 0, '2023-08-27 13:01:13.000', 12),
(1668, 223, 1, 1, 0, '2023-08-27 00:59:42.000', 2),
(1669, 223, 9, 6, 0, '2023-08-27 08:09:37.000', 3),
(1670, 223, 18, 11, 0, '2023-08-27 02:13:31.000', 4),
(1671, 223, 72, 40, 0, '2023-08-27 11:09:10.000', 5),
(1672, 223, 5, 4, 0, '2023-08-27 07:00:16.000', 6),
(1673, 223, 5, 4, 0, '2023-08-26 16:13:26.000', 9),
(1674, 223, 1, 1, 0, '2023-08-26 16:13:29.000', 10),
(1675, 223, 10, 8, 0, '2023-08-26 16:13:31.000', 11),
(1676, 223, 10, 8, 0, '2023-08-26 23:49:18.000', 12),
(1677, 224, 18, 7, 0, '2023-08-26 23:04:08.000', 2),
(1678, 224, 22, 6, 0, '2023-08-26 23:04:21.000', 3),
(1679, 224, 20, 4, 0, '2023-08-26 23:04:34.000', 4),
(1680, 224, 31, 22, 0, '2023-08-26 23:04:54.000', 5),
(1681, 224, 17, 3, 0, '2023-08-26 23:05:07.000', 6),
(1682, 224, 6, 3, 0, '2023-08-26 23:05:14.000', 9),
(1683, 224, 3, 0, 0, '2023-08-26 23:05:25.000', 10),
(1684, 224, 5, 2, 0, '2023-08-26 23:05:47.000', 11),
(1685, 224, 8, 3, 0, '2023-08-26 23:06:00.000', 12),
(1686, 225, 8, 1, 0, '2023-08-26 18:04:42.000', 1),
(1687, 225, 47, 41, 0, '2023-08-26 18:04:25.000', 2),
(1688, 225, 7, 7, 0, '2023-08-26 18:04:07.000', 3),
(1689, 225, 5, 4, 0, '2023-08-26 18:04:00.000', 4),
(1690, 225, 25, 24, 0, '2023-08-26 18:03:44.000', 5),
(1691, 225, 6, 6, 0, '2023-08-26 18:03:27.000', 6),
(1692, 225, 3, 3, 0, '2023-08-26 18:03:21.000', 11),
(1693, 226, 4, 0, 0, '2023-08-26 17:10:08.000', 1),
(1694, 226, 8, 0, 0, '2023-08-26 17:10:09.000', 2),
(1695, 226, 20, 2, 0, '2023-08-26 23:06:52.000', 3),
(1696, 226, 26, 8, 0, '2023-08-26 23:07:20.000', 4),
(1697, 226, 17, 10, 0, '2023-08-26 23:07:57.000', 5),
(1698, 227, 4, 0, 0, '2023-08-27 08:59:16.000', 2),
(1699, 227, 6, 2, 0, '2023-08-25 13:53:58.000', 6),
(1700, 228, 1, 0, 0, '2023-08-26 23:44:23.000', 1),
(1701, 228, 5, 2, 0, '2023-08-26 23:46:32.000', 2),
(1702, 228, 5, 2, 0, '2023-08-26 23:46:57.000', 3),
(1703, 228, 5, 2, 0, '2023-08-26 23:47:05.000', 4),
(1704, 228, 7, 7, 0, '2023-08-26 23:47:15.000', 5),
(1705, 228, 2, 2, 0, '2023-08-26 23:47:20.000', 6),
(1706, 228, 1, 1, 0, '2023-08-26 23:47:25.000', 9),
(1707, 228, 4, 4, 0, '2023-08-26 23:47:36.000', 11),
(1708, 228, 5, 4, 0, '2023-08-26 23:48:02.000', 12),
(1709, 229, 44, 10, 0, '2023-08-26 19:09:46.000', 1),
(1710, 229, 35, 10, 0, '2023-08-26 18:41:44.000', 2),
(1711, 229, 32, 5, 0, '2023-08-26 18:41:50.000', 3),
(1712, 229, 54, 6, 0, '2023-08-26 18:42:10.000', 4),
(1713, 229, 57, 7, 0, '2023-08-26 18:42:20.000', 5),
(1714, 229, 18, 0, 0, '2023-08-26 18:42:27.000', 6),
(1715, 229, 16, 0, 0, '2023-08-26 18:42:31.000', 7),
(1716, 229, 2, 0, 0, '2023-08-26 18:42:37.000', 9),
(1717, 229, 2, 0, 0, '2023-08-26 18:42:41.000', 10),
(1718, 230, 1, 1, 0, '2023-08-27 10:00:12.000', 1),
(1719, 230, 10, 3, 0, '2023-08-27 10:00:10.000', 2),
(1720, 230, 76, 13, 0, '2023-08-27 10:00:13.000', 3),
(1721, 230, 45, 12, 0, '2023-08-27 10:00:13.000', 4),
(1722, 230, 44, 10, 0, '2023-08-27 10:00:08.000', 5),
(1723, 230, 10, 1, 0, '2023-08-27 10:00:08.000', 6),
(1724, 230, 1, 0, 0, '2023-08-27 10:00:11.000', 9),
(1725, 230, 2, 1, 0, '2023-08-27 10:00:09.000', 10),
(1726, 230, 4, 3, 0, '2023-08-27 10:00:10.000', 11),
(1727, 231, 6, 4, 0, '2023-08-27 13:11:10.000', 1),
(1728, 231, 4, 3, 0, '2023-08-27 13:11:10.000', 2),
(1729, 231, 24, 9, 0, '2023-08-27 13:11:13.000', 3),
(1730, 231, 40, 8, 0, '2023-08-27 13:11:15.000', 4),
(1731, 231, 62, 29, 0, '2023-08-27 13:11:17.000', 5),
(1732, 231, 5, 0, 0, '2023-08-27 13:11:18.000', 6),
(1733, 231, 6, 4, 0, '2023-08-27 13:11:20.000', 9),
(1734, 231, 2, 1, 0, '2023-08-27 13:11:20.000', 10),
(1735, 232, 2, 2, 0, '2023-08-27 13:00:04.000', 2),
(1736, 232, 44, 18, 0, '2023-08-27 13:00:17.000', 3),
(1737, 232, 96, 62, 0, '2023-08-27 13:00:35.000', 4),
(1738, 232, 116, 47, 0, '2023-08-27 13:00:47.000', 5),
(1739, 232, 10, 0, 0, '2023-08-27 13:00:49.000', 6),
(1740, 232, 7, 6, 0, '2023-08-27 13:00:53.000', 8),
(1741, 232, 7, 4, 0, '2023-08-27 13:00:57.000', 10),
(1742, 232, 19, 14, 0, '2023-08-27 13:01:10.000', 11),
(1743, 232, 12, 8, 0, '2023-08-27 13:01:11.000', 12),
(1744, 233, 6, 3, 0, '2023-08-27 13:24:06.000', 2),
(1745, 233, 33, 21, 0, '2023-08-27 13:24:09.000', 3),
(1746, 233, 45, 15, 0, '2023-08-27 13:24:11.000', 4),
(1747, 233, 36, 4, 0, '2023-08-27 13:24:13.000', 5),
(1748, 233, 7, 4, 0, '2023-08-27 13:24:14.000', 7),
(1749, 233, 1, 1, 0, '2023-08-27 13:24:06.000', 9),
(1750, 234, 6, 3, 0, '2023-08-27 13:27:16.000', 1),
(1751, 234, 20, 1, 0, '2023-08-27 13:27:17.000', 2),
(1752, 234, 68, 22, 0, '2023-08-27 13:27:20.000', 3),
(1753, 234, 64, 15, 0, '2023-08-27 13:27:24.000', 4),
(1754, 234, 189, 27, 0, '2023-08-27 13:27:29.000', 5),
(1755, 234, 22, 4, 0, '2023-08-27 13:27:29.000', 6),
(1756, 234, 10, 1, 0, '2023-08-27 13:27:30.000', 9),
(1757, 234, 13, 7, 0, '2023-08-27 13:27:30.000', 10),
(1758, 234, 29, 14, 0, '2023-08-27 13:27:32.000', 11),
(1759, 235, 15, 11, 0, '2023-08-27 13:28:14.000', 2),
(1760, 235, 26, 14, 0, '2023-08-27 13:28:29.000', 3),
(1761, 235, 28, 15, 0, '2023-08-27 13:23:56.000', 4),
(1762, 235, 28, 5, 0, '2023-08-27 13:24:16.000', 5),
(1763, 235, 4, 1, 0, '2023-08-27 13:24:22.000', 6),
(1764, 235, 4, 4, 0, '2023-08-27 13:27:48.000', 11),
(1765, 235, 21, 16, 0, '2023-08-27 13:27:53.000', 12),
(1766, 236, 2, 2, 0, '2023-08-27 13:01:48.000', 2),
(1767, 236, 3, 3, 0, '2023-08-27 13:01:51.000', 3),
(1768, 236, 14, 10, 0, '2023-08-27 13:01:49.000', 4),
(1769, 236, 26, 24, 0, '2023-08-27 13:01:52.000', 5),
(1770, 236, 1, 1, 0, '2023-08-27 13:01:53.000', 6),
(1771, 236, 4, 3, 0, '2023-08-27 13:01:48.000', 7),
(1772, 237, 26, 9, 0, '2023-08-27 13:15:01.000', 2),
(1773, 237, 16, 5, 0, '2023-08-27 13:15:02.000', 3),
(1774, 237, 24, 6, 0, '2023-08-27 13:15:02.000', 4),
(1775, 237, 146, 41, 0, '2023-08-27 13:15:02.000', 5),
(1776, 237, 8, 4, 0, '2023-08-27 13:15:03.000', 6),
(1777, 237, 7, 3, 0, '2023-08-27 13:15:03.000', 7),
(1778, 237, 1, 1, 0, '2023-08-27 13:15:03.000', 10),
(1779, 237, 39, 15, 0, '2023-08-27 13:15:04.000', 12),
(1780, 238, 1, 0, 0, '2023-08-27 13:14:58.000', 1),
(1781, 238, 6, 5, 0, '2023-08-27 13:14:59.000', 2),
(1782, 238, 4, 4, 0, '2023-08-27 13:14:59.000', 3),
(1783, 238, 8, 4, 0, '2023-08-27 13:15:00.000', 4),
(1784, 238, 18, 5, 0, '2023-08-27 13:14:58.000', 5),
(1785, 238, 3, 3, 0, '2023-08-27 13:14:56.000', 6),
(1786, 239, 7, 0, 0, '2023-08-27 13:02:01.000', 2),
(1787, 239, 4, 0, 0, '2023-08-27 13:02:02.000', 3),
(1788, 239, 7, 0, 0, '2023-08-27 13:02:02.000', 4),
(1789, 239, 29, 3, 0, '2023-08-27 13:02:02.000', 5),
(1790, 240, 8, 8, 0, '2023-08-26 18:24:39.000', 2),
(1791, 240, 8, 7, 0, '2023-08-26 18:27:42.000', 3),
(1792, 240, 14, 9, 0, '2023-08-26 18:29:57.000', 4),
(1793, 240, 35, 13, 0, '2023-08-26 18:31:01.000', 5),
(1794, 240, 6, 3, 0, '2023-08-26 18:31:09.000', 6),
(1795, 240, 2, 2, 0, '2023-08-26 18:31:16.000', 9),
(1796, 240, 2, 2, 0, '2023-08-26 18:31:21.000', 10),
(1797, 240, 11, 5, 0, '2023-08-26 18:31:31.000', 12),
(1798, 241, 2, 0, 0, '2023-08-27 00:42:49.000', 2),
(1799, 241, 3, 1, 0, '2023-08-27 00:42:59.000', 3),
(1800, 241, 4, 0, 0, '2023-08-27 00:43:05.000', 4),
(1801, 241, 14, 0, 0, '2023-08-27 00:43:13.000', 5),
(1802, 241, 1, 0, 0, '2023-08-27 00:43:19.000', 6),
(1803, 241, 1, 0, 0, '2023-08-27 00:43:27.000', 11),
(1804, 242, 4, 4, 0, '2023-08-27 01:56:30.000', 2),
(1805, 242, 3, 2, 0, '2023-08-27 01:58:04.000', 3),
(1806, 242, 10, 7, 0, '2023-08-27 01:59:19.000', 4),
(1807, 242, 20, 2, 0, '2023-08-27 02:00:55.000', 5),
(1808, 242, 3, 3, 0, '2023-08-27 02:01:16.000', 12),
(1809, 243, 14, 14, 0, '2023-08-27 13:15:32.000', 2),
(1810, 243, 10, 6, 0, '2023-08-27 13:15:33.000', 3),
(1811, 243, 19, 12, 0, '2023-08-27 13:15:33.000', 4),
(1812, 243, 56, 35, 0, '2023-08-27 13:15:34.000', 5),
(1813, 243, 9, 3, 0, '2023-08-27 13:15:34.000', 6),
(1814, 243, 5, 2, 0, '2023-08-27 13:15:34.000', 7),
(1815, 243, 8, 5, 0, '2023-08-27 13:15:35.000', 9),
(1816, 243, 9, 3, 0, '2023-08-27 13:15:36.000', 11),
(1817, 243, 12, 7, 0, '2023-08-27 13:15:36.000', 12),
(1818, 244, 22, 2, 0, '2023-08-27 13:27:52.000', 3),
(1819, 244, 47, 29, 0, '2023-08-27 13:27:54.000', 4),
(1820, 244, 80, 42, 0, '2023-08-27 13:27:55.000', 5),
(1821, 244, 6, 1, 0, '2023-08-27 13:27:55.000', 6),
(1822, 244, 7, 5, 0, '2023-08-27 13:27:50.000', 9),
(1823, 245, 13, 6, 0, '2023-08-27 13:25:10.000', 1),
(1824, 245, 21, 6, 0, '2023-08-27 13:25:09.000', 2),
(1825, 245, 25, 4, 0, '2023-08-27 13:25:11.000', 3),
(1826, 245, 16, 5, 0, '2023-08-27 13:25:10.000', 4),
(1827, 245, 61, 6, 0, '2023-08-27 13:25:11.000', 5),
(1828, 245, 9, 3, 0, '2023-08-27 13:25:11.000', 8),
(1829, 245, 1, 1, 0, '2023-08-27 13:25:06.000', 11),
(1830, 246, 1, 1, 0, '2023-08-27 13:00:36.000', 11),
(1831, 247, 5, 5, 0, '2023-08-27 13:28:01.000', 1),
(1832, 247, 20, 9, 0, '2023-08-27 13:28:01.000', 2),
(1833, 247, 30, 15, 0, '2023-08-27 13:28:02.000', 3),
(1834, 247, 23, 10, 0, '2023-08-27 13:28:02.000', 4),
(1835, 247, 73, 37, 0, '2023-08-27 13:28:02.000', 5),
(1836, 247, 15, 1, 0, '2023-08-27 13:28:02.000', 6),
(1837, 247, 3, 0, 0, '2023-08-27 13:28:03.000', 7),
(1838, 247, 3, 0, 0, '2023-08-27 13:28:03.000', 8),
(1839, 247, 6, 1, 0, '2023-08-27 13:28:03.000', 9),
(1840, 247, 3, 1, 0, '2023-08-27 13:28:03.000', 10),
(1841, 247, 5, 4, 0, '2023-08-27 13:28:03.000', 11),
(1842, 247, 9, 8, 0, '2023-08-27 13:28:03.000', 12),
(1843, 248, 2, 2, 0, '2023-08-27 13:26:22.000', 1),
(1844, 248, 53, 27, 0, '2023-08-27 13:26:23.000', 2),
(1845, 248, 91, 36, 0, '2023-08-27 13:26:24.000', 3),
(1846, 248, 34, 16, 0, '2023-08-27 13:26:25.000', 4),
(1847, 248, 81, 42, 0, '2023-08-27 13:26:29.000', 5),
(1848, 248, 17, 4, 0, '2023-08-27 13:26:31.000', 6),
(1849, 248, 27, 11, 0, '2023-08-27 13:26:35.000', 7),
(1850, 248, 5, 3, 0, '2023-08-27 13:26:36.000', 8),
(1851, 248, 5, 2, 0, '2023-08-27 13:26:38.000', 9),
(1852, 248, 2, 2, 0, '2023-08-27 13:26:39.000', 10),
(1853, 248, 9, 3, 0, '2023-08-27 13:26:40.000', 11),
(1854, 249, 53, 31, 0, '2023-08-27 13:26:17.000', 1),
(1855, 249, 40, 16, 0, '2023-08-27 13:26:17.000', 2),
(1856, 249, 35, 21, 0, '2023-08-27 13:26:18.000', 3),
(1857, 249, 52, 36, 0, '2023-08-27 13:26:18.000', 4),
(1858, 249, 46, 39, 0, '2023-08-27 13:26:18.000', 5),
(1859, 249, 12, 4, 0, '2023-08-27 13:26:18.000', 6),
(1860, 249, 15, 2, 0, '2023-08-27 13:26:18.000', 7),
(1861, 249, 10, 8, 0, '2023-08-27 13:26:19.000', 8),
(1862, 249, 6, 6, 0, '2023-08-27 13:26:17.000', 9),
(1863, 249, 4, 3, 0, '2023-08-27 13:26:17.000', 10),
(1864, 250, 2, 2, 0, '2023-08-27 03:22:09.000', 1),
(1865, 250, 4, 3, 0, '2023-08-27 03:22:17.000', 2),
(1866, 250, 18, 12, 0, '2023-08-27 03:22:24.000', 3),
(1867, 250, 8, 8, 0, '2023-08-27 03:22:29.000', 4),
(1868, 250, 12, 7, 0, '2023-08-27 03:22:33.000', 5),
(1869, 251, 9, 4, 0, '2023-08-27 13:00:02.000', 2),
(1870, 251, 17, 4, 0, '2023-08-27 13:00:02.000', 3),
(1871, 251, 55, 37, 0, '2023-08-27 13:00:02.000', 4),
(1872, 251, 61, 26, 0, '2023-08-27 13:00:02.000', 5),
(1873, 251, 15, 4, 0, '2023-08-27 13:00:03.000', 6),
(1874, 251, 44, 42, 0, '2023-08-27 13:00:03.000', 11),
(1875, 252, 5, 5, 0, '2023-08-27 01:31:44.000', 2),
(1876, 252, 4, 4, 0, '2023-08-27 01:31:45.000', 3),
(1877, 252, 8, 6, 0, '2023-08-27 05:45:25.000', 4),
(1878, 252, 12, 6, 0, '2023-08-27 12:53:50.000', 5),
(1879, 252, 5, 5, 0, '2023-08-27 01:31:46.000', 9),
(1880, 252, 1, 1, 0, '2023-08-27 01:31:47.000', 11),
(1881, 252, 16, 14, 0, '2023-08-27 10:29:14.000', 12),
(1882, 253, 17, 12, 0, '2023-08-27 00:34:58.000', 2),
(1883, 253, 6, 4, 0, '2023-08-27 00:35:11.000', 3),
(1884, 253, 4, 2, 0, '2023-08-27 00:35:25.000', 4),
(1885, 253, 23, 15, 0, '2023-08-27 00:36:06.000', 5),
(1886, 253, 3, 3, 0, '2023-08-27 00:36:18.000', 6),
(1887, 253, 2, 2, 0, '2023-08-27 00:36:31.000', 9),
(1888, 253, 5, 4, 0, '2023-08-27 00:37:00.000', 11),
(1889, 254, 13, 12, 0, '2023-08-27 13:18:13.000', 1),
(1890, 254, 21, 17, 0, '2023-08-27 13:18:08.000', 2),
(1891, 254, 27, 12, 0, '2023-08-27 13:18:17.000', 3),
(1892, 254, 43, 32, 0, '2023-08-27 13:18:22.000', 4),
(1893, 254, 53, 29, 0, '2023-08-27 13:17:39.000', 5),
(1894, 254, 10, 5, 0, '2023-08-27 13:17:53.000', 6),
(1895, 254, 6, 6, 0, '2023-08-27 13:18:19.000', 7),
(1896, 254, 3, 3, 0, '2023-08-27 13:17:44.000', 11),
(1897, 255, 3, 3, 0, '2023-08-27 13:00:04.000', 1),
(1898, 255, 16, 12, 0, '2023-08-27 13:00:05.000', 2),
(1899, 255, 16, 6, 0, '2023-08-27 13:00:05.000', 3),
(1900, 255, 41, 11, 0, '2023-08-27 13:00:05.000', 4),
(1901, 255, 47, 15, 0, '2023-08-27 13:00:06.000', 5),
(1902, 255, 8, 6, 0, '2023-08-27 13:00:08.000', 6),
(1903, 255, 3, 1, 0, '2023-08-27 13:00:07.000', 11),
(1904, 255, 8, 8, 0, '2023-08-27 13:00:07.000', 12),
(1905, 256, 4, 2, 0, '2023-08-27 13:28:34.000', 2),
(1906, 256, 9, 3, 0, '2023-08-27 13:28:32.000', 3),
(1907, 256, 30, 14, 0, '2023-08-27 13:28:32.000', 4),
(1908, 256, 26, 2, 0, '2023-08-27 13:28:33.000', 5),
(1909, 256, 4, 0, 0, '2023-08-27 13:28:30.000', 6),
(1910, 256, 2, 2, 0, '2023-08-27 13:28:33.000', 9),
(1911, 256, 2, 2, 0, '2023-08-27 13:28:33.000', 10),
(1912, 256, 10, 5, 0, '2023-08-27 13:28:31.000', 11),
(1913, 256, 11, 2, 0, '2023-08-27 13:28:34.000', 12),
(1914, 257, 29, 25, 0, '2023-08-26 23:39:47.000', 1),
(1915, 257, 32, 8, 0, '2023-08-26 23:39:58.000', 2),
(1916, 257, 60, 8, 0, '2023-08-26 23:40:08.000', 3),
(1917, 257, 62, 22, 0, '2023-08-26 23:40:22.000', 4),
(1918, 257, 176, 6, 0, '2023-08-26 23:40:34.000', 5),
(1919, 257, 26, 7, 0, '2023-08-26 23:40:45.000', 6),
(1920, 257, 26, 0, 0, '2023-08-26 23:41:09.000', 7),
(1921, 257, 16, 3, 0, '2023-08-26 23:41:41.000', 8),
(1922, 257, 12, 1, 0, '2023-08-26 23:41:56.000', 13),
(1923, 257, 8, 0, 0, '2023-08-26 23:42:33.000', 9),
(1924, 257, 6, 0, 0, '2023-08-26 23:42:49.000', 10),
(1925, 257, 11, 5, 0, '2023-08-26 23:43:04.000', 11),
(1926, 257, 10, 7, 0, '2023-08-26 23:43:18.000', 12),
(1927, 258, 6, 6, 0, '2023-08-27 00:32:30.000', 2),
(1928, 258, 12, 12, 0, '2023-08-27 00:32:40.000', 3),
(1929, 258, 12, 12, 0, '2023-08-27 00:32:47.000', 4),
(1930, 258, 11, 11, 0, '2023-08-27 00:33:01.000', 5),
(1931, 258, 7, 7, 0, '2023-08-27 00:35:39.000', 12),
(1932, 259, 5, 5, 0, '2023-08-26 22:48:00.000', 2),
(1933, 259, 8, 3, 0, '2023-08-26 22:48:58.000', 3),
(1934, 259, 5, 5, 0, '2023-08-26 22:49:23.000', 4),
(1935, 259, 12, 1, 0, '2023-08-26 22:49:47.000', 5),
(1936, 259, 2, 1, 0, '2023-08-26 22:49:57.000', 7),
(1937, 259, 5, 3, 0, '2023-08-26 22:50:18.000', 11),
(1938, 259, 17, 7, 0, '2023-08-25 22:54:45.000', 12),
(1939, 260, 2, 2, 0, '2023-08-26 23:25:10.000', 2),
(1940, 260, 5, 3, 0, '2023-08-26 23:25:26.000', 3),
(1941, 260, 11, 6, 0, '2023-08-26 23:25:45.000', 4),
(1942, 260, 67, 53, 0, '2023-08-26 23:26:04.000', 5),
(1943, 260, 5, 5, 0, '2023-08-26 23:26:11.000', 6),
(1944, 260, 2, 2, 0, '2023-08-26 23:26:17.000', 11),
(1945, 261, 6, 6, 0, '2023-08-27 13:00:26.000', 1),
(1946, 261, 4, 3, 0, '2023-08-27 13:00:25.000', 2),
(1947, 261, 8, 3, 0, '2023-08-27 13:00:22.000', 3),
(1948, 261, 17, 11, 0, '2023-08-27 13:00:23.000', 4),
(1949, 261, 25, 9, 0, '2023-08-27 13:00:24.000', 5),
(1950, 261, 6, 0, 0, '2023-08-27 13:00:21.000', 11),
(1951, 262, 3, 3, 0, '2023-08-26 23:23:52.000', 2),
(1952, 262, 3, 3, 0, '2023-08-26 23:25:39.000', 3),
(1953, 262, 6, 6, 0, '2023-08-26 23:26:12.000', 4),
(1954, 262, 9, 8, 0, '2023-08-26 23:26:29.000', 5),
(1955, 262, 2, 2, 0, '2023-08-26 23:27:00.000', 7),
(1956, 262, 3, 3, 0, '2023-08-26 23:27:16.000', 9),
(1957, 262, 4, 4, 0, '2023-08-26 23:27:51.000', 11),
(1958, 262, 2, 2, 0, '2023-08-26 23:28:03.000', 12),
(1959, 263, 4, 2, 0, '2023-08-27 13:26:42.000', 3),
(1960, 263, 23, 18, 0, '2023-08-27 13:26:51.000', 4),
(1961, 263, 30, 20, 0, '2023-08-27 13:26:48.000', 5),
(1962, 263, 4, 4, 0, '2023-08-27 13:26:46.000', 6),
(1963, 263, 1, 1, 0, '2023-08-27 13:26:46.000', 7),
(1964, 263, 3, 3, 0, '2023-08-27 13:26:48.000', 9),
(1965, 263, 1, 1, 0, '2023-08-27 13:26:51.000', 10),
(1966, 264, 2, 2, 0, '2023-08-27 12:00:02.000', 2),
(1967, 264, 13, 9, 0, '2023-08-27 12:00:03.000', 3),
(1968, 264, 97, 45, 0, '2023-08-27 12:00:05.000', 4),
(1969, 264, 237, 107, 0, '2023-08-27 12:00:06.000', 5),
(1970, 264, 5, 4, 0, '2023-08-27 12:00:07.000', 11),
(1971, 265, 1, 0, 0, '2023-08-27 13:28:58.000', 1),
(1972, 265, 19, 4, 0, '2023-08-27 13:28:58.000', 2),
(1973, 265, 38, 13, 0, '2023-08-27 13:28:59.000', 3),
(1974, 265, 56, 24, 0, '2023-08-27 13:28:59.000', 4),
(1975, 265, 45, 10, 0, '2023-08-27 13:28:59.000', 5),
(1976, 265, 8, 1, 0, '2023-08-27 13:28:59.000', 6),
(1977, 265, 5, 0, 0, '2023-08-27 13:29:00.000', 7),
(1978, 265, 9, 4, 0, '2023-08-27 13:29:00.000', 9),
(1979, 265, 1, 1, 0, '2023-08-27 13:29:00.000', 10),
(1980, 265, 22, 14, 0, '2023-08-27 13:29:00.000', 11),
(1981, 265, 4, 1, 0, '2023-08-27 13:29:01.000', 12),
(1982, 266, 3, 3, 0, '2023-08-26 23:32:32.000', 3),
(1983, 266, 5, 3, 0, '2023-08-26 23:32:58.000', 4),
(1984, 266, 31, 27, 0, '2023-08-26 23:35:46.000', 5),
(1985, 266, 3, 3, 0, '2023-08-26 23:35:55.000', 6),
(1986, 266, 2, 2, 0, '2023-08-26 23:36:07.000', 7),
(1987, 266, 2, 2, 0, '2023-08-26 23:36:32.000', 10),
(1988, 266, 7, 7, 0, '2023-08-26 23:37:14.000', 11),
(1989, 267, 7, 1, 0, '2023-08-27 01:52:49.000', 2),
(1990, 267, 10, 5, 0, '2023-08-27 01:53:24.000', 3),
(1991, 267, 22, 16, 0, '2023-08-25 23:37:20.000', 4),
(1992, 267, 36, 13, 0, '2023-08-27 01:54:16.000', 5),
(1993, 267, 7, 7, 0, '2023-08-27 01:54:36.000', 6);
INSERT INTO `beds` (`id`, `hospital_id`, `total`, `empty`, `queue`, `last_update`, `bedclass_id`) VALUES
(1994, 267, 2, 1, 0, '2023-08-25 00:18:17.000', 11),
(1995, 267, 17, 14, 0, '2023-08-27 01:55:13.000', 12),
(1996, 268, 83, 33, 0, '2023-08-27 12:54:06.000', 3),
(1997, 268, 54, 24, 0, '2023-08-27 12:54:07.000', 4),
(1998, 268, 211, 32, 0, '2023-08-27 12:54:17.000', 5),
(1999, 268, 14, 5, 0, '2023-08-27 12:54:18.000', 6),
(2000, 268, 5, 2, 0, '2023-08-27 12:54:18.000', 8),
(2001, 268, 5, 0, 0, '2023-08-27 12:54:18.000', 9),
(2002, 268, 3, 0, 0, '2023-08-27 12:54:18.000', 10),
(2003, 268, 28, 8, 0, '2023-08-27 12:54:18.000', 12),
(2004, 269, 3, 3, 0, '2023-08-27 13:00:08.000', 1),
(2005, 269, 13, 12, 0, '2023-08-27 13:00:05.000', 2),
(2006, 269, 43, 7, 0, '2023-08-27 13:00:06.000', 3),
(2007, 269, 52, 18, 0, '2023-08-27 13:00:06.000', 4),
(2008, 269, 78, 24, 0, '2023-08-27 13:00:06.000', 5),
(2009, 269, 6, 2, 0, '2023-08-27 13:00:07.000', 6),
(2010, 269, 2, 1, 0, '2023-08-27 13:00:07.000', 8),
(2011, 269, 2, 1, 0, '2023-08-24 03:01:27.000', 9),
(2012, 269, 4, 4, 0, '2023-08-27 13:00:07.000', 10),
(2013, 269, 14, 5, 0, '2023-08-27 13:00:07.000', 11),
(2014, 269, 3, 1, 0, '2023-08-26 02:00:21.000', 12),
(2015, 270, 2, 1, 0, '2023-08-27 01:37:24.000', 1),
(2016, 270, 9, 7, 0, '2023-08-27 01:37:37.000', 2),
(2017, 270, 13, 3, 0, '2023-08-27 01:37:56.000', 3),
(2018, 270, 33, 9, 0, '2023-08-27 01:38:19.000', 4),
(2019, 270, 33, 4, 0, '2023-08-27 01:38:35.000', 5),
(2020, 270, 7, 6, 0, '2023-08-27 01:38:44.000', 6),
(2021, 270, 9, 5, 0, '2023-08-27 01:38:58.000', 11),
(2022, 270, 5, 0, 0, '2023-08-27 01:39:10.000', 12),
(2023, 271, 2, 1, 0, '2023-08-26 23:48:56.000', 2),
(2024, 271, 8, 7, 0, '2023-08-26 23:49:31.000', 3),
(2025, 271, 27, 23, 0, '2023-08-26 23:50:47.000', 4),
(2026, 271, 27, 22, 0, '2023-08-26 23:51:43.000', 5),
(2027, 271, 4, 4, 0, '2023-08-26 23:51:50.000', 6),
(2028, 271, 6, 6, 0, '2023-08-26 23:51:57.000', 7),
(2029, 271, 5, 4, 0, '2023-08-26 23:52:06.000', 9),
(2030, 271, 17, 12, 0, '2023-08-26 23:52:15.000', 12),
(2031, 272, 4, 0, 0, '2023-08-27 01:46:42.000', 1),
(2032, 272, 21, 0, 0, '2023-08-27 01:46:58.000', 2),
(2033, 272, 40, 0, 0, '2023-08-27 01:47:32.000', 3),
(2034, 272, 22, 0, 0, '2023-08-27 01:47:20.000', 4),
(2035, 272, 28, 0, 0, '2023-08-27 01:47:49.000', 5),
(2036, 272, 13, 2, 0, '2023-08-27 01:48:48.000', 6),
(2037, 272, 2, 0, 0, '2023-08-27 01:49:16.000', 11),
(2038, 273, 8, 4, 0, '2023-08-26 22:24:41.000', 1),
(2039, 273, 10, 4, 0, '2023-08-26 22:25:05.000', 2),
(2040, 273, 21, 11, 0, '2023-08-26 22:25:22.000', 3),
(2041, 273, 18, 9, 0, '2023-08-26 22:25:43.000', 4),
(2042, 273, 24, 15, 0, '2023-08-26 22:26:18.000', 5),
(2043, 273, 6, 2, 0, '2023-08-24 17:08:02.000', 6),
(2044, 273, 4, 4, 0, '2023-08-24 17:08:08.000', 9),
(2045, 273, 21, 20, 0, '2023-08-26 22:26:01.000', 11),
(2046, 273, 2, 1, 0, '2023-08-24 17:08:24.000', 12),
(2047, 274, 5, 2, 0, '2023-08-27 01:16:17.000', 2),
(2048, 274, 16, 2, 0, '2023-08-27 01:16:32.000', 3),
(2049, 274, 14, 0, 0, '2023-08-27 01:17:05.000', 4),
(2050, 274, 36, 14, 0, '2023-08-27 01:19:30.000', 5),
(2051, 274, 5, 1, 0, '2023-08-27 01:17:36.000', 6),
(2052, 274, 4, 1, 0, '2023-08-27 01:17:43.000', 9),
(2053, 274, 7, 0, 0, '2023-08-27 01:18:10.000', 12),
(2054, 275, 23, 12, 0, '2023-08-27 01:02:26.000', 2),
(2055, 275, 31, 18, 0, '2023-08-27 01:08:45.000', 3),
(2056, 275, 29, 22, 0, '2023-08-27 01:08:20.000', 4),
(2057, 275, 103, 31, 0, '2023-08-27 01:07:51.000', 5),
(2058, 275, 10, 8, 0, '2023-08-27 01:05:12.000', 6),
(2059, 275, 6, 5, 0, '2023-08-27 01:05:02.000', 8),
(2060, 275, 2, 1, 0, '2023-08-27 01:04:52.000', 9),
(2061, 275, 2, 2, 0, '2023-08-27 01:04:42.000', 10),
(2062, 275, 7, 0, 0, '2023-08-27 01:04:34.000', 12),
(2063, 276, 2, 2, 0, '2023-08-26 23:27:07.000', 3),
(2064, 276, 3, 3, 0, '2023-08-26 23:27:39.000', 4),
(2065, 276, 10, 10, 0, '2023-08-26 23:28:15.000', 5),
(2066, 277, 1, 1, 0, '2023-08-26 22:39:29.000', 2),
(2067, 277, 15, 5, 0, '2023-08-26 22:39:45.000', 3),
(2068, 277, 16, 8, 0, '2023-08-26 22:40:25.000', 4),
(2069, 277, 76, 43, 0, '2023-08-26 22:42:05.000', 5),
(2070, 277, 7, 7, 0, '2023-08-26 22:42:18.000', 6),
(2071, 277, 2, 1, 0, '2023-08-26 22:42:37.000', 7),
(2072, 277, 4, 3, 0, '2023-08-26 22:42:47.000', 9),
(2073, 277, 2, 1, 0, '2023-08-26 22:42:57.000', 10),
(2074, 278, 1, 1, 0, '2023-08-27 13:29:38.000', 1),
(2075, 278, 13, 13, 0, '2023-08-27 13:29:40.000', 2),
(2076, 278, 12, 6, 0, '2023-08-27 13:29:42.000', 3),
(2077, 278, 36, 24, 0, '2023-08-27 13:29:12.000', 4),
(2078, 278, 38, 22, 0, '2023-08-27 13:29:14.000', 5),
(2079, 278, 9, 9, 0, '2023-08-27 13:29:14.000', 6),
(2080, 278, 1, 1, 0, '2023-08-27 13:29:39.000', 11),
(2081, 279, 6, 4, 0, '2023-08-27 13:00:02.000', 2),
(2082, 279, 4, 2, 0, '2023-08-27 13:00:02.000', 3),
(2083, 279, 8, 4, 0, '2023-08-27 13:00:02.000', 4),
(2084, 279, 27, 15, 0, '2023-08-27 13:00:03.000', 5),
(2085, 279, 4, 4, 0, '2023-08-27 13:00:03.000', 6),
(2086, 279, 2, 2, 0, '2023-08-27 13:00:01.000', 11),
(2087, 280, 4, 4, 0, '2023-08-27 00:13:41.000', 1),
(2088, 280, 3, 3, 0, '2023-08-27 00:13:39.000', 2),
(2089, 280, 3, 3, 0, '2023-08-27 00:13:31.000', 3),
(2090, 280, 11, 10, 0, '2023-08-27 00:13:21.000', 4),
(2091, 280, 20, 16, 0, '2023-08-27 00:12:57.000', 5),
(2092, 280, 6, 6, 0, '2023-08-27 00:11:56.000', 11),
(2093, 281, 5, 2, 0, '2023-08-26 23:35:13.000', 1),
(2094, 281, 32, 1, 0, '2023-08-26 23:36:13.000', 2),
(2095, 281, 25, 0, 0, '2023-08-26 23:37:38.000', 3),
(2096, 281, 8, 2, 0, '2023-08-26 23:37:59.000', 4),
(2097, 281, 25, 0, 0, '2023-08-26 23:38:15.000', 5),
(2098, 281, 4, 0, 0, '2023-08-26 23:38:26.000', 6),
(2099, 281, 5, 0, 0, '2023-08-26 23:38:57.000', 9),
(2100, 281, 4, 4, 0, '2023-08-26 23:39:12.000', 11),
(2101, 282, 4, 2, 0, '2023-08-26 23:18:09.000', 1),
(2102, 282, 1, 1, 0, '2023-08-26 23:18:23.000', 2),
(2103, 282, 14, 4, 0, '2023-08-26 23:18:33.000', 3),
(2104, 282, 8, 2, 0, '2023-08-26 23:18:46.000', 4),
(2105, 282, 14, 3, 0, '2023-08-26 23:18:57.000', 5),
(2106, 282, 3, 0, 0, '2023-08-26 23:19:05.000', 6),
(2107, 282, 1, 0, 0, '2023-08-26 23:19:12.000', 9),
(2108, 282, 1, 0, 0, '2023-08-26 23:19:19.000', 10),
(2109, 282, 1, 0, 0, '2023-08-26 23:19:25.000', 11),
(2110, 283, 3, 1, 0, '2023-08-27 01:08:30.000', 2),
(2111, 283, 6, 4, 0, '2023-08-27 01:08:44.000', 3),
(2112, 283, 6, 6, 0, '2023-08-27 01:08:57.000', 4),
(2113, 283, 19, 19, 0, '2023-08-25 01:58:01.000', 5),
(2114, 283, 12, 12, 0, '2023-08-26 01:26:31.000', 12),
(2115, 284, 6, 2, 0, '2023-08-27 13:01:04.000', 2),
(2116, 284, 10, 7, 0, '2023-08-27 13:01:06.000', 3),
(2117, 284, 21, 10, 0, '2023-08-27 13:01:09.000', 4),
(2118, 284, 19, 11, 0, '2023-08-27 13:01:11.000', 5),
(2119, 284, 4, 1, 0, '2023-08-27 13:01:12.000', 6),
(2120, 284, 4, 4, 0, '2023-08-27 13:01:13.000', 9),
(2121, 284, 2, 2, 0, '2023-08-27 13:01:13.000', 11),
(2122, 285, 22, 17, 0, '2023-08-27 13:00:13.000', 2),
(2123, 285, 24, 9, 0, '2023-08-27 13:00:14.000', 3),
(2124, 285, 28, 11, 0, '2023-08-27 13:00:10.000', 4),
(2125, 285, 58, 16, 0, '2023-08-27 13:00:22.000', 5),
(2126, 285, 6, 5, 0, '2023-08-27 13:00:12.000', 6),
(2127, 285, 20, 4, 0, '2023-08-27 13:00:24.000', 7),
(2128, 285, 5, 1, 0, '2023-08-27 13:00:11.000', 8),
(2129, 285, 4, 1, 0, '2023-08-27 13:00:12.000', 9),
(2130, 285, 2, 0, 0, '2023-08-27 13:00:23.000', 10),
(2131, 285, 18, 6, 0, '2023-08-27 13:00:24.000', 11),
(2132, 285, 2, 1, 0, '2023-08-27 13:00:21.000', 12),
(2133, 286, 3, 2, 0, '2023-08-27 12:00:02.000', 1),
(2134, 286, 3, 0, 0, '2023-08-27 12:00:02.000', 2),
(2135, 286, 14, 6, 0, '2023-08-27 12:00:02.000', 3),
(2136, 286, 7, 3, 0, '2023-08-27 12:00:02.000', 4),
(2137, 286, 19, 5, 0, '2023-08-27 12:00:01.000', 5),
(2138, 286, 3, 3, 0, '2023-08-27 12:00:01.000', 6),
(2139, 286, 2, 0, 0, '2023-08-27 12:00:02.000', 7),
(2140, 286, 3, 0, 0, '2023-08-27 12:00:02.000', 11),
(2141, 287, 4, 2, 0, '2023-08-27 13:10:01.000', 1),
(2142, 287, 54, 26, 0, '2023-08-27 13:10:01.000', 2),
(2143, 287, 29, 15, 0, '2023-08-27 13:10:02.000', 3),
(2144, 287, 36, 25, 0, '2023-08-27 13:10:02.000', 4),
(2145, 287, 83, 15, 0, '2023-08-27 13:10:02.000', 5),
(2146, 287, 11, 3, 0, '2023-08-27 13:10:02.000', 6),
(2147, 287, 20, 0, 0, '2023-08-27 13:10:03.000', 7),
(2148, 287, 9, 5, 0, '2023-08-27 13:10:03.000', 8),
(2149, 287, 16, 9, 0, '2023-08-27 13:10:05.000', 9),
(2150, 287, 6, 4, 0, '2023-08-27 13:10:06.000', 10),
(2151, 287, 16, 8, 0, '2023-08-27 13:10:06.000', 11),
(2152, 288, 78, 48, 0, '2023-08-27 12:49:06.000', 1),
(2153, 288, 28, 16, 0, '2023-08-27 12:49:19.000', 2),
(2154, 288, 31, 11, 0, '2023-08-27 12:49:28.000', 3),
(2155, 288, 26, 11, 0, '2023-08-27 12:49:33.000', 4),
(2156, 288, 31, 14, 0, '2023-08-27 12:49:36.000', 5),
(2157, 288, 8, 6, 0, '2023-08-27 12:49:38.000', 6),
(2158, 288, 2, 2, 0, '2023-08-27 12:49:38.000', 7),
(2159, 288, 3, 2, 0, '2023-08-27 12:49:39.000', 8),
(2160, 288, 2, 1, 0, '2023-08-27 12:49:40.000', 9),
(2161, 288, 2, 1, 0, '2023-08-27 12:49:40.000', 10),
(2162, 288, 2, 2, 0, '2023-08-27 12:49:42.000', 11),
(2163, 288, 6, 6, 0, '2023-08-27 12:49:42.000', 12),
(2164, 289, 2, 2, 0, '2023-08-27 00:10:12.000', 1),
(2165, 289, 6, 5, 0, '2023-08-27 00:15:10.000', 2),
(2166, 289, 24, 4, 0, '2023-08-27 00:23:06.000', 3),
(2167, 289, 32, 18, 0, '2023-08-27 00:24:09.000', 4),
(2168, 289, 37, 32, 0, '2023-08-27 00:29:19.000', 5),
(2169, 289, 6, 6, 0, '2023-08-27 00:30:01.000', 6),
(2170, 289, 2, 2, 0, '2023-08-27 00:30:45.000', 7),
(2171, 289, 2, 2, 0, '2023-08-27 00:31:35.000', 10),
(2172, 290, 5, 2, 0, '2023-08-27 13:27:03.000', 1),
(2173, 290, 19, 4, 0, '2023-08-27 13:30:00.000', 2),
(2174, 290, 71, 13, 0, '2023-08-27 13:27:09.000', 3),
(2175, 290, 85, 34, 0, '2023-08-27 13:30:01.000', 4),
(2176, 290, 32, 4, 0, '2023-08-27 13:30:02.000', 5),
(2177, 290, 3, 2, 0, '2023-08-27 13:27:03.000', 11),
(2178, 291, 2, 2, 0, '2023-08-26 18:40:48.000', 1),
(2179, 291, 11, 5, 0, '2023-08-26 18:41:40.000', 2),
(2180, 291, 43, 8, 0, '2023-08-26 18:45:30.000', 3),
(2181, 291, 41, 16, 0, '2023-08-26 18:48:07.000', 4),
(2182, 291, 199, 17, 0, '2023-08-26 18:55:37.000', 5),
(2183, 291, 19, 3, 0, '2023-08-26 18:50:15.000', 6),
(2184, 291, 8, 1, 0, '2023-08-26 18:50:40.000', 8),
(2185, 291, 8, 1, 0, '2023-08-26 18:50:56.000', 9),
(2186, 291, 15, 2, 0, '2023-08-26 18:52:47.000', 11),
(2187, 291, 27, 11, 0, '2023-08-26 18:49:08.000', 12),
(2188, 292, 2, 2, 0, '2023-08-26 22:59:23.000', 2),
(2189, 292, 17, 7, 0, '2023-08-26 22:59:33.000', 3),
(2190, 292, 9, 8, 0, '2023-08-26 22:59:41.000', 4),
(2191, 292, 16, 6, 0, '2023-08-26 22:59:50.000', 5),
(2192, 292, 2, 2, 0, '2023-08-26 22:59:56.000', 6),
(2193, 292, 2, 2, 0, '2023-08-26 23:00:02.000', 7),
(2194, 292, 10, 1, 0, '2023-08-26 23:00:12.000', 12),
(2195, 293, 1, 1, 0, '2023-08-26 23:01:57.000', 1),
(2196, 293, 2, 1, 0, '2023-08-26 23:00:43.000', 2),
(2197, 293, 3, 0, 0, '2023-08-26 23:00:50.000', 3),
(2198, 293, 10, 9, 0, '2023-08-26 22:59:28.000', 4),
(2199, 293, 11, 10, 0, '2023-08-26 22:59:38.000', 5),
(2200, 293, 1, 1, 0, '2023-08-26 23:01:11.000', 6),
(2201, 293, 5, 5, 0, '2023-08-26 23:01:21.000', 11),
(2202, 293, 26, 21, 0, '2023-08-26 23:01:42.000', 12),
(2203, 294, 7, 7, 0, '2023-08-27 00:53:14.000', 1),
(2204, 294, 13, 10, 0, '2023-08-27 00:53:24.000', 2),
(2205, 294, 15, 6, 0, '2023-08-27 00:51:31.000', 3),
(2206, 294, 32, 20, 0, '2023-08-27 00:52:24.000', 4),
(2207, 294, 62, 32, 0, '2023-08-27 00:52:38.000', 5),
(2208, 294, 10, 4, 0, '2023-08-27 00:50:06.000', 6),
(2209, 294, 25, 8, 0, '2023-08-27 00:52:58.000', 7),
(2210, 294, 7, 2, 0, '2023-08-27 00:49:51.000', 8),
(2211, 294, 2, 2, 0, '2023-08-27 00:46:20.000', 13),
(2212, 294, 5, 4, 0, '2023-08-25 23:25:28.000', 9),
(2213, 294, 2, 1, 0, '2023-08-27 00:48:44.000', 10),
(2214, 294, 2, 2, 0, '2023-08-27 00:49:06.000', 11),
(2215, 294, 7, 4, 0, '2023-08-27 00:49:35.000', 12),
(2216, 295, 3, 3, 0, '2023-08-27 00:31:59.000', 1),
(2217, 295, 3, 2, 0, '2023-08-27 00:32:22.000', 2),
(2218, 295, 12, 7, 0, '2023-08-27 00:33:26.000', 3),
(2219, 295, 37, 26, 0, '2023-08-27 00:34:51.000', 4),
(2220, 295, 29, 9, 0, '2023-08-27 00:35:53.000', 5),
(2221, 295, 6, 4, 0, '2023-08-27 00:36:05.000', 6),
(2222, 295, 4, 4, 0, '2023-08-27 00:36:16.000', 10),
(2223, 295, 3, 3, 0, '2023-08-27 00:36:34.000', 11),
(2224, 296, 24, 3, 0, '2023-08-27 13:30:13.000', 3),
(2225, 296, 10, 8, 0, '2023-08-27 13:29:44.000', 4),
(2226, 296, 146, 44, 0, '2023-08-27 13:29:46.000', 5),
(2227, 296, 8, 0, 0, '2023-08-27 13:29:46.000', 6),
(2228, 296, 2, 1, 0, '2023-08-27 13:29:47.000', 8),
(2229, 296, 6, 0, 0, '2023-08-27 13:30:11.000', 9),
(2230, 296, 2, 0, 0, '2023-08-27 13:30:11.000', 10),
(2231, 296, 30, 7, 0, '2023-08-27 13:30:11.000', 12),
(2232, 297, 2, 0, 0, '2023-08-26 23:48:30.000', 1),
(2233, 297, 14, 4, 0, '2023-08-26 23:48:51.000', 2),
(2234, 297, 16, 0, 0, '2023-08-26 23:49:11.000', 3),
(2235, 297, 9, 3, 0, '2023-08-26 23:49:33.000', 4),
(2236, 297, 20, 20, 0, '2023-08-26 23:49:59.000', 5),
(2237, 297, 1, 1, 0, '2023-08-26 23:50:11.000', 6),
(2238, 297, 3, 3, 0, '2023-08-26 23:50:19.000', 9),
(2239, 297, 1, 1, 0, '2023-08-26 23:50:27.000', 10),
(2240, 297, 2, 2, 0, '2023-08-26 23:50:44.000', 11),
(2241, 297, 5, 3, 0, '2023-08-26 23:50:55.000', 12),
(2242, 298, 3, 2, 0, '2023-08-27 13:11:38.000', 2),
(2243, 298, 15, 4, 0, '2023-08-27 13:11:54.000', 3),
(2244, 298, 15, 10, 0, '2023-08-27 13:12:05.000', 4),
(2245, 298, 47, 20, 0, '2023-08-27 13:12:03.000', 5),
(2246, 298, 5, 5, 0, '2023-08-27 13:11:30.000', 6),
(2247, 298, 1, 1, 0, '2023-08-27 13:10:56.000', 7),
(2248, 298, 1, 1, 0, '2023-08-27 13:10:39.000', 9),
(2249, 298, 4, 1, 0, '2023-08-27 13:11:58.000', 11),
(2250, 298, 8, 8, 0, '2023-08-27 13:10:58.000', 12),
(2251, 299, 3, 2, 0, '2023-08-26 17:58:51.000', 2),
(2252, 299, 5, 0, 0, '2023-08-26 17:59:18.000', 3),
(2253, 299, 26, 3, 0, '2023-08-26 18:00:05.000', 4),
(2254, 299, 28, 7, 0, '2023-08-26 18:01:25.000', 5),
(2255, 299, 6, 6, 0, '2023-08-26 18:01:31.000', 6),
(2256, 299, 4, 4, 0, '2023-08-26 18:01:37.000', 9),
(2257, 299, 10, 9, 0, '2023-08-26 18:01:44.000', 11),
(2258, 300, 4, 1, 0, '2023-08-27 13:00:01.000', 2),
(2259, 300, 13, 2, 0, '2023-08-27 13:06:00.000', 3),
(2260, 300, 18, 2, 0, '2023-08-27 13:12:00.000', 4),
(2261, 300, 45, 9, 0, '2023-08-27 13:12:00.000', 5),
(2262, 300, 6, 5, 0, '2023-08-27 13:18:00.000', 6),
(2263, 300, 2, 1, 0, '2023-08-27 12:54:00.000', 9),
(2264, 300, 2, 1, 0, '2023-08-27 12:54:00.000', 10),
(2265, 300, 3, 1, 0, '2023-08-27 12:54:00.000', 11),
(2266, 300, 3, 2, 0, '2023-08-27 13:00:00.000', 12),
(2267, 301, 10, 0, 0, '2023-08-22 04:40:19.000', 1),
(2268, 301, 66, 0, 0, '2023-08-22 04:40:44.000', 2),
(2269, 301, 90, 60, 0, '2023-08-26 23:36:12.000', 3),
(2270, 301, 35, 0, 0, '2023-08-26 23:36:42.000', 4),
(2271, 301, 54, 15, 0, '2023-08-26 23:36:33.000', 5),
(2272, 301, 24, 18, 0, '2023-08-26 23:37:13.000', 6),
(2273, 301, 5, 5, 0, '2023-08-26 23:37:22.000', 7),
(2274, 301, 4, 2, 0, '2023-08-26 23:37:32.000', 8),
(2275, 301, 2, 2, 0, '2023-08-26 23:38:12.000', 9),
(2276, 301, 10, 7, 0, '2023-08-26 23:37:51.000', 11),
(2277, 302, 2, 2, 0, '2023-08-26 21:16:04.000', 1),
(2278, 302, 23, 4, 0, '2023-08-26 21:16:06.000', 2),
(2279, 302, 71, 16, 0, '2023-08-26 21:16:09.000', 3),
(2280, 302, 113, 44, 0, '2023-08-26 21:16:12.000', 4),
(2281, 302, 131, 30, 0, '2023-08-26 21:16:13.000', 5),
(2282, 302, 14, 8, 0, '2023-08-26 21:15:40.000', 6),
(2283, 302, 6, 1, 0, '2023-08-26 21:15:40.000', 8),
(2284, 302, 5, 3, 0, '2023-08-26 21:16:05.000', 9),
(2285, 302, 9, 5, 0, '2023-08-26 21:16:06.000', 11),
(2286, 302, 50, 1, 0, '2023-08-26 21:16:06.000', 12),
(2287, 303, 4, 2, 0, '2023-08-27 13:10:01.000', 2),
(2288, 303, 25, 13, 0, '2023-08-27 13:09:52.000', 3),
(2289, 303, 36, 20, 0, '2023-08-27 13:09:54.000', 4),
(2290, 303, 24, 12, 0, '2023-08-27 13:10:05.000', 5),
(2291, 303, 5, 5, 0, '2023-08-27 13:09:48.000', 6),
(2292, 303, 5, 4, 0, '2023-08-27 13:10:03.000', 12),
(2293, 304, 1, 1, 0, '2023-08-25 23:36:06.000', 2),
(2294, 304, 12, 10, 0, '2023-08-27 03:21:39.000', 3),
(2295, 304, 14, 13, 0, '2023-08-27 03:24:32.000', 4),
(2296, 304, 16, 11, 0, '2023-08-27 03:24:56.000', 5),
(2297, 304, 5, 5, 0, '2023-08-24 03:48:33.000', 6),
(2298, 304, 6, 6, 0, '2023-08-25 02:00:37.000', 11),
(2299, 304, 2, 2, 0, '2023-08-24 03:55:40.000', 12),
(2300, 305, 2, 2, 0, '2023-08-24 23:18:50.000', 1),
(2301, 305, 11, 5, 0, '2023-08-27 03:58:47.000', 2),
(2302, 305, 68, 11, 0, '2023-08-27 03:56:50.000', 3),
(2303, 305, 12, 0, 0, '2023-08-27 03:57:28.000', 4),
(2304, 305, 38, 4, 0, '2023-08-27 03:58:00.000', 5),
(2305, 305, 8, 3, 0, '2023-08-27 03:58:08.000', 6),
(2306, 305, 5, 3, 0, '2023-08-27 03:58:25.000', 9),
(2307, 305, 10, 8, 0, '2023-08-27 03:58:18.000', 11),
(2308, 305, 3, 3, 0, '2023-08-24 23:23:05.000', 12),
(2309, 306, 13, 6, 0, '2023-08-27 00:30:25.000', 1),
(2310, 306, 6, 4, 0, '2023-08-27 00:30:31.000', 2),
(2311, 306, 78, 18, 0, '2023-08-27 00:30:39.000', 3),
(2312, 306, 22, 7, 0, '2023-08-27 00:30:51.000', 4),
(2313, 306, 44, 21, 0, '2023-08-27 00:31:00.000', 5),
(2314, 306, 15, 1, 0, '2023-08-27 00:31:12.000', 6),
(2315, 306, 9, 1, 0, '2023-08-27 00:31:19.000', 9),
(2316, 306, 3, 2, 0, '2023-08-27 00:31:30.000', 10),
(2317, 306, 4, 0, 0, '2023-08-27 00:31:40.000', 12),
(2318, 307, 168, 68, 0, '2023-08-27 01:20:24.000', 5),
(2319, 307, 14, 6, 0, '2023-08-27 01:24:26.000', 6),
(2320, 307, 3, 1, 0, '2023-08-27 01:24:49.000', 7),
(2321, 307, 4, 0, 0, '2023-08-27 01:25:08.000', 9),
(2322, 307, 3, 1, 0, '2023-08-27 01:25:52.000', 10),
(2323, 307, 6, 2, 0, '2023-08-27 01:21:16.000', 12),
(2324, 308, 3, 3, 0, '2023-08-27 13:19:26.000', 2),
(2325, 308, 18, 6, 0, '2023-08-27 13:19:28.000', 3),
(2326, 308, 13, 6, 0, '2023-08-27 13:19:45.000', 4),
(2327, 308, 16, 5, 0, '2023-08-27 13:19:23.000', 5),
(2328, 308, 2, 2, 0, '2023-08-27 13:19:41.000', 6),
(2329, 308, 1, 1, 0, '2023-08-27 13:19:19.000', 7),
(2330, 308, 3, 3, 0, '2023-08-27 13:19:32.000', 9),
(2331, 308, 2, 1, 0, '2023-08-27 13:19:43.000', 11),
(2332, 308, 2, 0, 0, '2023-08-27 13:19:30.000', 12),
(2333, 309, 1, 1, 0, '2023-08-27 00:13:34.000', 2),
(2334, 309, 6, 2, 0, '2023-08-27 00:13:50.000', 3),
(2335, 309, 2, 1, 0, '2023-08-27 00:14:25.000', 4),
(2336, 309, 12, 8, 0, '2023-08-27 00:14:09.000', 5),
(2337, 309, 2, 2, 0, '2023-08-27 00:14:16.000', 6),
(2338, 309, 2, 2, 0, '2023-08-27 00:14:50.000', 7),
(2339, 309, 1, 1, 0, '2023-08-27 00:14:55.000', 9),
(2340, 309, 2, 1, 0, '2023-08-27 00:15:07.000', 11),
(2341, 310, 4, 2, 0, '2023-08-27 02:30:41.000', 3),
(2342, 310, 5, 5, 0, '2023-08-27 02:30:48.000', 4),
(2343, 310, 9, 7, 0, '2023-08-27 02:30:54.000', 5),
(2344, 310, 2, 2, 0, '2023-08-27 02:31:00.000', 6),
(2345, 310, 1, 1, 0, '2023-08-27 02:31:08.000', 7),
(2346, 310, 1, 1, 0, '2023-08-27 02:31:17.000', 9),
(2347, 310, 3, 3, 0, '2023-08-27 02:31:24.000', 11),
(2348, 310, 4, 4, 0, '2023-08-27 02:31:39.000', 12),
(2349, 311, 11, 11, 0, '2023-08-27 01:24:30.000', 2),
(2350, 311, 32, 28, 0, '2023-08-27 01:26:05.000', 3),
(2351, 311, 40, 39, 0, '2023-08-27 01:33:39.000', 4),
(2352, 311, 70, 65, 0, '2023-08-27 01:34:56.000', 5),
(2353, 311, 12, 10, 0, '2023-08-27 01:35:05.000', 6),
(2354, 311, 6, 6, 0, '2023-08-27 01:35:13.000', 9),
(2355, 311, 2, 2, 0, '2023-08-27 01:35:21.000', 10),
(2356, 311, 4, 2, 0, '2023-08-27 01:35:32.000', 12),
(2357, 312, 2, 2, 0, '2023-08-27 02:29:57.000', 1),
(2358, 312, 2, 2, 0, '2023-08-27 02:30:31.000', 2),
(2359, 312, 5, 5, 0, '2023-08-27 02:31:14.000', 3),
(2360, 312, 6, 6, 0, '2023-08-27 02:31:25.000', 4),
(2361, 312, 5, 4, 0, '2023-08-27 02:31:35.000', 5),
(2362, 312, 2, 2, 0, '2023-08-27 02:31:55.000', 7),
(2363, 312, 1, 1, 0, '2023-08-27 02:32:44.000', 11),
(2364, 313, 5, 3, 0, '2023-08-24 17:23:13.000', 6),
(2365, 313, 1, 1, 0, '2023-08-24 02:17:30.000', 7),
(2366, 313, 2, 1, 0, '2023-08-27 04:57:45.000', 9),
(2367, 313, 5, 2, 0, '2023-08-27 04:57:27.000', 12),
(2368, 314, 6, 3, 0, '2023-08-26 23:12:59.000', 1),
(2369, 314, 6, 1, 0, '2023-08-26 23:13:12.000', 2),
(2370, 314, 4, 0, 0, '2023-08-26 23:13:26.000', 3),
(2371, 314, 6, 4, 0, '2023-08-26 23:13:53.000', 4),
(2372, 314, 8, 5, 0, '2023-08-26 23:14:06.000', 5),
(2373, 314, 2, 2, 0, '2023-08-26 23:14:24.000', 6),
(2374, 314, 1, 1, 0, '2023-08-26 23:14:33.000', 7),
(2375, 314, 5, 5, 0, '2023-08-26 23:14:47.000', 9),
(2376, 314, 2, 2, 0, '2023-08-26 23:15:14.000', 11),
(2377, 314, 4, 2, 0, '2023-08-26 23:15:28.000', 12),
(2378, 315, 6, 5, 0, '2023-08-27 08:12:39.000', 2),
(2379, 315, 22, 13, 0, '2023-08-27 08:12:37.000', 3),
(2380, 315, 26, 24, 0, '2023-08-27 08:12:38.000', 4),
(2381, 315, 14, 5, 0, '2023-08-27 08:12:38.000', 5),
(2382, 315, 5, 5, 0, '2023-08-27 08:12:36.000', 11),
(2383, 316, 6, 4, 0, '2023-08-27 13:29:43.000', 2),
(2384, 316, 18, 11, 0, '2023-08-27 13:29:45.000', 3),
(2385, 316, 30, 24, 0, '2023-08-27 13:29:48.000', 4),
(2386, 316, 84, 26, 0, '2023-08-27 13:29:51.000', 5),
(2387, 316, 7, 6, 0, '2023-08-27 13:29:52.000', 6),
(2388, 316, 16, 11, 0, '2023-08-27 13:29:42.000', 11),
(2389, 317, 4, 4, 0, '2023-08-27 02:17:51.000', 1),
(2390, 317, 25, 15, 0, '2023-08-27 02:18:09.000', 2),
(2391, 317, 21, 12, 0, '2023-08-27 02:18:28.000', 3),
(2392, 317, 26, 13, 0, '2023-08-27 02:18:41.000', 4),
(2393, 317, 112, 57, 0, '2023-08-27 02:18:54.000', 5),
(2394, 317, 7, 3, 0, '2023-08-27 02:19:08.000', 6),
(2395, 317, 16, 8, 0, '2023-08-27 02:19:23.000', 7),
(2396, 317, 8, 3, 0, '2023-08-27 02:19:47.000', 8),
(2397, 317, 7, 7, 0, '2023-08-27 02:19:59.000', 9),
(2398, 317, 2, 2, 0, '2023-08-27 02:20:16.000', 10),
(2399, 317, 7, 6, 0, '2023-08-27 02:20:27.000', 11),
(2400, 317, 6, 5, 0, '2023-08-27 02:20:46.000', 12),
(2401, 318, 5, 4, 0, '2023-08-26 22:51:06.000', 2),
(2402, 318, 14, 6, 0, '2023-08-26 22:51:26.000', 3),
(2403, 318, 8, 3, 0, '2023-08-26 22:51:54.000', 4),
(2404, 318, 14, 0, 0, '2023-08-26 22:52:06.000', 5),
(2405, 318, 3, 1, 0, '2023-08-26 22:52:13.000', 6),
(2406, 318, 1, 1, 0, '2023-08-26 22:52:21.000', 9),
(2407, 318, 1, 1, 0, '2023-08-26 22:52:28.000', 10),
(2408, 319, 22, 8, 0, '2023-08-26 17:04:22.000', 1),
(2409, 319, 3, 2, 0, '2023-08-26 17:04:16.000', 6),
(2410, 320, 7, 7, 0, '2023-08-26 21:27:46.000', 1),
(2411, 320, 32, 18, 0, '2023-08-26 21:30:27.000', 2),
(2412, 320, 35, 19, 0, '2023-08-26 21:33:12.000', 3),
(2413, 320, 32, 10, 0, '2023-08-26 21:40:35.000', 4),
(2414, 320, 75, 7, 0, '2023-08-26 21:42:51.000', 5),
(2415, 320, 12, 5, 0, '2023-08-26 21:43:27.000', 6),
(2416, 320, 16, 2, 0, '2023-08-26 21:43:55.000', 7),
(2417, 320, 6, 0, 0, '2023-08-26 21:44:15.000', 8),
(2418, 320, 19, 15, 0, '2023-08-26 21:44:39.000', 9),
(2419, 320, 5, 4, 0, '2023-08-26 21:45:01.000', 10),
(2420, 320, 31, 16, 0, '2023-08-26 21:45:16.000', 11),
(2421, 321, 1, 1, 0, '2023-08-27 03:00:22.000', 1),
(2422, 321, 8, 8, 0, '2023-08-27 03:00:28.000', 2),
(2423, 321, 8, 0, 0, '2023-08-27 03:00:15.000', 3),
(2424, 321, 21, 4, 0, '2023-08-27 03:01:00.000', 4),
(2425, 321, 19, 4, 0, '2023-08-27 03:01:26.000', 5),
(2426, 321, 6, 4, 0, '2023-08-27 03:01:50.000', 6),
(2427, 321, 10, 8, 0, '2023-08-27 03:02:13.000', 7),
(2428, 321, 2, 2, 0, '2023-08-27 03:01:59.000', 9),
(2429, 321, 2, 2, 0, '2023-08-27 03:02:04.000', 10),
(2430, 321, 20, 20, 0, '2023-08-27 03:02:23.000', 11),
(2431, 321, 3, 3, 0, '2023-08-27 03:02:30.000', 12),
(2432, 322, 2, 2, 0, '2023-08-26 23:07:58.000', 1),
(2433, 322, 8, 8, 0, '2023-08-26 23:08:10.000', 2),
(2434, 322, 22, 22, 0, '2023-08-26 23:08:17.000', 3),
(2435, 322, 14, 13, 0, '2023-08-26 23:08:29.000', 4),
(2436, 322, 21, 17, 0, '2023-08-26 23:08:46.000', 5),
(2437, 322, 3, 3, 0, '2023-08-26 23:08:59.000', 6),
(2438, 322, 21, 21, 0, '2023-08-26 23:09:10.000', 12),
(2439, 323, 16, 16, 0, '2023-08-26 23:09:13.000', 2),
(2440, 323, 11, 10, 0, '2023-08-26 23:09:59.000', 3),
(2441, 323, 24, 21, 0, '2023-08-26 23:10:14.000', 4),
(2442, 323, 32, 28, 0, '2023-08-26 23:10:59.000', 5),
(2443, 323, 4, 4, 0, '2023-08-26 23:11:29.000', 6),
(2444, 323, 5, 5, 0, '2023-08-26 23:11:43.000', 9),
(2445, 323, 4, 4, 0, '2023-08-26 23:11:50.000', 12),
(2446, 324, 2, 1, 0, '2023-08-27 13:01:48.000', 1),
(2447, 324, 12, 8, 0, '2023-08-27 13:01:48.000', 2),
(2448, 324, 18, 7, 0, '2023-08-27 13:01:49.000', 3),
(2449, 324, 27, 17, 0, '2023-08-27 13:01:51.000', 4),
(2450, 324, 86, 41, 0, '2023-08-27 13:01:51.000', 5),
(2451, 324, 8, 5, 0, '2023-08-27 13:01:46.000', 6),
(2452, 324, 15, 8, 0, '2023-08-27 13:01:47.000', 7),
(2453, 324, 8, 4, 0, '2023-08-27 13:01:47.000', 9),
(2454, 324, 2, 2, 0, '2023-08-27 13:01:47.000', 12),
(2455, 325, 28, 9, 0, '2023-08-27 02:55:38.000', 2),
(2456, 325, 35, 9, 0, '2023-08-27 03:08:47.000', 3),
(2457, 325, 25, 5, 0, '2023-08-27 03:20:40.000', 4),
(2458, 325, 90, 20, 0, '2023-08-27 03:24:16.000', 5),
(2459, 325, 12, 1, 0, '2023-08-27 03:25:05.000', 6),
(2460, 325, 30, 13, 0, '2023-08-27 03:29:34.000', 7),
(2461, 325, 10, 1, 0, '2023-08-27 03:36:25.000', 8),
(2462, 325, 10, 5, 0, '2023-08-27 03:36:01.000', 9),
(2463, 325, 4, 4, 0, '2023-08-27 03:35:13.000', 10),
(2464, 325, 4, 1, 0, '2023-08-27 03:34:14.000', 11),
(2465, 326, 12, 5, 0, '2023-08-27 01:41:52.000', 1),
(2466, 326, 52, 18, 0, '2023-08-27 01:41:53.000', 2),
(2467, 326, 155, 55, 0, '2023-08-27 01:41:53.000', 3),
(2468, 326, 116, 34, 0, '2023-08-27 01:41:53.000', 4),
(2469, 326, 299, 83, 0, '2023-08-27 01:41:53.000', 5),
(2470, 326, 60, 20, 0, '2023-08-27 01:41:54.000', 6),
(2471, 326, 13, 4, 0, '2023-08-27 01:41:54.000', 7),
(2472, 326, 12, 4, 0, '2023-08-27 01:41:54.000', 8),
(2473, 327, 4, 1, 0, '2023-08-27 00:01:07.000', 1),
(2474, 327, 2, 2, 0, '2023-08-27 00:03:47.000', 3),
(2475, 327, 4, 4, 0, '2023-08-27 00:04:05.000', 4),
(2476, 327, 4, 4, 0, '2023-08-27 00:04:22.000', 5),
(2477, 327, 2, 2, 0, '2023-08-27 00:04:36.000', 6),
(2478, 327, 1, 1, 0, '2023-08-27 00:04:52.000', 9),
(2479, 327, 1, 1, 0, '2023-08-27 00:05:24.000', 10),
(2480, 327, 3, 3, 0, '2023-08-27 00:05:36.000', 11),
(2481, 327, 10, 8, 0, '2023-08-27 00:05:54.000', 12),
(2482, 328, 2, 2, 0, '2023-08-26 23:00:57.000', 2),
(2483, 328, 8, 3, 0, '2023-08-26 23:00:37.000', 3),
(2484, 328, 18, 14, 0, '2023-08-26 23:00:51.000', 4),
(2485, 328, 50, 31, 0, '2023-08-26 23:03:07.000', 5),
(2486, 328, 7, 7, 0, '2023-08-26 23:00:01.000', 6),
(2487, 328, 8, 3, 0, '2023-08-26 23:00:14.000', 9),
(2488, 329, 8, 8, 0, '2023-08-26 20:29:46.000', 9),
(2489, 330, 2, 2, 0, '2023-08-27 01:48:18.000', 1),
(2490, 330, 5, 4, 0, '2023-08-27 01:51:06.000', 2),
(2491, 330, 13, 11, 0, '2023-08-27 01:51:25.000', 3),
(2492, 330, 18, 11, 0, '2023-08-27 01:54:16.000', 4),
(2493, 330, 73, 50, 0, '2023-08-27 01:53:36.000', 5),
(2494, 330, 7, 3, 0, '2023-08-27 01:49:32.000', 6),
(2495, 330, 4, 4, 0, '2023-08-27 01:54:32.000', 7),
(2496, 330, 10, 6, 0, '2023-08-27 01:49:14.000', 9),
(2497, 330, 18, 9, 0, '2023-08-27 01:54:48.000', 11),
(2498, 331, 4, 0, 0, '2023-08-26 21:47:40.000', 2),
(2499, 331, 6, 3, 0, '2023-08-26 21:49:21.000', 3),
(2500, 331, 11, 10, 0, '2023-08-26 21:50:10.000', 4),
(2501, 331, 53, 24, 0, '2023-08-26 21:51:29.000', 5),
(2502, 331, 3, 2, 0, '2023-08-26 21:51:48.000', 6),
(2503, 331, 2, 2, 0, '2023-08-26 21:52:00.000', 7),
(2504, 331, 12, 8, 0, '2023-08-26 21:53:25.000', 9),
(2505, 331, 3, 3, 0, '2023-08-26 21:53:37.000', 11),
(2506, 332, 8, 5, 0, '2023-08-26 23:42:15.000', 2),
(2507, 332, 17, 7, 0, '2023-08-27 00:06:50.000', 3),
(2508, 332, 32, 20, 0, '2023-08-27 00:07:06.000', 4),
(2509, 332, 63, 8, 0, '2023-08-27 00:07:31.000', 5),
(2510, 332, 5, 3, 0, '2023-08-26 23:41:41.000', 6),
(2511, 332, 20, 9, 0, '2023-08-27 00:07:49.000', 10),
(2512, 332, 18, 12, 0, '2023-08-26 23:42:33.000', 11),
(2513, 333, 4, 2, 0, '2023-08-26 23:20:45.000', 2),
(2514, 333, 7, 3, 0, '2023-08-26 23:21:13.000', 3),
(2515, 333, 8, 5, 0, '2023-08-26 23:18:58.000', 4),
(2516, 333, 64, 44, 0, '2023-08-26 23:22:30.000', 5),
(2517, 333, 4, 4, 0, '2023-08-26 23:15:33.000', 6),
(2518, 333, 9, 6, 0, '2023-08-26 23:23:39.000', 9),
(2519, 333, 8, 5, 0, '2023-08-26 23:23:11.000', 11),
(2520, 334, 3, 3, 0, '2023-08-27 03:15:35.000', 2),
(2521, 334, 16, 13, 0, '2023-08-27 03:23:59.000', 3),
(2522, 334, 3, 2, 0, '2023-08-27 03:24:11.000', 4),
(2523, 334, 19, 10, 0, '2023-08-27 03:25:47.000', 5),
(2524, 334, 5, 4, 0, '2023-08-27 03:26:42.000', 6),
(2525, 334, 2, 0, 0, '2023-08-27 03:27:02.000', 8),
(2526, 334, 3, 3, 0, '2023-08-27 03:27:13.000', 9),
(2527, 334, 2, 2, 0, '2023-08-27 03:27:27.000', 11),
(2528, 334, 10, 10, 0, '2023-08-27 03:27:57.000', 12),
(2529, 335, 3, 3, 0, '2023-08-26 20:57:59.000', 1),
(2530, 335, 17, 8, 0, '2023-08-26 20:58:31.000', 2),
(2531, 335, 14, 11, 0, '2023-08-26 20:59:54.000', 3),
(2532, 335, 20, 14, 0, '2023-08-26 21:00:24.000', 4),
(2533, 335, 19, 16, 0, '2023-08-26 21:01:01.000', 5),
(2534, 335, 6, 6, 0, '2023-08-26 21:01:13.000', 6),
(2535, 335, 2, 2, 0, '2023-08-26 21:01:23.000', 7),
(2536, 335, 2, 2, 0, '2023-08-26 21:02:22.000', 10),
(2537, 336, 10, 5, 0, '2023-08-27 13:00:03.000', 2),
(2538, 336, 42, 29, 0, '2023-08-27 13:00:02.000', 3),
(2539, 336, 61, 16, 0, '2023-08-27 13:00:02.000', 4),
(2540, 336, 84, 22, 0, '2023-08-27 13:00:02.000', 5),
(2541, 336, 5, 3, 0, '2023-08-27 13:00:03.000', 6),
(2542, 336, 2, 1, 0, '2023-08-27 13:00:03.000', 8),
(2543, 336, 7, 0, 0, '2023-08-27 13:00:04.000', 9),
(2544, 336, 1, 1, 0, '2023-08-27 13:00:04.000', 10),
(2545, 336, 9, 7, 0, '2023-08-27 13:00:05.000', 11),
(2546, 337, 10, 9, 0, '2023-08-27 07:51:12.000', 2),
(2547, 337, 31, 16, 0, '2023-08-27 12:18:23.000', 3),
(2548, 337, 42, 30, 0, '2023-08-27 12:18:25.000', 4),
(2549, 337, 97, 34, 0, '2023-08-27 12:18:26.000', 5),
(2550, 337, 8, 4, 0, '2023-08-26 01:26:57.000', 6),
(2551, 337, 10, 7, 0, '2023-08-26 21:45:07.000', 9),
(2552, 337, 5, 3, 0, '2023-08-26 21:45:07.000', 10),
(2553, 337, 3, 3, 0, '2023-08-27 01:16:23.000', 11),
(2554, 338, 15, 5, 0, '2023-08-27 12:50:02.000', 2),
(2555, 338, 52, 29, 0, '2023-08-27 12:50:27.000', 3),
(2556, 338, 35, 21, 0, '2023-08-27 12:50:30.000', 4),
(2557, 338, 123, 32, 0, '2023-08-27 12:50:38.000', 5),
(2558, 338, 13, 2, 0, '2023-08-27 12:50:16.000', 6),
(2559, 338, 6, 1, 0, '2023-08-27 12:50:25.000', 7),
(2560, 338, 8, 1, 0, '2023-08-27 12:50:15.000', 9),
(2561, 338, 2, 2, 0, '2023-08-27 12:50:09.000', 10),
(2562, 338, 9, 5, 0, '2023-08-27 12:50:09.000', 11),
(2563, 338, 4, 1, 0, '2023-08-27 12:50:16.000', 12),
(2564, 339, 4, 3, 0, '2023-08-26 17:42:02.000', 1),
(2565, 339, 5, 0, 0, '2023-08-26 17:42:07.000', 2),
(2566, 339, 22, 13, 0, '2023-08-26 17:42:12.000', 3),
(2567, 339, 20, 10, 0, '2023-08-26 17:42:18.000', 4),
(2568, 339, 36, 17, 0, '2023-08-26 17:42:24.000', 5),
(2569, 339, 6, 6, 0, '2023-08-26 17:42:35.000', 6),
(2570, 339, 2, 2, 0, '2023-08-26 17:42:41.000', 7),
(2571, 339, 5, 2, 0, '2023-08-26 17:42:46.000', 11),
(2572, 339, 2, 2, 0, '2023-08-26 17:42:51.000', 12),
(2573, 340, 1, 1, 0, '2023-08-25 23:35:25.000', 1),
(2574, 340, 9, 4, 0, '2023-08-27 09:31:03.000', 2),
(2575, 340, 32, 5, 0, '2023-08-27 12:43:24.000', 3),
(2576, 340, 29, 5, 0, '2023-08-27 12:26:36.000', 4),
(2577, 340, 22, 3, 0, '2023-08-27 00:23:42.000', 5),
(2578, 340, 2, 0, 0, '2023-08-27 12:23:57.000', 6),
(2579, 340, 15, 11, 0, '2023-08-25 23:31:22.000', 12),
(2580, 341, 1, 1, 0, '2023-08-27 13:26:04.000', 1),
(2581, 341, 19, 12, 0, '2023-08-27 13:27:03.000', 2),
(2582, 341, 42, 15, 0, '2023-08-27 13:27:06.000', 3),
(2583, 341, 20, 8, 0, '2023-08-27 13:27:07.000', 4),
(2584, 341, 25, 12, 0, '2023-08-27 13:28:01.000', 5),
(2585, 341, 3, 2, 0, '2023-08-27 13:26:08.000', 6),
(2586, 341, 2, 1, 0, '2023-08-27 13:26:06.000', 7),
(2587, 341, 2, 2, 0, '2023-08-27 13:26:05.000', 9),
(2588, 341, 2, 2, 0, '2023-08-27 13:26:04.000', 11),
(2589, 342, 27, 16, 0, '2023-08-27 13:09:00.000', 3),
(2590, 342, 22, 1, 0, '2023-08-27 13:09:00.000', 4),
(2591, 342, 30, 6, 0, '2023-08-27 13:09:00.000', 5),
(2592, 342, 4, 1, 0, '2023-08-27 13:09:01.000', 6),
(2593, 342, 2, 1, 0, '2023-08-27 13:09:01.000', 10),
(2594, 342, 2, 0, 0, '2023-08-27 13:09:00.000', 11),
(2595, 343, 1, 1, 0, '2023-08-26 19:25:45.000', 2),
(2596, 343, 2, 2, 0, '2023-08-26 19:25:55.000', 3),
(2597, 343, 4, 4, 0, '2023-08-26 19:26:05.000', 4),
(2598, 343, 8, 1, 0, '2023-08-26 19:26:23.000', 5),
(2599, 344, 4, 4, 0, '2023-08-26 21:35:57.000', 2),
(2600, 344, 8, 7, 0, '2023-08-26 21:34:55.000', 3),
(2601, 344, 18, 18, 0, '2023-08-26 21:36:10.000', 4),
(2602, 344, 10, 10, 0, '2023-08-26 21:32:30.000', 5),
(2603, 344, 4, 4, 0, '2023-08-26 21:36:26.000', 7),
(2604, 344, 7, 7, 0, '2023-08-26 21:36:19.000', 11),
(2605, 345, 1, 0, 0, '2023-08-27 04:25:34.000', 1),
(2606, 345, 3, 0, 0, '2023-08-27 04:25:53.000', 2),
(2607, 345, 16, 2, 0, '2023-08-27 04:29:38.000', 3),
(2608, 345, 52, 10, 0, '2023-08-27 04:30:28.000', 4),
(2609, 345, 40, 9, 0, '2023-08-27 04:31:24.000', 5),
(2610, 345, 4, 4, 0, '2023-08-27 04:31:30.000', 6),
(2611, 345, 2, 2, 0, '2023-08-27 04:31:34.000', 7),
(2612, 345, 1, 1, 0, '2023-08-27 04:31:36.000', 9),
(2613, 345, 3, 3, 0, '2023-08-27 04:31:38.000', 10),
(2614, 346, 16, 9, 0, '2023-08-26 18:05:56.000', 3),
(2615, 346, 44, 34, 0, '2023-08-26 18:06:59.000', 4),
(2616, 346, 65, 34, 0, '2023-08-26 18:07:50.000', 5),
(2617, 346, 4, 3, 0, '2023-08-26 18:08:39.000', 6),
(2618, 346, 5, 4, 0, '2023-08-26 18:09:16.000', 7),
(2619, 346, 8, 5, 0, '2023-08-26 18:10:03.000', 9),
(2620, 347, 4, 3, 0, '2023-08-27 03:48:32.000', 4),
(2621, 347, 6, 4, 0, '2023-08-27 03:48:49.000', 5),
(2622, 347, 6, 6, 0, '2023-08-27 03:49:03.000', 11),
(2623, 348, 5, 5, 0, '2023-08-27 13:00:08.000', 1),
(2624, 348, 16, 13, 0, '2023-08-27 13:00:31.000', 2),
(2625, 348, 199, 97, 0, '2023-08-27 13:00:31.000', 3),
(2626, 348, 174, 55, 0, '2023-08-27 13:00:29.000', 4),
(2627, 348, 309, 75, 0, '2023-08-27 13:00:29.000', 5),
(2628, 348, 40, 9, 0, '2023-08-27 13:00:32.000', 6),
(2629, 348, 7, 3, 0, '2023-08-27 13:00:09.000', 8),
(2630, 348, 26, 0, 0, '2023-08-27 13:00:23.000', 9),
(2631, 348, 17, 8, 0, '2023-08-27 13:00:32.000', 10),
(2632, 348, 2, 2, 0, '2023-08-27 13:00:23.000', 11),
(2633, 349, 3, 1, 0, '2023-08-26 21:20:37.000', 1),
(2634, 349, 32, 15, 0, '2023-08-26 21:21:06.000', 3),
(2635, 349, 48, 19, 0, '2023-08-26 21:21:59.000', 4),
(2636, 349, 120, 40, 0, '2023-08-26 21:23:20.000', 5),
(2637, 349, 6, 4, 0, '2023-08-26 21:23:27.000', 6),
(2638, 349, 6, 6, 0, '2023-08-26 21:23:34.000', 9),
(2639, 349, 4, 4, 0, '2023-08-26 21:23:41.000', 10),
(2640, 349, 6, 6, 0, '2023-08-26 21:24:05.000', 12),
(2641, 350, 4, 4, 0, '2023-08-27 03:06:29.000', 3),
(2642, 350, 8, 8, 0, '2023-08-27 03:07:19.000', 4),
(2643, 350, 10, 10, 0, '2023-08-27 03:07:51.000', 5),
(2644, 350, 1, 1, 0, '2023-08-27 03:08:09.000', 11),
(2645, 351, 5, 2, 0, '2023-08-26 22:26:01.000', 2),
(2646, 351, 25, 20, 0, '2023-08-26 22:27:13.000', 3),
(2647, 351, 43, 23, 0, '2023-08-26 22:28:33.000', 4),
(2648, 351, 123, 68, 0, '2023-08-26 22:30:54.000', 5),
(2649, 351, 12, 4, 0, '2023-08-26 22:31:09.000', 9),
(2650, 352, 13, 7, 0, '2023-08-27 04:05:39.000', 2),
(2651, 352, 17, 9, 0, '2023-08-27 04:06:04.000', 3),
(2652, 352, 29, 22, 0, '2023-08-27 04:09:08.000', 4),
(2653, 352, 153, 62, 0, '2023-08-27 04:08:28.000', 5),
(2654, 352, 5, 2, 0, '2023-08-27 04:03:25.000', 6),
(2655, 352, 8, 8, 0, '2023-08-27 04:02:44.000', 12),
(2656, 353, 2, 1, 0, '2023-08-27 00:29:22.000', 1),
(2657, 353, 16, 1, 0, '2023-08-27 00:30:24.000', 3),
(2658, 353, 17, 9, 0, '2023-08-27 00:31:28.000', 4),
(2659, 353, 26, 0, 0, '2023-08-27 00:32:51.000', 5),
(2660, 353, 3, 2, 0, '2023-08-27 00:33:05.000', 6),
(2661, 353, 33, 33, 0, '2023-08-27 00:33:16.000', 11),
(2662, 353, 6, 6, 0, '2023-08-27 00:33:38.000', 12),
(2663, 354, 33, 31, 0, '2023-08-27 04:25:52.000', 5),
(2664, 354, 2, 1, 0, '2023-08-27 04:26:45.000', 6),
(2665, 354, 6, 6, 0, '2023-08-27 04:29:34.000', 11),
(2666, 355, 11, 5, 0, '2023-08-26 23:18:26.000', 2),
(2667, 355, 38, 21, 0, '2023-08-27 00:45:47.000', 3),
(2668, 355, 25, 10, 0, '2023-08-27 00:47:22.000', 4),
(2669, 355, 56, 7, 0, '2023-08-27 00:50:26.000', 5),
(2670, 355, 8, 8, 0, '2023-08-27 00:51:01.000', 6),
(2671, 355, 9, 3, 0, '2023-08-27 00:51:39.000', 9),
(2672, 355, 8, 8, 0, '2023-08-27 00:52:04.000', 10),
(2673, 355, 14, 14, 0, '2023-08-27 00:52:30.000', 11),
(2674, 356, 21, 1, 0, '2023-08-26 23:29:48.000', 2),
(2675, 356, 25, 9, 0, '2023-08-26 23:31:57.000', 3),
(2676, 356, 26, 13, 0, '2023-08-26 23:33:09.000', 4),
(2677, 356, 82, 21, 0, '2023-08-26 23:37:43.000', 5),
(2678, 356, 12, 10, 0, '2023-08-26 23:38:03.000', 6),
(2679, 356, 17, 12, 0, '2023-08-26 23:39:04.000', 12),
(2680, 357, 4, 0, 0, '2023-08-26 21:56:31.000', 1),
(2681, 357, 7, 0, 0, '2023-08-26 21:56:36.000', 2),
(2682, 357, 27, 8, 0, '2023-08-26 22:44:56.000', 3),
(2683, 357, 53, 20, 0, '2023-08-26 22:00:52.000', 4),
(2684, 357, 127, 42, 0, '2023-08-26 22:45:11.000', 5),
(2685, 357, 11, 3, 0, '2023-08-26 21:56:22.000', 6),
(2686, 357, 10, 0, 0, '2023-08-26 21:59:49.000', 11),
(2687, 358, 15, 14, 0, '2023-08-27 13:31:51.000', 1),
(2688, 358, 11, 11, 0, '2023-08-27 13:31:52.000', 2),
(2689, 358, 48, 18, 0, '2023-08-27 13:31:53.000', 3),
(2690, 358, 57, 10, 0, '2023-08-27 13:31:54.000', 4),
(2691, 358, 64, 13, 0, '2023-08-27 13:31:54.000', 5),
(2692, 358, 6, 3, 0, '2023-08-27 13:31:55.000', 7),
(2693, 358, 5, 4, 0, '2023-08-27 13:31:55.000', 8),
(2694, 358, 2, 1, 0, '2023-08-25 23:32:09.000', 9),
(2695, 358, 21, 21, 0, '2023-08-27 13:31:56.000', 11),
(2696, 359, 4, 3, 0, '2023-08-27 13:28:29.000', 1),
(2697, 359, 37, 5, 0, '2023-08-27 13:24:32.000', 2),
(2698, 359, 122, 10, 0, '2023-08-27 13:30:29.000', 3),
(2699, 359, 174, 14, 0, '2023-08-27 13:30:28.000', 4),
(2700, 359, 273, 12, 0, '2023-08-27 13:30:31.000', 5),
(2701, 359, 39, 9, 0, '2023-08-27 13:30:27.000', 6),
(2702, 359, 81, 31, 0, '2023-08-27 13:30:30.000', 7),
(2703, 359, 15, 4, 0, '2023-08-27 13:22:31.000', 8),
(2704, 359, 24, 2, 0, '2023-08-27 13:26:26.000', 9),
(2705, 359, 19, 4, 0, '2023-08-27 13:24:33.000', 10),
(2706, 359, 36, 6, 0, '2023-08-27 13:30:27.000', 11),
(2707, 359, 4, 2, 0, '2023-08-27 13:24:33.000', 12),
(2708, 360, 61, 16, 0, '2023-08-26 22:38:31.000', 1),
(2709, 360, 11, 0, 0, '2023-08-26 22:38:32.000', 2),
(2710, 360, 36, 32, 0, '2023-08-26 22:38:32.000', 3),
(2711, 360, 27, 16, 0, '2023-08-26 22:38:33.000', 4),
(2712, 360, 52, 47, 0, '2023-08-26 22:38:34.000', 5),
(2713, 360, 6, 0, 0, '2023-08-26 22:38:34.000', 6),
(2714, 360, 7, 5, 0, '2023-08-26 22:38:34.000', 7),
(2715, 360, 4, 4, 0, '2023-08-26 22:38:35.000', 8),
(2716, 360, 3, 3, 0, '2023-08-26 22:38:35.000', 9),
(2717, 360, 1, 1, 0, '2023-08-26 22:38:35.000', 10),
(2718, 360, 4, 2, 0, '2023-08-26 22:38:36.000', 11),
(2719, 361, 2, 2, 0, '2023-08-27 13:31:31.000', 3),
(2720, 361, 9, 9, 0, '2023-08-27 13:31:31.000', 4),
(2721, 361, 9, 7, 0, '2023-08-27 13:31:32.000', 5),
(2722, 362, 4, 3, 0, '2023-08-27 13:31:51.000', 1),
(2723, 362, 11, 2, 0, '2023-08-27 13:31:53.000', 2),
(2724, 362, 20, 8, 0, '2023-08-27 13:31:59.000', 3),
(2725, 362, 20, 3, 0, '2023-08-27 13:32:05.000', 4),
(2726, 362, 52, 6, 0, '2023-08-27 13:32:08.000', 5),
(2727, 362, 8, 5, 0, '2023-08-27 13:32:08.000', 6),
(2728, 362, 4, 4, 0, '2023-08-27 13:31:51.000', 9),
(2729, 362, 4, 1, 0, '2023-08-27 13:31:51.000', 10),
(2730, 362, 13, 7, 0, '2023-08-27 13:31:52.000', 11),
(2731, 362, 10, 0, 0, '2023-08-27 13:31:53.000', 12),
(2732, 363, 7, 3, 0, '2023-08-27 02:15:34.000', 2),
(2733, 363, 24, 0, 0, '2023-08-27 02:15:45.000', 3),
(2734, 363, 43, 19, 0, '2023-08-27 02:15:57.000', 4),
(2735, 363, 97, 29, 0, '2023-08-27 02:16:34.000', 5),
(2736, 363, 6, 0, 0, '2023-08-27 02:16:15.000', 6),
(2737, 363, 4, 4, 0, '2023-08-27 02:16:43.000', 11),
(2738, 364, 5, 5, 0, '2023-08-27 04:37:56.000', 1),
(2739, 364, 14, 9, 0, '2023-08-27 01:24:20.000', 2),
(2740, 364, 26, 13, 0, '2023-08-27 12:51:50.000', 3),
(2741, 364, 26, 13, 0, '2023-08-27 12:51:52.000', 4),
(2742, 364, 44, 25, 0, '2023-08-27 13:25:00.000', 5),
(2743, 364, 3, 2, 0, '2023-08-26 07:05:26.000', 6),
(2744, 364, 1, 0, 0, '2023-08-26 10:51:12.000', 11),
(2745, 364, 10, 8, 0, '2023-08-27 11:20:11.000', 12);

-- --------------------------------------------------------

--
-- Table structure for table `cities`
--

CREATE TABLE `cities` (
  `id` int(11) NOT NULL,
  `name` varchar(191) COLLATE utf8mb4_unicode_ci NOT NULL,
  `province_id` int(11) NOT NULL
) ENGINE=InnoDB DEFAULT CHARSET=utf8mb4 COLLATE=utf8mb4_unicode_ci;

--
-- Dumping data for table `cities`
--

INSERT INTO `cities` (`id`, `name`, `province_id`) VALUES
(1, 'Simeulue', 1),
(2, 'Aceh Singkil', 1),
(3, 'Aceh Selatan', 1),
(4, 'Aceh Tenggara', 1),
(5, 'Aceh Timur', 1),
(6, 'Aceh Tengah', 1),
(7, 'Aceh Barat', 1),
(8, 'Aceh Besar', 1),
(9, 'Pidie', 1),
(10, 'Bireuen', 1),
(11, 'Aceh Utara', 1),
(12, 'Aceh Barat Daya', 1),
(13, 'Gayo Lues', 1),
(14, 'Aceh Tamiang', 1),
(15, 'Nagan Raya', 1),
(16, 'Aceh Jaya', 1),
(17, 'Bener Meriah', 1),
(18, 'Pidie Jaya', 1),
(19, 'Kota Banda Aceh', 1),
(20, 'Kota Sabang', 1),
(21, 'Kota Langsa', 1),
(22, 'Kota Lhokseumawe', 1),
(23, 'Kota Subulussalam', 1),
(24, 'Nias', 2),
(25, 'Mandailing Natal', 2),
(26, 'Tapanuli Selatan', 2),
(27, 'Tapanuli Tengah', 2),
(28, 'Tapanuli Utara', 2),
(29, 'Toba Samosir', 2),
(30, 'Labuhan Batu', 2),
(31, 'Asahan', 2),
(32, 'Simalungun', 2),
(33, 'Dairi', 2),
(34, 'Karo', 2),
(35, 'Deli Serdang', 2),
(36, 'Langkat', 2),
(37, 'Nias Selatan', 2),
(38, 'Humbang Hasundutan', 2),
(39, 'Pakpak Bharat', 2),
(40, 'Samosir', 2),
(41, 'Serdang Bedagai', 2),
(42, 'Batu Bara', 2),
(43, 'Padang Lawas Utara', 2),
(44, 'Padang Lawas', 2),
(45, 'Labuhan Batu Selatan', 2),
(46, 'Labuhan Batu Utara', 2),
(47, 'Nias Utara', 2),
(48, 'Nias Barat', 2),
(49, 'Kota Sibolga', 2),
(50, 'Kota Tanjung Balai', 2),
(51, 'Kota Pematang Siantar', 2),
(52, 'Kota Tebing Tinggi', 2),
(53, 'Kota Medan', 2),
(54, 'Kota Binjai', 2),
(55, 'Kota Padang Sidempuan', 2),
(56, 'Kota Gunungsitoli', 2),
(57, 'Kepulauan Mentawai', 3),
(58, 'Pesisir Selatan', 3),
(59, 'Solok', 3),
(60, 'Sijunjung', 3),
(61, 'Tanah Datar', 3),
(62, 'Padang Pariaman', 3),
(63, 'Agam', 3),
(64, 'Lima Puluh Kota', 3),
(65, 'Pasaman', 3),
(66, 'Solok Selatan', 3),
(67, 'Dharmasraya', 3),
(68, 'Pasaman Barat', 3),
(69, 'Kota Padang', 3),
(70, 'Kota Solok', 3),
(71, 'Kota Sawah Lunto', 3),
(72, 'Kota Padang Panjang', 3),
(73, 'Kota Bukittinggi', 3),
(74, 'Kota Payakumbuh', 3),
(75, 'Kota Pariaman', 3),
(76, 'Kuantan Singingi', 4),
(77, 'Indragiri Hulu', 4),
(78, 'Indragiri Hilir', 4),
(79, 'Pelalawan', 4),
(80, 'Siak', 4),
(81, 'Kampar', 4),
(82, 'Rokan Hulu', 4),
(83, 'Bengkalis', 4),
(84, 'Rokan Hilir', 4),
(85, 'Kepulauan Meranti', 4),
(86, 'Kota Pekanbaru', 4),
(87, 'Kota Dumai', 4),
(88, 'Kerinci', 5),
(89, 'Merangin', 5),
(90, 'Sarolangun', 5),
(91, 'Batang Hari', 5),
(92, 'Muaro Jambi', 5),
(93, 'Tanjung Jabung Timur', 5),
(94, 'Tanjung Jabung Barat', 5),
(95, 'Tebo', 5),
(96, 'Bungo', 5),
(97, 'Kota Jambi', 5),
(98, 'Kota Sungai penuh', 5),
(99, 'Ogan Komering Ulu', 6),
(100, 'Ogan Komering Ilir', 6),
(101, 'Muara Enim', 6),
(102, 'Lahat', 6),
(103, 'Musi Rawas', 6),
(104, 'Musi Banyuasin', 6),
(105, 'Banyuasin', 6),
(106, 'Ogan Komering Ulu Selatan', 6),
(107, 'Ogan Komering Ulu Timur', 6),
(108, 'Ogan Ilir', 6),
(109, 'Empat Lawang', 6),
(110, 'Penukal Abab Lematang Ilir ', 6),
(111, 'Musi Rawas Utara', 6),
(112, 'Kota Palembang', 6),
(113, 'Kota Prabumulih', 6),
(114, 'Kota Pagar Alam', 6),
(115, 'Kota Lubuk Linggau', 6),
(116, 'Bengkulu Selatan', 7),
(117, 'Rejang Lebong', 7),
(118, 'Bengkulu Utara', 7),
(119, 'Kaur', 7),
(120, 'Seluma', 7),
(121, 'Muko Muko', 7),
(122, 'Lebong', 7),
(123, 'Kepahiang', 7),
(124, 'Bengkulu Tengah', 7),
(125, 'Kota Bengkulu', 7),
(126, 'Lampung Barat', 8),
(127, 'Tanggamus', 8),
(128, 'Lampung Selatan', 8),
(129, 'Lampung Timur', 8),
(130, 'Lampung Tengah', 8),
(131, 'Lampung Utara', 8),
(132, 'Way Kanan', 8),
(133, 'Tulang Bawang', 8),
(134, 'Pesawaran', 8),
(135, 'Pringsewu', 8),
(136, 'Mesuji', 8),
(137, 'Tulang Bawang Barat', 8),
(138, 'Pesisir Barat', 8),
(139, 'Kota Bandar Lampung', 8),
(140, 'Kota Metro', 8),
(141, 'Bangka', 9),
(142, 'Belitung', 9),
(143, 'Bangka Barat', 9),
(144, 'Bangka Tengah', 9),
(145, 'Bangka Selatan', 9),
(146, 'Belitung Timur', 9),
(147, 'Kota Pangkal Pinang', 9),
(148, 'Karimun', 10),
(149, 'Bintan', 10),
(150, 'Natuna', 10),
(151, 'Lingga', 10),
(152, 'Kepulauan Anambas', 10),
(153, 'Kota Batam', 10),
(154, 'Kota Tanjung Pinang', 10),
(155, 'Kepulauan Seribu', 11),
(156, 'Kota Jakarta Selatan', 11),
(157, 'Kota Jakarta Timur', 11),
(158, 'Kota Jakarta Pusat', 11),
(159, 'Kota Jakarta Barat', 11),
(160, 'Kota Jakarta Utara', 11),
(161, 'Bogor', 12),
(162, 'Sukabumi', 12),
(163, 'Cianjur', 12),
(164, 'Bandung', 12),
(165, 'Garut', 12),
(166, 'Tasikmalaya', 12),
(167, 'Ciamis', 12),
(168, 'Kuningan', 12),
(169, 'Cirebon', 12),
(170, 'Majalengka', 12),
(171, 'Sumedang', 12),
(172, 'Indramayu', 12),
(173, 'Subang', 12),
(174, 'Purwakarta', 12),
(175, 'Karawang', 12),
(176, 'Bekasi', 12),
(177, 'Bandung Barat', 12),
(178, 'Pangandaran', 12),
(179, 'Kota Bogor', 12),
(180, 'Kota Sukabumi', 12),
(181, 'Kota Bandung', 12),
(182, 'Kota Cirebon', 12),
(183, 'Kota Bekasi', 12),
(184, 'Kota Depok', 12),
(185, 'Kota Cimahi', 12),
(186, 'Kota Tasikmalaya', 12),
(187, 'Kota Banjar', 12),
(188, 'Cilacap', 13),
(189, 'Banyumas', 13),
(190, 'Purbalingga', 13),
(191, 'Banjarnegara', 13),
(192, 'Kebumen', 13),
(193, 'Purworejo', 13),
(194, 'Wonosobo', 13),
(195, 'Magelang', 13),
(196, 'Boyolali', 13),
(197, 'Klaten', 13),
(198, 'Sukoharjo', 13),
(199, 'Wonogiri', 13),
(200, 'Karanganyar', 13),
(201, 'Sragen', 13),
(202, 'Grobogan', 13),
(203, 'Blora', 13),
(204, 'Rembang', 13),
(205, 'Pati', 13),
(206, 'Kudus', 13),
(207, 'Jepara', 13),
(208, 'Demak', 13),
(209, 'Semarang', 13),
(210, 'Temanggung', 13),
(211, 'Kendal', 13),
(212, 'Batang', 13),
(213, 'Pekalongan', 13),
(214, 'Pemalang', 13),
(215, 'Tegal', 13),
(216, 'Brebes', 13),
(217, 'Kota Magelang', 13),
(218, 'Kota Surakarta', 13),
(219, 'Kota Salatiga', 13),
(220, 'Kota Semarang', 13),
(221, 'Kota Pekalongan', 13),
(222, 'Kota Tegal', 13),
(223, 'Kulon Progo', 14),
(224, 'Bantul', 14),
(225, 'Gunung Kidul', 14),
(226, 'Sleman', 14),
(227, 'Kota Yogyakarta', 14),
(228, 'Pacitan', 15),
(229, 'Ponorogo', 15),
(230, 'Trenggalek', 15),
(231, 'Tulungagung', 15),
(232, 'Blitar', 15),
(233, 'Kediri', 15),
(234, 'Malang', 15),
(235, 'Lumajang', 15),
(236, 'Jember', 15),
(237, 'Banyuwangi', 15),
(238, 'Bondowoso', 15),
(239, 'Situbondo', 15),
(240, 'Probolinggo', 15),
(241, 'Pasuruan', 15),
(242, 'Sidoarjo', 15),
(243, 'Mojokerto', 15),
(244, 'Jombang', 15),
(245, 'Nganjuk', 15),
(246, 'Madiun', 15),
(247, 'Magetan', 15),
(248, 'Ngawi', 15),
(249, 'Bojonegoro', 15),
(250, 'Tuban', 15),
(251, 'Lamongan', 15),
(252, 'Gresik', 15),
(253, 'Bangkalan', 15),
(254, 'Sampang', 15),
(255, 'Pamekasan', 15),
(256, 'Sumenep', 15),
(257, 'Kota Kediri', 15),
(258, 'Kota Blitar', 15),
(259, 'Kota Malang', 15),
(260, 'Kota Probolinggo', 15),
(261, 'Kota Pasuruan', 15),
(262, 'Kota Mojokerto', 15),
(263, 'Kota Madiun', 15),
(264, 'Kota Surabaya', 15),
(265, 'Kota Batu', 15),
(266, 'Pandeglang', 16),
(267, 'Lebak', 16),
(268, 'Tangerang', 16),
(269, 'Serang', 16),
(270, 'Kota Tangerang', 16),
(271, 'Kota Cilegon', 16),
(272, 'Kota Serang', 16),
(273, 'Kota Tangerang Selatan', 16),
(274, 'Jembrana', 17),
(275, 'Tabanan', 17),
(276, 'Badung', 17),
(277, 'Gianyar', 17),
(278, 'Klungkung', 17),
(279, 'Bangli', 17),
(280, 'Karangasem', 17),
(281, 'Buleleng', 17),
(282, 'Kota Denpasar', 17),
(283, 'Lombok Barat', 18),
(284, 'Lombok Tengah', 18),
(285, 'Lombok Timur', 18),
(286, 'Sumbawa', 18),
(287, 'Dompu', 18),
(288, 'Bima', 18),
(289, 'Sumbawa Barat', 18),
(290, 'Lombok Utara', 18),
(291, 'Kota Mataram', 18),
(292, 'Kota Bima', 18),
(293, 'Sumba Barat', 19),
(294, 'Sumba Timur', 19),
(295, 'Kupang', 19),
(296, 'Timor Tengah Selatan', 19),
(297, 'Timor Tengah Utara', 19),
(298, 'Belu', 19),
(299, 'Alor', 19),
(300, 'Lembata', 19),
(301, 'Flores Timur', 19),
(302, 'Sikka', 19),
(303, 'Ende', 19),
(304, 'Ngada', 19),
(305, 'Manggarai', 19),
(306, 'Rote Ndao', 19),
(307, 'Manggarai Barat', 19),
(308, 'Sumba Tengah', 19),
(309, 'Sumba Barat Daya', 19),
(310, 'Nagekeo', 19),
(311, 'Manggarai Timur', 19),
(312, 'Sabu Raijua', 19),
(313, 'Malaka', 19),
(314, 'Kota Kupang', 19),
(315, 'Sambas', 20),
(316, 'Bengkayang', 20),
(317, 'Landak', 20),
(318, 'Mempawah', 20),
(319, 'Sanggau', 20),
(320, 'Ketapang', 20),
(321, 'Sintang', 20),
(322, 'Kapuas Hulu', 20),
(323, 'Sekadau', 20),
(324, 'Melawi', 20),
(325, 'Kayong Utara', 20),
(326, 'Kubu Raya', 20),
(327, 'Kota Pontianak', 20),
(328, 'Kota Singkawang', 20),
(329, 'Kotawaringin Barat', 21),
(330, 'Kotawaringin Timur', 21),
(331, 'Kapuas', 21),
(332, 'Barito Selatan', 21),
(333, 'Barito Utara', 21),
(334, 'Sukamara', 21),
(335, 'Lamandau', 21),
(336, 'Seruyan', 21),
(337, 'Katingan', 21),
(338, 'Pulang Pisau', 21),
(339, 'Gunung Mas', 21),
(340, 'Barito Timur', 21),
(341, 'Murung Raya', 21),
(342, 'Kota Palangka Raya', 21),
(343, 'Tanah Laut', 22),
(344, 'Kota baru', 22),
(345, 'Banjar', 22),
(346, 'Barito Kuala', 22),
(347, 'Tapin', 22),
(348, 'Hulu Sungai Selatan', 22),
(349, 'Hulu Sungai Tengah', 22),
(350, 'Hulu Sungai Utara', 22),
(351, 'Tabalong', 22),
(352, 'Tanah Bumbu', 22),
(353, 'Balangan', 22),
(354, 'Kota Banjarmasin', 22),
(355, 'Kota Banjar baru', 22),
(356, 'Paser', 23),
(357, 'Kutai Barat', 23),
(358, 'Kutai Kartanegara', 23),
(359, 'Kutai Timur', 23),
(360, 'Berau', 23),
(361, 'Penajam Paser Utara', 23),
(362, 'Mahakam Hulu', 23),
(363, 'Kota Balikpapan', 23),
(364, 'Kota Samarinda', 23),
(365, 'Kota Bontang', 23),
(366, 'Malinau', 24),
(367, 'Bulungan', 24),
(368, 'Tana Tidung', 24),
(369, 'Nunukan', 24),
(370, 'Kota Tarakan', 24),
(371, 'Bolaang Mongondow', 25),
(372, 'Minahasa', 25),
(373, 'Kepulauan Sangihe', 25),
(374, 'Kepulauan Talaud', 25),
(375, 'Minahasa Selatan', 25),
(376, 'Minahasa Utara', 25),
(377, 'Bolaang Mongondow Utara', 25),
(378, 'Kepulauan Siau Tagulandang Biaro', 25),
(379, 'Minahasa Tenggara', 25),
(380, 'Bolaang Mongondow Selatan', 25),
(381, 'Bolaang Mongondow Timur', 25),
(382, 'Kota Manado', 25),
(383, 'Kota Bitung', 25),
(384, 'Kota Tomohon', 25),
(385, 'Kota Kotamobagu', 25),
(386, 'Banggai Kepulauan', 26),
(387, 'Banggai', 26),
(388, 'Morowali', 26),
(389, 'Poso', 26),
(390, 'Donggala', 26),
(391, 'Toli-Toli', 26),
(392, 'Buol', 26),
(393, 'Parigi Moutong', 26),
(394, 'Tojo Una-Una', 26),
(395, 'Sigi', 26),
(396, 'Banggai Laut', 26),
(397, 'Morowali Utara', 26),
(398, 'Kota Palu', 26),
(399, 'Kepulauan Selayar', 27),
(400, 'Bulukumba', 27),
(401, 'Bantaeng', 27),
(402, 'Jeneponto', 27),
(403, 'Takalar', 27),
(404, 'Gowa', 27),
(405, 'Sinjai', 27),
(406, 'Bone', 27),
(407, 'Maros', 27),
(408, 'Pangkajene Kepulauan', 27),
(409, 'Barru', 27),
(410, 'Soppeng', 27),
(411, 'Wajo', 27),
(412, 'Sidenreng Rappang', 27),
(413, 'Pinrang', 27),
(414, 'Enrekang', 27),
(415, 'Luwu', 27),
(416, 'Tana Toraja', 27),
(417, 'Luwu Utara', 27),
(418, 'Luwu Timur', 27),
(419, 'Toraja Utara', 27),
(420, 'Kota Makassar', 27),
(421, 'Kota Pare-pare', 27),
(422, 'Kota Palopo', 27),
(423, 'Buton', 28),
(424, 'Muna', 28),
(425, 'Konawe', 28),
(426, 'Kolaka', 28),
(427, 'Konawe Selatan', 28),
(428, 'Bombana', 28),
(429, 'Wakatobi', 28),
(430, 'Kolaka Utara', 28),
(431, 'Buton Utara', 28),
(432, 'Konawe Utara', 28),
(433, 'Kolaka Timur', 28),
(434, 'Konawe Kepulauan', 28),
(435, 'Muna Barat', 28),
(436, 'Buton Tengah', 28),
(437, 'Buton Selatan', 28),
(438, 'Kota Kendari', 28),
(439, 'Kota Bau-Bau', 28),
(440, 'Boalemo', 29),
(441, 'Gorontalo', 29),
(442, 'Pohuwato', 29),
(443, 'Bone Bolango', 29),
(444, 'Gorontalo Utara', 29),
(445, 'Kota Gorontalo', 29),
(446, 'Polewali Mandar', 30),
(447, 'Maluku Tenggara Barat', 31),
(448, 'Maluku Tenggara', 31),
(449, 'Maluku Tengah', 31),
(450, 'Buru', 31),
(451, 'Kepulauan Aru', 31),
(452, 'Seram Bagian Barat', 31),
(453, 'Seram Bagian Timur', 31),
(454, 'Maluku Barat Daya', 31),
(455, 'Buru Selatan', 31),
(456, 'Kota Ambon', 31),
(457, 'Kota Tual', 31),
(458, 'Halmahera Barat', 32),
(459, 'Halmahera Tengah', 32),
(460, 'Kepulauan Sula', 32),
(461, 'Halmahera Selatan', 32),
(462, 'Halmahera Utara', 32),
(463, 'Halmahera Timur', 32),
(464, 'Pulau Morotai', 32),
(465, 'Pulau Taliabu', 32),
(466, 'Kota Ternate', 32),
(467, 'Kota Tidore Kepulauan', 32),
(468, 'Majene', 33),
(469, 'Mamasa', 33),
(470, 'Mamuju', 33),
(471, 'Pasangkayu', 33),
(472, 'Mamuju Tengah', 33),
(473, 'Fakfak', 33),
(474, 'Kaimana', 33),
(475, 'Teluk Wondama', 33),
(476, 'Teluk Bintuni', 33),
(477, 'Manokwari', 33),
(478, 'Sorong Selatan', 33),
(479, 'Sorong', 33),
(480, 'Raja Ampat', 33),
(481, 'Tambrauw', 33),
(482, 'Maybrat', 33),
(483, 'Manokwari Selatan', 33),
(484, 'Pegunungan Arfak', 33),
(485, 'Kota Sorong', 33),
(486, 'Merauke', 34),
(487, 'Jayawijaya', 34),
(488, 'Jayapura', 34),
(489, 'Nabire', 34),
(490, 'Biak Numfor', 34),
(491, 'Kepulauan Yapen', 34),
(492, 'Paniai', 34),
(493, 'Puncak Jaya', 34),
(494, 'Mimika', 34),
(495, 'Boven Digoel', 34),
(496, 'Mappi', 34),
(497, 'Asmat', 34),
(498, 'Yahukimo', 34),
(499, 'Pegunungan Bintang', 34),
(500, 'Tolikara', 34),
(501, 'Sarmi', 34),
(502, 'Keerom', 34),
(503, 'Waropen', 34),
(504, 'Supiori', 34),
(505, 'Mamberamo Raya', 34),
(506, 'Nduga', 34),
(507, 'Lanny Jaya', 34),
(508, 'Mamberamo Tengah', 34),
(509, 'Yalimo', 34),
(510, 'Puncak', 34),
(511, 'Dogiyai', 34),
(512, 'Intan Jaya', 34),
(513, 'Deiyai', 34),
(514, 'Kota Jayapura', 34);

-- --------------------------------------------------------

--
-- Table structure for table `hospitals`
--

CREATE TABLE `hospitals` (
  `id` int(11) NOT NULL,
  `name` varchar(191) COLLATE utf8mb4_unicode_ci NOT NULL,
  `address` varchar(191) COLLATE utf8mb4_unicode_ci NOT NULL,
  `phone` varchar(191) COLLATE utf8mb4_unicode_ci DEFAULT NULL,
  `latitude` double DEFAULT NULL,
  `longitude` double DEFAULT NULL,
  `city_id` int(11) NOT NULL,
  `province_id` int(11) NOT NULL
) ENGINE=InnoDB DEFAULT CHARSET=utf8mb4 COLLATE=utf8mb4_unicode_ci;

--
-- Dumping data for table `hospitals`
--

INSERT INTO `hospitals` (`id`, `name`, `address`, `phone`, `latitude`, `longitude`, `city_id`, `province_id`) VALUES
(1, 'RS Umum Daerah  Dr. Zainoel Abidin', 'Jl. Tgk Daud Beureueh, NO. 108 B. Aceh', '065134571', 5.563923143087138, 95.33748375715452, 19, 1),
(2, 'RS Bhayangkara Banda Aceh', 'Jl. Cut Nyak Dhien No. 23, Lamteumen Barat Banda Aceh', '065141470', 5.530134093895262, 95.29498460845947, 19, 1),
(3, 'RS Umum Daerah Kota Subulussalam', 'Jl. Hamzah Fansyuri (Subulussalam-Rundeng) Kec. Simpang Kiri Kota Subulussalam Aceh 24782', '085260077824', 2.63953, 98.0099, 23, 1),
(4, 'RS Umum Daerah Porsea', 'Jl Raja Sipakko Napitulu, Ds. Parparean, Kec. Porsea, Kab. Toba Samosir', '08116210890', 2.461886, 99.135438, 29, 2),
(5, 'RS Umum Daerah Parapat', 'Jl Kolonel TPR Sinaga Parapat', '085372989347', 2.6679287, 98.9373894, 32, 2),
(6, 'RS Umum Rahmad Hidayah', 'Jl Limau Manis Pasar XIII No.61, Desa Limau Manis, Kecamatan Tanjung Morawa, Kabupaten Deli Serdang, Provinsi Sumatera Utara', NULL, 3.52587, 98.79392, 35, 2),
(7, 'RS Umum Mitra Sehat', 'Jl. Sei Merah No. 300 Desa Dagang Kerawan - Tanjung Morawa', '0985270253369', 3.511099926081463, 98.79465896241149, 35, 2),
(8, 'RS Umum Yoshua', 'Jl. Medan Lubuk Pakam N0. 70', NULL, 3.551759716085772, 98.85961190605167, 35, 2),
(9, 'RS Umum Citra Medika', 'Jl Medan-Bt Kuis No 377 Pasar X Desa Bandar Klippa', NULL, 3.606164, 98.757849, 35, 2),
(10, 'RS Umum Pancur Batu', 'Jl. Jamin Ginting KM. 17,5 Desa Tengah Kec. Pancur Batu', '081376257161', 3.474224989246381, 98.59633552420654, 35, 2),
(11, 'RS Umum Daerah Dr. Pirngadi', 'Jl Prof H M Yamin SH No. 47, Medan', NULL, 3.598184, 98.6886, 53, 2),
(12, 'RS Bhayangkara Tingkat II', 'Jl KH Wahid Hasyim No.1, Medan', '081361462147', 3.572347023793755, 98.6585174343586, 53, 2),
(13, 'RS Umum Pusat H. Adam Malik', 'Jl Bunga Lau No. 17, Medan', '0618363000', 3.5191192, 98.608598, 53, 2),
(14, 'RS Umum Daerah Padang Sidempuan', 'Jl Dr. F.L. Tobing No. 10, Kel. Wek. V Kec. Padangsidimpuan Utara Kota Padangsidimpuan', NULL, 1.372846415229668, 99.27186357672119, 55, 2),
(15, 'RS Umum Islam Ibnu Sina', 'Jl M Natsir pasaman baru', '082386160552', 0.1080534387379814, 99.82772412357241, 68, 3),
(16, 'RS Umum Ibnu Sina Padang Panjang', 'Jl. Sukarno. Hatta No. 17, Kel. Bukit Surungan, Kec. Padang Panjang Barat', '085274551137', -0.4606626729078484, 100.4005983559058, 72, 3),
(17, 'RS Umum Ibnu Sina Bukittinggi', 'Jl. Batang Agam, Belakang Balok', '075221185', -0.3117379153099411, 100.3708321588038, 73, 3),
(18, 'RS Umum Azzahra', 'Jl. Rambutan No. 03 RK Harapan, Ujung Batu', '082388797008', 0.70933, 100.541, 82, 4),
(19, 'RS Umum Daerah  Bengkalis', 'Jl Kelapapati Tengah No.90, Bengkalis', '07667008400', 1.46654, 102.251, 83, 4),
(20, 'RS Umum Daerah  Dr. RM. Pratomo Bagansiapiapi', 'Jl Pahlawan No.13, Bagansiapiapi', NULL, 2.1523, 100.81, 84, 4),
(21, 'RS Tk. IV Pekanbaru', 'Jl Kesehatan No 2 Pekanbaru', NULL, 0.5364410602458536, 101.4410839240551, 86, 4),
(22, 'RS Jiwa Tampan', 'Jl H.R. Subrantas Km.12,5 Pekanbaru', '076163240', 0.46485, 101.382, 86, 4),
(23, 'RS Awal Bros A. Yani', 'Jln. Jend. A. Yani No. 73', '076121000', 0.521117, 101.443357, 86, 4),
(24, 'RS Umum Daerah Kolonel Abundjani/Bangko', 'Jln. Kesehatan No. 20 Kelurahan Pematang Kandis Kecamatan Bangko Kabupaten Merangin Provinsi Jambi', '07462145921118', -2.069, 102.276, 89, 5),
(25, 'RS Andimas', 'Jl. Sapta Marga RT. 021 RW. 003 Kel. Pematang Kandis Kec. Bangko', '085369522723', -2.051247659670559, 102.2736146947418, 89, 5),
(26, 'RS Mitra Medika Batang Hari', 'Jl. Gajah Mada Kel. Teratai Kec. Muara Bulian', '074321555', -1.694305638169464, 103.2691555681229, 91, 5),
(27, 'RS Umum Daerah Ahmad Ripin', 'Jl. Lintas Timur Komp. Perkantoran Bukit Cinto Kenang', '0741590056', -1.29674599327677, 103.40451953125, 92, 5),
(28, 'RS Umum Permata Hati', 'Jl.Lebai Hasan, Rt 06/02, Sungai Pinang, Muara Bungo', '08117444118', -2.9879, 104.7603, 96, 5),
(29, 'RS Ibu dan Anak Moelia', 'Jl. Diponegoro RT. 13 RW. 04 Pasir Putih Muara Bungo', '085267660592', -2.4185588, 108.4919086, 96, 5),
(30, 'RS Umum Daerah H. Abdul Manap', 'Jl. SK.Rd.Syahbuddin Kel. Mayang Mangurai Kec.Kota Baru Jambi', '07415910180', -2.4185588, 108.4919086, 97, 5),
(31, 'RS Umum Baiturahim Jambi', 'Jl. Prof. M. Yamin SH, No. 30 Kel. Lebak Bandung', '074135165', -1.605935173866151, 103.6053475638901, 97, 5),
(32, 'RS Ibu dan Anak Karunia Indah Medika', 'Jl. Mayor Tjik Agus Kiemas Lintas Kepur Muara Enim (Kawasan Perkantoran Islamic Center)', '081273373378', -3.629784773762545, 103.7495055696045, 101, 6),
(33, 'RS Umum Daerah Sukajadi', 'Jl. Palembang Betung Km. 14.5 Kel. Tanah Mas Kec. Talang kelapa.', NULL, -2.913923310147961, 104.6724322339569, 105, 6),
(34, 'RS Umum Pusat Dr. Rivai Abdullah', 'Jl. Sungai Kundur Kelurahan Mariana Kec. Banyuasin I', '07117537201', -2.979509432998041, 104.8638046119213, 105, 6),
(35, 'RS Umum Daerah Talang Ubi', 'Jl. Taman Siswa RT. 014 RW. 05 Kel. Pasar Bhayangkara Kec. Talang Ubi', '0713390566', -3.278098065697166, 103.8206564602851, 110, 6),
(36, 'RS Umum Pusat Dr. Mohammad Hoesin Palembang', 'Jl. Jendral Sudirman KM 3,5 Palembang', '0711354088', -2.9729, 104.752, 112, 6),
(37, 'RS Umum Pertamina Palembang', 'JL. Pengantingan NO I Komplek Pertamina Plaju, Palembang', '0711597444', -3.000892751179303, 104.8242742385864, 112, 6),
(38, 'RS Umum Pusri Palembang', 'Jl May Zen Kompl Pusri, 2 Ilir Palembang', '0711721313', -2.9684, 104.816, 112, 6),
(39, 'RS Islam Siti Khadijah', 'Jl. Demang Lebar Daun No.26', '0711536008', -2.971403553844777, 104.730974105835, 112, 6),
(40, 'RS Muhammadiyah Palembang', 'Jl. A. Yani 13 Ulu, Palembang', '0711511446', -2.996709841809831, 104.7767689676284, 112, 6),
(41, 'RS Bhayangkara M. Hasan Palembang', 'Jl. Jenderal Sudirman KM. 4.5', '0711414855', -2.958687, 104.737423, 112, 6),
(42, 'RS Siloam Sriwijaya Palembang', 'JL.POM IX (KOMPLEK PS MALL) KELURAHAN LOROK PAKJO', '07115229100', -2.9779351, 104.7422583, 112, 6),
(43, 'RS Umum Ar-Rasyid Palembang', 'JL. H. M. Saleh No. 02 KM. 7 Kel. Sukarami Kec. Sukarami Palembang', '07115610503', -2.4185588, 108.4919086, 112, 6),
(44, 'RS Umum Daerah Siti Fatimah Provinsi Sumatera Sela', 'Jl. Kol. H. Burlian Km 6', '07115718889', -2.98920946541149, 104.80050235, 112, 6),
(45, 'RS Umum Fadhilah Kota Prabumulih', 'Jl. Jenderal Sudirman No.01 Kel. Patih Galung Kec. Prabumulih Barat', '07133300032', -2.402093887825247, 108.4939685365234, 113, 6),
(46, 'RS Umum Daerah Kota Prabumulih', 'Jl. Lingkar, Kel. Gunung Ibul, Kec. Prabumulih Timur', '07133300400', -3.4023387, 104.2744922, 113, 6),
(47, 'RS Pertamina Kota Prabumulih', 'Jl. Kesehatan No. 100 Komperta Prabumulih', '0713382742', -3.4422605, 104.2279785, 113, 6),
(48, 'RS Umum Ummi Bengkulu', 'Jln. Hibrida Raya No. 01 RT 23 RW 08', '073624832', -2.4185588, 108.4919086, 125, 7),
(49, 'RS Ibu Anak Hidayah Ibu', 'Jl. Kesuma Bangsa Kel. Way Urang Kec. Kalianda', '0727322195', -5.72990709000573, 105.5888464948212, 128, 8),
(50, 'RS Umum Handayani', 'Jl. Soekarno - Hatta No.94,Kotabumi lampung Utara', '0811725127', -4.839722932877921, 104.8852249160409, 131, 8),
(51, 'RS Umum HI. Muhammad Yusuf', 'Jl. Lintas Sumatera No. 12 Ds. Kalibalangan Kec. Abung Selatan', '081279509699', -4.874584841218863, 104.9632541427612, 131, 8),
(52, 'RS Umum Daerah Zainal Abidin Pagar Alam', 'Jl. Raya Lintas Sumatera, Umpu Semenguk', '082176038182', -4.588642, 104.5287645, 132, 8),
(53, 'RS Umum Surya Asih', 'Jl. A. Yani No.51, Pringsewu', '085273345287', -2.0873216, 102.2492672, 135, 8),
(54, 'RS Umum Daerah KH. Muhammad Thohir KRUI', 'Jl. Atar Sedangkek Pekon Way Suluh Kecamatan Krui Selatan Kabupaten Pesisir Barat', '082372298787', -5.215154704779383, 103.9727190038238, 138, 8),
(55, 'RS Umum Daerah Dr H Abdul Moeloek', 'Jl. Dr. Rivai 6, Kelurahan Penengahan Kecamatan Tanjungkarang Pusat, Kota Bandar Lampung, Provinsi Lampung  35112', '0721703312', -5.403076783285577, 105.2586258318425, 139, 8),
(56, 'RS Umum Daerah Dr. (HC) Ir. Soekarno', 'Jl. Zipur Desa Air Anyir Kec. Merawang', '07179106750', -2.4185588, 108.4919086, 141, 9),
(57, 'RS Umum Budi Kemuliaan Batam', 'Jl. Budi Kemuliaan No.1,Batam', '0778454044', 1.147575891191583, 104.0183334667381, 153, 10),
(58, 'RS Umum Awal Bros Batam', 'Jl. Gajah Mada Kav.I Baloi', '0778431777', 1.0518528, 103.9695872, 153, 10),
(59, 'RS Umum Daerah Kota Tanjung Pinang', 'Jl. Sudirman 795,Tanjungpinang', '077121733', 0.9254348036073599, 104.4419588940313, 154, 10),
(60, 'RS Umum Prikasih', 'Jl. RS Fatmawati Raya No. 74, Pondok Labu, Cilandak', '0217504669', -6.314703805976116, 106.793921988269, 156, 11),
(61, 'RS Muhammadiyah Taman Puring', 'Jl. Gandaria 1 No.20, RT.1/RW.2, Kramat Pela, Kec. Kby. Baru, Kota Jakarta Selatan, Daerah Khusus Ibukota Jakarta 12130', NULL, -6.241694638260965, 106.7875450590293, 156, 11),
(62, 'RS Umum Andhika', 'Jl. Warung Sila No. 8, RT.06/RW.04, Gudang Baru Ciganjur, Jagakarsa Jakarta Selatan', '089699999796', -6.3439395, 106.8121821, 156, 11),
(63, 'RS Umum Daerah Tebet', 'Jl. Prof. Dr. Soepomo, SH. No. 54, Tebet, Jakarta Selatan', '0218314955', -6.2265675, 106.8532496, 156, 11),
(64, 'RS Umum Daerah Mampang Prapatan', 'Jl. Kapten P. Tendean No. 9A Jakarta Selatan', '0217971115', -6.2477788, 106.8296488, 156, 11),
(65, 'RS Umum Daerah Jati Padang', 'Jl. Raya Ragunan No. 16 dan 17, Kelurahan Pasar Minggu, Kecamatan Pasar Minggu, Kota Administrasi Jakarta Selatan, Provinsi DKI Jakarta. Kode pos 12520', '02122784477', -6.285537, 106.84226, 156, 11),
(66, 'RS Umum Daerah Kebayoran Baru', 'Jl. Abdul Majid No 28, Kelurahan Cipete Utara, Kecamatan Kebayoran Baru, Kota Administrasi Jakarta S', '02122774469', -6.265490938830784, 106.7986488733635, 156, 11),
(67, 'RS Umum Daerah Kebayoran Lama', 'Jl. Jatayu RT. 001 RW. 012 Kelurahan Kebayoran Lama Selatan Kecamatan Kebayoran Lama Jakarta Selatan', '02127939067', -6.2060819, 106.7989944, 156, 11),
(68, 'RSUP Persahabatan', 'Jl. Persahabatan Raya No. 1, Jakarta Timur', '089638516606', -6.2028134, 106.8840508, 157, 11),
(69, 'RS Umum Daerah Pasar Rebo', 'Jl. TB Simatupang No.30', '085880466933', -6.303669241427477, 106.862322227478, 157, 11),
(70, 'RS Umum Hermina Jatinegara', 'Jl. Jatinegara Barat 126, Jakarta Timur', '0218191223', -6.2202, 106.865, 157, 11),
(71, 'RS Umum Harapan Bunda', 'Jl. Raya Bogor Km.22 No.44 Jakarta Timur', '0218400257', -6.303, 106.867, 157, 11),
(72, 'RS Pusat Otak Nasional Prof DR. dr. Mahar Mardjono', 'Jl. MT Haryono Kav. 11 Kel. Cawang Kec. Kramat Jati', '02122040055', -6.246382092630678, 106.8703622316299, 157, 11),
(73, 'RS Ibu dan Anak SamMarie Basra', 'Jl. Basuki Rachmat No. 31 Pondok Bambu, Kota Administrasi Jakarta Timur, Provinsi DKI Jakarta', '02186613145', -6.22910847166466, 106.8972841722488, 157, 11),
(74, 'RS Umum Daerah Kramat Jati', 'Jln. Raya Inpres No. 48', '02187791352', -6.2879039, 106.8532497, 157, 11),
(75, 'RSUPN Dr. Cipto Mangunkusumo', 'Jl. Diponegoro 71 Jakarta Pusat', '0213924268', -6.1720518, 106.8147487, 158, 11),
(76, 'RS Primaya PGI Cikini', 'Jl. Raden Saleh No. 40 Jakpus', '02138997777', -6.191426, 106.842346, 158, 11),
(77, 'RS Umum Primaya Evasari Hospital', 'Jl. Rawamangun No. 47, Rawasari, Cempaka Putih, Jakarta Pusat', NULL, -6.193587016200888, 106.859740645816, 158, 11),
(78, 'RS Umum Pertamina Jaya', 'Jl. A. Yani No. 2 By Pass Jakarta Pusat', '081285864999', -6.1742438, 106.8759497, 158, 11),
(79, 'RS Menteng Mitra Afia', 'Jl. Kalipasir No.9 Kel. Kebon Sirih, Kec. Menteng, Jakarta Pusat', NULL, -6.187065392580209, 106.8382620063199, 158, 11),
(80, 'RS Umum Daerah Cempaka Putih', 'Jl.Rawasari Selatan No1', '088211510697', -6.1847102, 106.8724449, 158, 11),
(81, 'RS Umum Daerah Tanah Abang', 'Jalan K.H. Mas Mansyur No. 30 Kelurahan Kebon Kacang Kecamatan Tanah Abang, Jakarta Pusat 10240', '081585212731', -6.190905, 106.814798, 158, 11),
(82, 'RS Kanker Dharmais', 'Jl. S Parman Kav.84-86 Slipi Jakarta Barat', '081318238366', -6.1869, 106.798, 159, 11),
(83, 'RS Anak dan Bunda Harapan Kita', 'Jl. Let.Jend. S Parman Kav. 87 Slipi Jakbar', NULL, -6.184661316750199, 106.7979311904907, 159, 11),
(84, 'RS Jantung dan Pembuluh Darah Harapan Kita', 'Jl. S. Parman Kav 87, Slipi', '0215682424', -6.1856416, 106.7987702, 159, 11),
(85, 'RS Umum Siloam Hospitals Kebon Jeruk', 'Jl. Perjuangan Raya Kav.8 Jakarta Barat', '081585340200', -6.1908205, 106.7613427, 159, 11),
(86, 'RS Umum Daerah  Pademangan', 'Jl. Budi Mulia Raya No.2 Pademangan Barat', '081317895868', -6.132835097699937, 106.8400455281723, 160, 11),
(87, 'RS Paru Dr. M. Goenawan Partowidigdo', 'Jl. Raya Puncak KM.83, Po Box 28 Cisarua Bogor 16750', '02518253630', -6.688932880795446, 106.9394544167084, 161, 12),
(88, 'RS Umum Daerah Leuwiliang', 'Jl. Raya Cibeber - Leuwiliang Bogor', '02518643490', -6.5705, 106.625, 161, 12),
(89, 'RS Ibu dan Anak Citra Insani', 'Jl. Raya Parung No.242 Lebakwangi, Pemagarsari - Bogor', '08111111900', -6.4848, 106.735, 161, 12),
(90, 'RS Umum Family Medical Center', 'Jl. Raya Bogor Km.51 Ciluar, Bogor', '02518665000', -6.5404, 106.826, 161, 12),
(91, 'RS Sentosa', 'Jl. Raya Kemang No. 18 Desa Pondok Udik Kec. Kemang Kab. Bogor', '02517541900', -6.494897543666451, 106.7512622376953, 161, 12),
(92, 'RS Umum Daerah Cileungsi', 'Jl. Raya Cileungsi - Jonggol KM. 10 Cipeucang, Kecamatan Cileungsi', '02189934668', -6.432431, 107.048559, 161, 12),
(93, 'RS Umum Kartika Cibadak', 'Jl. Siliwangi No.139', '02667160068', -6.893734, 106.7852, 162, 12),
(94, 'RS Umum Daerah Sayang', 'Jl. Rumah Sakit No.1 Cianjur', '08112079673', -6.8121, 107.141, 163, 12),
(95, 'RS Umum Daerah Cimacan', 'Jl. Raya Cimacan No.17, Cianjur', '02632950771', -6.7204, 107.032, 163, 12),
(96, 'RS Umum Daerah Al Ihsan Provinsi Jawa Barat', 'Jl. Ki Astramanggala Bale Endah Kab. Bandung', '02287799430', -7.0081, 107.624, 164, 12),
(97, 'RS Umum Daerah Kesehatan Kerja', 'Jl. Raya Rancaekek KM. 27 NO. 612 Desa Nanjungmekar Kec. Rancaekek', '0227798778', -6.9542829, 107.751334, 164, 12),
(98, 'RS Oetomo', 'Jl. Raya Bojongsoang No. 156 RT. 003 RW. 002 Desa Lengkong Kec. Bojongsoang', NULL, -6.9748929, 107.6342586, 164, 12),
(99, 'RS Umum Nurhayati Garut', 'Jl. Jendral Sudirman No. 6', '0262238966', -7.218302958036582, 107.9212883993901, 165, 12),
(100, 'RS Khusus Orthopedi RSOP Ciamis', 'Jl. Raya Ciamis Banjar KM 7 No. 341 RT 16 RW 06 Desa Cijeungjing Kec Cijeungjing', '02657600450', -7.33282304413458, 108.4115523001228, 167, 12),
(101, 'RS Umum Sekar Kamulyan', 'Jl. Rumah Sakit No. 28 Kec.  Cigugur Kab. Kuningan', '0232873206', -6.9701, 108.456, 168, 12),
(102, 'RS Umum Juanda', 'Jl. Ir. H. Juanda No. 207 RT.006 RW.002 Kel.Purwawinangun  Kec.Kuningan Kab.Kuningan Propinsi.Jawabarat', '0232876433', -6.9732, 108.491, 168, 12),
(103, 'RS Umum Daerah Linggajati Kuningan', 'Jln. Raya Bandorasa Wetan - Cilimus No.36 Kec.Cilimus  Kab. Kuningan', '0232614884', -6.88546, 108.4943, 168, 12),
(104, 'RS Jantung Hasna Medika Kuningan', 'Jl. Raya Cigugur Lingkungan Manis RT. 030 RW. 011 Kecamatan Cigugur', '02328611111', -6.974557, 108.4678399, 168, 12),
(105, 'RS Umum Daerah Waled', 'Jl. Prabu Kiansantang No. 4 Waled, Cirebon', '0231661275', -6.9142, 108.718, 169, 12),
(106, 'RS Pertamina Cirebon', 'Jl. Patra Raya Klayan No 1 Cirebon', '08112433338', -6.6857, 108.549, 169, 12),
(107, 'RS Umum Mitra Plumbon', 'Jl. Raya Plumbon Km.11 Cirebon', '0231323100', -6.701498345310198, 108.4815660020386, 169, 12),
(108, 'RS Jantung Hasna Medika', 'Jl. Raden Gilap No 8 Palimanan, Kabupaten Cirebon', '0231343405', -6.709253281221901, 108.4335206704521, 169, 12),
(109, 'RS Umum Daerah Majalengka', 'Jl. Kesehatan No.77 Majalengka', '0233281043', -6.8333, 108.233, 170, 12),
(110, 'RS Bedah Budi Kasih', 'Jl. Raya Siliwangi Panyingkiran Km.7 No.84 Kel. Karyamukti Kec. Panyingkiran Kab. Majalengka Prov. Jawa Barat', '02338665509', -6.800033, 108.182974, 170, 12),
(111, 'RS Mitra Plumbon Majalengka', 'Jl. Raya Barat Pasar Prapatan No. 109  Desa Panjalin Kidul \nKec. Sumberjaya , Kab. Majalengka 45455', NULL, -6.704744334955436, 108.3572067844066, 170, 12),
(112, 'RS Islam Zam-Zam Muhammadiyah Jatibarang', 'Jl. Raya Letnan Joni 1231, Jatibarang, Indramayu', NULL, -6.480668633931403, 108.3062466479199, 172, 12),
(113, 'RS Ibu dan Anak Dian', 'Jl. Raya Cibogo Hilir Kec. Plered Kab. Purwakarta', '087812653989', -6.653833, 107.389557, 174, 12),
(114, 'RS Umum Bhakti Husada II Purwakarta', 'Jl. Raya Sadang-Subang KM 5 RT 01/01 Cikumpay Campaka Purwakarta', '02648225255', -6.504370617338761, 107.4909813693115, 174, 12),
(115, 'RS Umum Daerah Karawang', 'Jl. Galuh Mas Raya No.1, Sukaharja, Teluk Jambe, Karawang', '0267640118', -6.3184112, 107.2966918, 175, 12),
(116, 'RS Umum Dewi Sri', 'Jl. Arif Rahman Hakim No. 1 A Karawang', '0267402855', -6.304557319969799, 107.2978268655762, 175, 12),
(117, 'RS Umum Delima Asih Sisma Medika', 'Jl. Wirasaba No.54, Johar - Karawang', '0267403073', -6.3152, 107.316, 175, 12),
(118, 'RS Umum Citra Sari Husada', 'Jl. Raya Kosambi -Telaga Sari Km.3 Klari, Karawang', '02678617972', -6.349791, 107.377628, 175, 12),
(119, 'RS Umum Puri Asih', 'Jl. Raya Jatisari No. 3 Jatisari Karawang', '0264361459', -6.3717468, 107.5209409, 175, 12),
(120, 'Siloam Hospitals Lippo Cikarang', 'Jl. MH Thamrin Kav.105 Bekasi', '02129636911', NULL, NULL, 176, 12),
(121, 'RS Umum Dokter Adam Talib', 'JL. TEUKU UMAR NO. 25 CIKARANG BARAT', '082112767778', -6.270790915185525, 107.0918922288361, 176, 12),
(122, 'RS Umum Cibitung Medika', 'Jl. H. Bosih No.117 Cibitung Kabupaten Bekasi', '02188323444', -6.253290519935998, 107.0861467620407, 176, 12),
(123, 'RS Umum Asri Medika', 'Jl. Citanduy Raya L 11 No 1, Simpangan, Cikarang Utara, Kab Bekasi, Jawa Barat', '0218914296869', -6.27704, 107.18119, 176, 12),
(124, 'RS Mitra Medika Narom', 'Jl. Raya Jatiwangi Ds. Cikedokan  001/001 Cikarang Barat, Kab. Bekasi Jawa Barat', '02189983741', -6.3209389, 107.0893913, 176, 12),
(125, 'RS Uni Medika Setu Bekasi', 'Jl. Raya setu No.99 Desa Lubang Buaya Kec. Setu', '085891000553', -6.331774207404841, 107.0483452672424, 176, 12),
(126, 'RS Umum Harapan Mulia', 'Jl. Raya Cibarusah No. 5 Kebon Kopi Cibarusah Kelurahan Cibarusah Jaya, Kecamatan Cibarusah, Kabupaten Bekasi, Jawa Barat', '02189952340', -6.434305559149993, 107.0690184661865, 176, 12),
(127, 'RS Umum Kartika Husada Setu', 'Jl. Raya Burangkeng Desa Burangkeng Rt. 001 Rw.06 Kec. Setu', '02182610003', -6.340061225390084, 107.0385417832667, 176, 12),
(128, 'RS Umum Dr. Iqbali Taufan', 'Villa Mutiara Cikarang 2 Blok. E3 No.16-20 Sukasejati Kec. Cikarang Selatan Kab. Bekasi', '081383215660', NULL, 108.4919086, 176, 12),
(129, 'RS Umum Permata Keluarga Jababeka', 'Jl. DR. Cipto Mangunkusumo Blok A Nomor  1 A Medical City Kota Jababeka', '082112722965', -6.284883915170983, 107.1736940205436, 176, 12),
(130, 'RS Eka Bekasi', 'Kota Harapan Indah Blok i2-9 No. 9', '02150935577', -6.159382134260893, 106.9740357896362, 176, 12),
(131, 'RS Umum As-Shofwan', 'Jl. Raya Karawang - Bekasi km.30 Ds. Bojongsari, Kec. Kedungwaringin.', '02189141890', -6.267740729075444, 107.2496914392386, 176, 12),
(132, 'RS Umum IMC', 'Jl. Raya Cimareme RT. 01 RW. 02 Ds Cimareme Kec Ngamprah Kab Bandung Barat', '0226620923', -6.863308501136536, 107.5029080455284, 177, 12),
(133, 'RS Umum Cahya Kawaluyan', 'Jl. Parahyangan KM. 3 - Kota Baru Parahyangan Kec. Padalarang KBB', '0226803700', -6.865707131743182, 107.4739654604355, 177, 12),
(134, 'RS Umum Daerah Pandega Pangandaran', 'Jl. Merdeka No. 412 Desa Pananjung Kec.Pangandaran Kab. Pangandaran', '02657503045', -7.681545743360495, 108.6463796993767, 178, 12),
(135, 'RS Umum Medika Dramaga', 'Jl. Raya Dramaga Km.7,3 Margajaya-Bogor Barat-Kota Bogor', '02518308900', -6.57126, 106.73966, 179, 12),
(136, 'RS Ibu dan Anak Bunda Suryatni', 'Jl. KH. Sholeh Iskandar No,21 Tanah Sareal Kota Bogor', '02517535976', -6.552456, 106.77559, 179, 12),
(137, 'RS Umum Siloam Hospitals Bogor', 'Jl. Pajajaran No. 27 Bogor Tengah, Kota Bogor', '02518303900', -2.4185588, 108.4919086, 179, 12),
(138, 'RS Jiwa dr. H. Marzoeki Mahdi', 'Jl. dr. Sumeru No.114 Kota Bogor', '8310611', -6.5894, 106.793, 179, 12),
(139, 'RS Umum Azra', 'Jl. Raya Pajajaran No.219, Bogor Utara Kota Bogor', '02518318456', -6.579, 106.807, 179, 12),
(140, 'RS Umum Daerah Kota Bogor', 'Jl. DR. Sumeru No.120, Kota Bogor, Jawa Barat', '02518312292', -6.5803, 106.778, 179, 12),
(141, 'RS Umum Hermina Bogor', 'Jl. Ring Road I Kav. 23,25,27 Perum Taman Yasmin Bogor', '02518382525', -6.5561, 106.777, 179, 12),
(142, 'RS Umum Melania', 'Jl. Pahlawan No.91, Kota Bogor', '02518321196', -6.611303273690353, 106.8006966785776, 179, 12),
(143, 'RS Ibu dan Anak Grha Bunda', 'Jl. Terusan Jakarta No. 15-17 Kec. Kiaracondong kota Bandung', '02287256789', -6.913093001690572, 107.6456382659336, 181, 12),
(144, 'RS Umum Pusat Dr. Hasan Sadikin', 'Jl. Pasteur No. 38 Bandung', '0222551189', -6.8991, 107.598, 181, 12),
(145, 'RS Umum Immanuel Bandung', 'Jl. Kopo 161 Bandung', '081312620066', -6.9354, 107.596, 181, 12),
(146, 'RS Umum Pindad', 'Jl. Gatot Soebroto No. 517 Kel. Sukapura Kec. Kiaracondong', '0227322877', -6.940032345148947, 107.6462232359052, 181, 12),
(147, 'RS Umum Hermina Arcamanik', 'Jl. A.H. Nasution No. 50 Antapani Kota Bandung', '02287242525', -6.90493425820712, 107.666751628836, 181, 12),
(148, 'RS Ibu dan Anak Limijati', 'Jl. LLRE. Martadinata No. 39 Kota Bandung', '0224207770', -6.906056863699375, 107.6136135583793, 181, 12),
(149, 'RS Umum Tk. IV 03.07.03 Sariningsih', 'Jl. L. L. R.E. Martadinata No.09, Kel.Citarum, Kec. Bandung Wetan, Kota Bandung, Jawa Barat 40115', NULL, -6.906935057079031, 107.6111474707127, 181, 12),
(150, 'RS Umum Daerah Bandung Kiwari', 'Jl. KH. Wahid Hasyim No. 311 Bandung', '02286037777', -6.943197, 107.591405, 181, 12),
(151, 'RS Ibu dan Anak Melinda ', 'Jl. Pajajaran No.46 Kel Pasirkaliki, Kec. Cicendo, Kota Bandung', '0224222788', -6.906858580373824, 107.6033272294998, 181, 12),
(152, 'RS Umum Hermina Pasteur ', 'Jl. Dr. Djundjunan No.107 Kota Bandung', '0226072525', -6.8956, 107.589, 181, 12),
(153, 'RS Ibu dan Anak Harapan Bunda Bandung', 'Jl. Pluto Raya Blok C Margahayu Raya, Buah Batu, Kota Bandung', '0227506490', -6.955810694210075, 107.6620975038086, 181, 12),
(154, 'RS Ibu dan Anak Al Islam ', 'Jl. Awibitung No. 29-31 Kelurahan Cicadas Kecamatan Cibeunying Kidul', '0227208284', -6.909709, 107.637942, 181, 12),
(155, 'RS Umum Mayapada Hospital Bandung', 'Jl. Terusan Buah Batu No. 05 002/004 Batununggal', NULL, -6.9487473, 107.6348442, 181, 12),
(156, 'RS Umum Tk. III Ciremai', 'Jl. Kesambi No. 237 Cirebon', '0231238335', -6.7379, 108.55, 182, 12),
(157, 'RS Umum Juwita', 'Jl. M. Hasibuan No.78, Bekasi Timur', '0218829590', -2.4185588, 108.4919086, 183, 12),
(158, 'RS Umum Satria Medika', 'Jl. Raya Bantar Gebang Setu No 119 Kel Padurenan Kec Mustika Jaya', '021222105678', -2.4185588, 108.4919086, 183, 12),
(159, 'RS Umum Daerah Jatisampurna', 'Jl. Raya Pasar Kranggan No. 26 RT 01 RW 04 Kelurahan Jatisampurna Kecamatan Jatisampurna Kota Bekasi Provinsi Jawa Barat 17433', '081389977722', -6.3635805, 106.9214097, 183, 12),
(160, 'RS Umum Bella', 'Jl. Ir. H .Juanda No. 141, Bekasi', '0218801778', -6.246772, 107.010503, 183, 12),
(161, 'RS Umum Jati Sampurna', 'Jl. Rawa Dolar RT. 003 RW. 007 Kel. Jatiraden Kec. Jatisampurna', '0218451457', -6.3468895, 106.9255828, 183, 12),
(162, 'RS Umum Tugu Ibu', 'Jl. Raya Bogor Km 29 Cimanggis - Depok', '0218708268', -6.3565, 106.86, 184, 12),
(163, 'RS Ibu dan Anak Tumbuh Kembang', 'Jl. Raya Bogor Km.31 No.23 Cimanggis Kota Depok', '0218701873', -6.371662642563014, 106.8613728270531, 184, 12),
(164, 'RS Universitas Indonesia', 'Jl. Prof. Dr. Bahder Djohan, Kampus Universitas Indonesia Depok', '02150829282', -6.372143686685863, 106.8296793004547, 184, 12),
(165, 'RS Umum Daerah Khidmat Sehat Afiat Kota Depok', 'Jl. Raya Muchtar No. 99 Sawangan', '082298661201', -6.403899, 106.758531, 184, 12),
(166, 'RS Umum Simpangan Depok', 'Jl. Raya Bogor Km.36 , Kel. Sukamaju, Kec. Cilodong, Depok 16414, Jawa Barat', '0218741549', -6.4085, 106.861, 184, 12),
(167, 'RS Umum Daerah dr. Soekardjo', 'Jl. Rumah Sakit 33 Tasikmalaya', '0265331683', -7.332236453653749, 108.2251253625427, 186, 12),
(168, 'RS Umum Jasa Kartini', 'Jalan Otto Iskandardinata No. 15 Kel. Empangsari Kec. Tawang Kota Tasikmalaya', '08112163983', -7.325659, 108.222793, 186, 12),
(169, 'RS Umum Tasik Medika Citratama (TMC)', 'Jl. K.H.Z. Mustofa No. 310 Kel. Tuguraja Kec. Cihideung', '0265323555', -7.340349, 108.21767, 186, 12),
(170, 'RS Ibu dan Anak Ummi', 'Jl. Paseh No. 10 Tuguraja Cihideung Kota Tasikmalaya', '085322726133', -7.333403, 108.214747, 186, 12),
(171, 'RS Umum Daerah Banjar', 'Jl. Rumah Sakit No. 5 Kota Banjar', '0265744242', -7.3698, 108.573, 187, 12),
(172, 'RS Umum Daerah Cilacap', 'Jl. Gatot Subroto 28 Cilacap RT 04 / RW 05 Kel. Sidanegara Kec. Cilacap Tengah Kab. Cilacap', '0282533010', -7.717242526654959, 109.0153647804261, 188, 13),
(173, 'RS Umum Pertamina Cilacap', 'Jl. Dr. Setiabudi No.1 Tegal Kamulyan, Cilacap Selatan, Cilacap', '0282509922', -7.7024, 109.042, 188, 13),
(174, 'RS Umum Islam Fatimah', 'Jl. Ir.H.Juanda No.20 Cilacap', '0282542396', -7.692089123519636, 109.0249144932304, 188, 13),
(175, 'RS Ibu dan Anak Annisa', 'Jl. Gatot Subroto 31 A Cilacap', '0282533550', -7.717239, 109.014663, 188, 13),
(176, 'RS Umum Aghisna Medika Kroya', 'Jl. Yos Sudarso No. 1 Karangmangu Kroya', '0282492260', -7.6331446, 109.2474818, 188, 13),
(177, 'RS umum Daerah Banyumas', 'Jl. Rumah Sakit No.1 Banyumas', '0281796031', -7.5302, 109.292, 189, 13),
(178, 'RS Umum An Ni\'mah', 'Jalan Raya Klapagading Kulon Rt 01 Rw 14 Kec Wangon - Banyumas', '02815700170', -7.51806, 109.06227, 189, 13),
(179, 'RS Umum Amanah', 'Jl Raya Kebokura No.37 Kec Sumpiuh Kab Banyumas', '0282497548', -7.6132, 109.36, 189, 13),
(180, 'RS Umum Daerah Ajibarang', 'Jl. Raya Pancasan No.1,Ajibarang Banyumas', '02816570004', -7.4033, 109.096, 189, 13),
(181, 'RS Umum Daerah dr. R. Goeteng Taroenadibrata', 'Jl. Tentara Pelajar Purbalingga No. 22', '0281891016', -7.3846, 109.362, 190, 13),
(182, 'RS Umum Harapan Ibu', 'Jl. May.Jend.Soengkono KM.1,Kec. Kalimanah, Purbalingga dan JL. Soekarno Hatta No.02 Kec. Kalimanah', '0281892222', -7.40055656238444, 109.3504428253174, 190, 13),
(183, 'RS Ibu dan Anak Ummu Hani', 'Jl. D I Panjaitan No 40 A Purbalingga Jawa Tengah', '0281891373', -7.38687748974773, 109.361483064032, 190, 13),
(184, 'RS Umum Palang Biru Gombong', 'Jl. Yos Sudarso Timur Desa Kedungpuji Gombong', '0287471290', -7.6063, 109.516, 192, 13),
(185, 'RS Umum  Karanggede Sisma Medika', 'Jl. Raya Karanggede - Solo KM.1, Boyolali', '0298610600', -7.5651, 110.62, 196, 13),
(186, 'RS Umum Islam Boyolali', 'Jl. Raya Boyolali Klaten Kemiri Mojosongo', '(0276)3282158', -7.5506416, 110.6218153, 196, 13),
(187, 'RS Umum Pusat Dr. Soeradji Tirtonegoro', 'Jl. KRT. Suraji Tirtonegoro No.1, Klaten', '0272321020', -7.7151, 110.588, 197, 13),
(188, 'RS Umum Cakra Husada', 'Jl. Merbabu No. 7 Klaten', '0272321123', -7.7091, 110.595, 197, 13),
(189, 'RS Khusus Bedah Diponegoro', 'Jl. Diponegoro No.21 Klaten', '0272325127', -7.701593, 110.61439, 197, 13),
(190, 'RS Umum PKU Muhammadiyah Delanggu', 'Jl. Raya Delanggu Utara No. 19 Desa/Kel. Gatak Kec. Delanggu Kab. Klaten', '0272551051', -7.613839959964223, 110.7014341046811, 197, 13),
(191, 'RS Umum Islam Cawas Klaten', 'Jl. Raya Tugu - Cawas, Kelurahan Tugu, Kecamatan Cawas, Kabupaten Klaten, Provinsi Jawa Tengah. 57463', '02723359222', -7.773762, 110.698422, 197, 13),
(192, 'RS Umum Daerah Ir. Soekarno Kabupaten Sukoharjo', 'Jl. Dr. Muwardi 71, Sukoharjo', '0271593118', -7.683475, 110.849939, 198, 13),
(193, 'RS Khusus Orthopedi Karima Utama', 'Jl. Amarta 8-10 Ngabeyan Kartasura, Sukoharjo - Jawa Tengah', '0271783331', -7.54539, 110.74327, 198, 13),
(194, 'RS Umum PKU Muhammadiyah Sukoharjo', 'Jl. Mayor Sunaryo No. 37 Gawanan, Kelurahan Sukoharjo, Kecamatan Sukoharjo, Kabupaten Sukoharjo, Provinsi Jawa Tengah', '0271593979', -7.6777217, 110.8397659, 198, 13),
(195, 'RS Umum Universitas Sebelas Maret', 'Jl. Ahmad Yani 200 Makamhaji Kartasura Sukoharjo', '02716775000', -7.5593403, 110.7731648, 198, 13),
(196, 'RS Orthopedi Prof. Dr. R. Soeharso', 'Jl. Jenderal Ahmad Yani Pabelan, Surakarta 57162', '0271718079', -7.5575, 110.774, 198, 13),
(197, 'RS Umum Maguan Husada', 'Jl. Raya Pracimantoro-Giribelah Km.6  Suci, Kec. Pracimantoro, Kab. Wonogiri, Provinsi Jawa Tengah', '081329534400', -8.079018095577835, 110.8533389598633, 199, 13),
(198, 'RS Umum Muhammadiyah Selogiri', 'Jl. Lama Bulak, RT.02, RW.04 Desa Nambangan Selogiri, Wonogiri', '0273322624', NULL, 110.88175445242, 199, 13),
(199, 'RS Umum Daerah Karanganyar', 'Jl. Laksda Yos Sudarso Karanganyar', '0271495673/495025 ext 118', -7.5965, 110.951, 200, 13),
(200, 'RS Ibu dan Anak Dian Pertiwi ', 'Jl. Lawu Papahan, Tasikmadu Karanganyar', '0271494829', -7.588168640478201, 110.922055397583, 200, 13),
(201, 'RS Umum Islam Amal Sehat Sragen', 'Jl. Veteran No.35, Sragen, Jawa Tengah', '0271891977', -7.4311, 111.025, 201, 13),
(202, 'RS Umum PKU Muhammadiyah Sragen ', 'Jl. Raya Sragen - Solo Km.8, Masaran, Sragen', '0271644370', -7.460136999999999, 110.953102, 201, 13),
(203, 'RS Umum Daerah Dr. R. Soetijono Blora', 'Jl. Dr Sutomo No. 42,Blora Jawa Tengah', '0296531118', -6.9711, 111.421, 203, 13),
(204, 'RS Umum Permata Blora', 'Jl. Reksodiputro No.57,Blora', '081229021229', -6.974958130882597, 111.4183524282417, 203, 13),
(205, 'RS Umum Bantuan Blora', 'Jl. Dr. Sutomo No.45, Blora', '0296531041', -6.969127599999999, 111.4186704, 203, 13),
(206, 'RS Umum PKU Muhammadiyah Blora', 'Jl. Raya Blora-Cepu Km 3 Desa Seso Kecamatan Jepon Kabupaten Blora Provinsi Jawa Tengah', NULL, -6.971525094733697, 111.4502290211792, 203, 13),
(207, 'RS Umum Daerah dr. R. Soetrasno Rembang', 'Jl. Pahlawan No.16 Rembang', '0295691444', -6.707561305507749, 111.3721558352981, 204, 13),
(208, 'RS Umum Daerah RAA Soewondo', 'Jl. Dr Soesanto  No. 114 Pati', '082295005505', -6.739049937713796, 111.0437617473602, 205, 13),
(209, 'RS Umum Mardi Rahayu', 'Jl. AKBP R Agil  Kusumadya 110,Kudus', '0291434707', -6.83, 110.831, 206, 13),
(210, 'RS Umum Daerah dr. Gondo Suwarno', 'Jl. Diponegoro 125,Ungaran', '0246921006', -7.1343, 110.404, 209, 13),
(211, 'RS Umum Ngesti Waluyo', 'Jl. Pahlawan Parakan,Temanggung', '0293596008', -7.286822568320271, 110.1052845749855, 210, 13),
(212, 'RS Umum Qim', 'Jl. Urip Sumoharjo, Sambong', '02854495222', -6.915829382961784, 109.7458091279541, 212, 13),
(213, 'RS Umum Daerah Kraton Kab. Pekalongan', 'Jl. Veteran 31,Pekalongan', '0285421621', -6.881591883549501, 109.6675487668648, 213, 13),
(214, 'RS Umum Daerah Kajen Kab. Pekalongan', 'Jl. Raya Karangsari Karanganyar Kab. Pekalongan', '081229355569', -7.031035266808759, 109.6173722275955, 213, 13),
(215, 'RS Umum Adella', 'Jl. Prof.Moh. Yamin No.77 Slawi', '0283491154', -6.9728409, 109.1321289, 215, 13),
(216, 'RS Umum Tk. II Dr. Soedjono', 'Jl. Urip Soemoharjo No 48 Kelurahan Wates Kec. Magelang Utara', '0293362813', -7.974460801958966, 110.84298281875, 217, 13),
(217, 'RS Jiwa Prof. Dr. Soerojo', 'Jl. Jenderal Ahmad Yani 169 Magelang', '0293363601', -7.4414273, 110.2234959, 217, 13),
(218, 'RS Umum Daerah Dr. Moewardi Surakarta', 'Jl. Kol Sutarto 132,Surakarta', '0271642642', -7.558951320261476, 110.8420989587524, 218, 13),
(219, 'RS Umum Panti Waluyo', 'Jl. Jend A Yani No.1', '0271712077', -7.5599, 110.791, 218, 13),
(220, 'RS Umum Islam Kustati', 'Jl. Kapt. Mulyadi No.249', '0271643013', -7.5809, 110.831, 218, 13),
(221, 'RS Umum Triharsi', 'Jl. Monginsidi No.82,Surakarta', '02712936000', -7.557592770951934, 110.8250397691726, 218, 13),
(222, 'RS Umum Pusat Surakarta', 'Jl. Profesor DR. Soeharso No.28, Jajar, Kec. Laweyan', '0271713055', -7.554446, 110.787062, 218, 13),
(223, 'RS Umum Daerah Ibu Fatmawati Soekarno', 'Jl. Lettu Sumarto No. 1 Kel. Kadipiro Kec. Banjarsari', '0271715700', -7.526181827694067, 110.8128300184607, 218, 13),
(224, 'RS Umum Hermina Solo', 'jl kolonel sutarto no 16', '0271638989', -7.560173789241359, 110.8401933213745, 218, 13),
(225, 'RS JIH Solo', 'Jl. Adi Sucipto No 118 Jajar Laweyan', '02717469100', -7.550387, 110.789842, 218, 13),
(226, 'RS Umum Tk. IV 04.07.03 dr. Asmir', 'Jl. Dr Muwardi No. 50 Salatiga', '0298326045', -7.331209585917507, 110.5105015536817, 219, 13),
(227, 'RS Paru Dr. Ario Wirawan', 'Jl. Hasanudin No.806,Salatiga', '0298313514', -7.3699, 110.45, 219, 13),
(228, 'RS Ibu dan Anak Hermina Mutiara Bunda', 'Jl. Merak No. 8 Mangunsari Sidomukti', '0298328873', -7.329792385014612, 110.4946494814758, 219, 13),
(229, 'RS Umum Telogorejo Semarang', 'Jl. KH. Ahmad Dahlan Semarang', '02486466000', -6.9882, 110.427, 220, 13),
(230, 'RS Roemani Muhammadiyah Semarang', 'Jl. Wonodri No. 22 Semarang', '0248444623', -7.000049512533664, 110.4280364460239, 220, 13),
(231, 'RS Umum Panti Wilasa Citarum', 'Jl. Citarum No 98 Semarang', '0243542224', -6.970007855423362, 110.4395102948834, 220, 13),
(232, 'RS Umum Daerah Tugurejo Semarang', 'Jl. WALISONGO KM 8,5 NO 137  Semarang', '0247609100', -6.9966, 110.373, 220, 13),
(233, 'RS Panti Wilasa ', 'Jl. Dr. Cipto 50, Bugangan, Semarang Timur', '08156696040', -6.9752, 110.435, 220, 13),
(234, 'RS Daerah KRMT Wongsonegoro', 'Jl. Fatmawati Raya No.1', '1500219', -7.033819593102745, 110.4666902556419, 220, 13),
(235, 'RS Umum Siti Khodijah', 'Jl. Bandung No.39-47,Pekalongan', '085641000058', -6.8961525, 109.6758462, 221, 13),
(236, 'RS Umum Rizki Amalia Medika', 'Jl raya Brosot - Wates Km.5 Jogahan Bumirejo Lendah Kulon Progo', '02747721425', -7.9121, 110.203, 223, 14),
(237, 'RS Umum Daerah Panembahan Senopati', 'Jl Dr. Wahidin Sudiro Husodo Bantul', NULL, -8.023266309950854, 110.458849609375, 224, 14),
(238, 'RS Umum Santa Elisabeth', 'Ganjuran Sumbermulyo Bambanglipuro', '02746460400', -7.8855, 110.33, 224, 14),
(239, 'RS Umum Nur Hidayah', 'Jl Imogiri Timur Km. 11,5 Trimulyo Jetis Bantul', '085100472941', -7.886063174907, 110.38799215385, 224, 14),
(240, 'RS Umum Rachma Husada ', 'Jl Parangtritis Km.16 Gerselo Patalan Jetis Bantul', '02746460089', -7.9096, 110.352, 224, 14),
(241, 'RS Khusus Bedah Ring Road Selatan', 'Glugo Panggungharjo Sewon Bantul Yogyakarta', '0274376115', -7.833032, 110.360149, 224, 14),
(242, 'RS Rajawali Citra ', 'Jl Pleret Km.2,5, Banjardadap Potorono Banguntapan Bantul', '02744435620', -7.8855, 110.33, 224, 14),
(243, 'RS Umum Daerah Wonosari', 'Jl Taman Bakti No. 06 Wonosari', '0274391007', -7.961840618793007, 110.6029195337295, 225, 14),
(244, 'RS Umum Daerah Sleman', 'JL Bhayangkara No 48 Triharjo Sleman', '0274868437ext 180', -7.6840848, 110.3428085, 226, 14),
(245, 'RS Umum PKU Muhammadiyah Gamping', 'Jl. Wates KM 5,5 Gamping Sleman', '02746499118', -7.800458, 110.315499, 226, 14),
(246, 'RS Universitas Ahmad Dahlan', 'Jl Cindelaras Raya - Karangsari, Wedomartani, Ngemplak', '02744477030', -7.80509033052684, 110.358682365918, 226, 14),
(247, 'RS PKU Muhammadiyah Yogyakarta', 'Jl K.H. Ahmad Dahlan No. 20 Ngupasan Gondomanan Yogyakarta', '0274512653', -7.800881683136717, 110.3623057718277, 227, 14),
(248, 'RS Umum Panti Rapih', 'Jl. Cik Di Tiro 30 Yogyakarta', '0274552118', -7.777295569912091, 110.376696147371, 227, 14),
(249, 'RS Bethesda Yogyakarta', 'Jl Jend. Sudirman No. 70 Kotabaru Yogyakarta', '0274586688', -7.7836, 110.377, 227, 14),
(250, 'RS  Mata Dr. Yap', 'Jl Cik Di Tiro No. 5 Yogyakarta', NULL, -7.78, 110.375, 227, 14),
(251, 'RS Umum Daerah Kota Yogyakarta', 'Jl Wirosaban No. 1 Yogyakarta', '0274371195', -7.825852805323056, 110.3780025243759, 227, 14),
(252, 'RSU Agung Mulia', 'Jl. Sasuit Tubun Lingk. Bleber Kel. Sidoharjo Kec. Pacitan Kab. Pacitan', '0357884466', -8.192645369390256, 111.0979557659316, 228, 15),
(253, 'RS Umum Medical Mandiri Pacitan', 'Jalur Lintas Selatan,Suruhan Desa Sirnoboyo, Kecamatan Pacitan, Kabupaten Pacitan, Provinsi Jawa Timur', '0357883989', -8.207561934478324, 111.1244645616089, 228, 15),
(254, 'RS Umum Darmayu Ponorogo', 'Jl. Dr. Sutomo No. 44-50 Ponorogo', '0352481320', -7.868403, 111.473378, 229, 15),
(255, 'RS Umum Muhammadiyah Ponorogo', 'Jalan Diponegoro No. 50, Kelurahan Mangkujayan, Kecamatan Ponorogo, Kabupaten Ponorogo, Provinsi Jawa Timur, Kode Pos 63413', '0352485928', -7.8663, 111.464, 229, 15),
(256, 'RS Umum Muslimat Ponorogo', 'Jl. Jend. A. Yani 155, Ponorogo', '0352481986', -7.877585759901253, 111.4698606630836, 229, 15),
(257, 'RS Umum Daerah Dr. Iskak Tulungagung', 'Jl. Dr. Wahidin Sudiro Husodo Tulungagung', '0355322609', -8.054977218474445, 111.9182258291138, 231, 15),
(258, 'RS Ibu dan Anak Fauziah ', 'Jl. Dr. Sutomo 47 Tulungagung', '0355326515', -8.070032883834195, 111.8948218127762, 231, 15),
(259, 'RS Umum Satiti Prima Husada', 'Ds. Balesono, Kec. Ngunut Kab. Tulungagung', '082132814910', -2.4185588, 108.4919086, 231, 15),
(260, 'RS Umum  Aulia Blitar', 'Jl. Raya Utara No. 3 Kembangarum, Sutojayan, Kab. Blitar', '0342444168', -8.159466889749169, 112.2176236206055, 232, 15),
(261, 'RS Umum  Wilujeng', 'Jl. Joyoboyo No.4 Padangan Kec Kayen Kidul, Kab. Kediri', '081235846900', -7.730893227637092, 112.1182045614397, 233, 15),
(262, 'RS Ibu dan Anak Permata Hati Pare Kediri', 'Jl. Raya Kediri Nomor 48, Ds. Darungan, Kec Pare Kab Kediri', '0354390212', -7.764707, 112.14958, 233, 15),
(263, 'RS Bala Keselamatan Bokor', 'Jl. A.Yani  No.91 Turen , Kab.Malang', '0341824002', -8.169896363001259, 112.6998439247737, 234, 15),
(264, 'RS Jiwa Dr. Radjiman Wediodiningrat Lawang', 'Jl. A. Yani, Lawang, Malang, Jawa Timur', '0341426015', -7.824515854317013, 112.7162438640594, 234, 15),
(265, 'RS Umum Wava Husada ', 'Jln. Panglima Sudirman 99a Kepanjen Malang', '0341393000', -8.115965, 112.574593, 234, 15),
(266, 'RS Sumber Sentosa', 'Jl. Kebonsari No. 221 Malang, RT 003, RW 002 Desa Tumpang, Kec. Tumpang, Kab. Malang', '0341787233', -8.013331113784982, 112.7564987893105, 234, 15),
(267, 'RS Umum Daerah Pasirian Kabupaten Lumajang', 'Jl. Raya Pasirian No. 225A. Kec. Pasirian', '03345761044', -8.208416360481745, 113.1157709676999, 235, 15),
(268, 'RS Umum Daerah Dr. Soebandi', 'Jl. Dr. Soebandi No.124, Jember', '0331487441', -8.15097569150269, 113.7154777324715, 236, 15),
(269, 'RS Bina Sehat Jember', 'Jl. Jayanegara 7 Kaliwates Jember', '0331422701', -8.18050900983345, 113.6849295236607, 236, 15),
(270, 'RS Umum Citra Husada Jember', 'jl. Teratai No. 22 Jember', '0331486200', -8.1674019, 113.680065, 236, 15),
(271, 'RS Umum Srikandi IBI Jember', 'Jl. KH Agus Salim No. 20', '0331335290', -8.185869478098207, 113.6903798478851, 236, 15),
(272, 'RS Kaliwates Jember', 'Jl. Diah Pitaloka Nomor 4 Jember', '0331483505', -8.18180418583249, 113.6751004954849, 236, 15),
(273, 'RS Siloam Jember', 'Jl. Gajah Mada 104 Kelurahan Jember Kidul Kecamatan Kaliwates', '03312861900', -8.173807095679358, 113.6877735617187, 236, 15),
(274, 'RS Umum Bhakti Husada', 'Jl. Krikilan-Glenmore Dusun Krajan, Tegalharjo', '0333821118', -8.3095916, 114.0398693, 237, 15),
(275, 'RS Al Huda ', 'Jl. Raya Gambiran No. 225, Desa Gambiran, Kec. Gambiran, Kab. Banyuwangi', '0333842034', -8.3772589, NULL, 237, 15),
(276, 'RS Mata Fatma', 'Jl. Raya Kalijaten No. 40', '0317879857', -2.4185588, 108.4919086, 242, 15),
(277, 'RS Umum Daerah Sumberglagah', 'Dsn. Sumberglagah Ds. Tanjungkenongo Kec. Pacet Mojokerto', '0321690441', -7.607144984108772, 112.5417180380287, 243, 15),
(278, 'RS Angkatan Udara dr. Efram Harsana', 'Jl. Marsma TNI Anumerta R.Iswahjudi, Kelurahan Maospati, Kecamatan Maospati, Kab. Magetan', '0351864653', -7.603392480349213, 111.4426102537415, 247, 15),
(279, 'RS Muhammadiyah Babat', 'Jl. KH. Ahmad Dahlan No. 14 Babat, Lamongan', '0322451391', -7.104947, 112.167148, 251, 15),
(280, 'RS Umum Citra Medika Lamongan', 'Jl. Lamongrejo No. 28 Lamongan', '0322312444', -7.11976, 112.41662, 251, 15),
(281, 'RS Petrokimia Gresik', 'Jl. Jend. A. Yani No. 69 Kel. Ngipik, Kec. Ngipik, Kab. Gresik', '0313978658', -7.159801949727727, 112.6430523538589, 252, 15),
(282, 'RS Grha Husada Gresik ', 'Komplek Perum PT Petrokimia Gresik, Jalan Padi No.3, Tlogopojok, Kroman, Kec. Gresik, Kabupaten Gresik, Jawa Timur 61118', '0313973401', -7.15404, 112.646272, 252, 15),
(283, 'RS Umum Rachmi Dewi ', 'Jl. Jawa No. 79 - 81, Gresik Kota Baru, Kec. Manyar, Kab. Gresik, Provinsi Jawa Timur 61151', '0313957448', -2.4185588, 108.4919086, 252, 15),
(284, 'RS Islam Aminah', 'Jl. Kenari No. 54 Blitar', '0342801662', -8.11494, 112.163403, 258, 15),
(285, 'RS Umum Daerah dr. Mohamad Saleh Kota Probolinggo', 'Jl. Mayjend Panjaitan No.65 Kota Probolinggo', '085231229303', -7.7489, 113.21, 260, 15),
(286, 'RS Kamar Medika', 'Jl. Empunala No.351, Kel. Kedundung, Kec. Magersari, Kota Mojokerto', '0321330066', -7.46492, 112.451321, 262, 15),
(287, 'RS Umum Daerah Dr. Soedono Madiun', 'Jl. Dr. Soetomo 59, Madiun', '082139645425', -7.6264, 111.524, 263, 15),
(288, 'RS Primasatya Husada Citra (PHC) Surabaya', 'Jl. Prapat Kurung Selatan no 1 Tanjung Perak Surabaya', '0313294118', -7.209710763179305, 112.735735815747, 264, 15),
(289, 'RS Umum Tk. III Brawijaya', 'Jl. Kesatrian No.17 Surabaya', '0315668343', NULL, NULL, 264, 15),
(290, 'RS Umum Islam Surabaya Jemursari ', 'Jl. Jemursari No 51-57, Surabaya', '0318471877', -7.322839259760221, 112.7399714745911, 264, 15),
(291, 'RS Umum Daerah dr. Mohamad Soewandhie', 'Jl. Tambakrejo No. 45-47 Surabaya', '0313717141', -7.2456214, 112.7580023, 264, 15),
(292, 'RS Ibu dan Anak Pura Raharja', 'Jl. Pucang Adi No.12 - 14 Surabaya', '0315019898', -7.283090307315025, 112.7528501369095, 264, 15),
(293, 'RS Ibu dan Anak Bantuan 05.08.05 Surabaya', 'Gubeng Pojok No.21 Surabaya', NULL, -7.2564257, 112.750954, 264, 15),
(294, 'RS Umum Karsa Husada Kota Batu ', 'Jl. A.Yani No.10-13 Kota Batu', '0341591036', -7.872318, 112.523449, 265, 15),
(295, 'RS Baptis Batu', 'Jln. Raya Panglima Sudirman No. 33 Desa Tlekung Kec. Junrejo Kota Batu', '0341594161', -7.8848, 112.53, 265, 15),
(296, 'RS Umum Daerah Balaraja', 'Jl.Rumah Sakit NO. 88 Desa Tobat Kec. Balaraja', '082213620551', -6.197133620274746, 106.4395753009294, 268, 16),
(297, 'RS St. Carolus Summarecon Serpong ', 'Jl Gading Golf Boulevard Kav. 08 Desa Cihuni Kec. Pagedangan', '02154220818', -2.4185588, 108.4919086, 268, 16),
(298, 'RS Umum Murni Asih', 'Jl. Raya Legok No.86, Bojongnangka Kelurahan Medang, Kecamatan Pagedangan Kabupaten Tangerang - Banten', '081219089112', -6.254351686397919, 106.6080041131054, 268, 16),
(299, 'RS Umum Keluarga Kita', 'Jl. Raya PLP Curug KM. 4 No. 8 Curug', NULL, -6.251883581385074, 106.5621428208058, 268, 16),
(300, 'RS UniMedika Sepatan', 'Jl. Raya Pakuhaji No. 3 RT. 002 RW. 001 Kel. Sepatan Kab. Tangerang', '0215518888', -2.4185588, 108.4919086, 268, 16),
(301, 'RS Siloam Hospitals Lippo Village', 'Jl. Siloam No. 6  Lippo Village Tangerang', NULL, -6.225391980261864, 106.5977724761963, 268, 16),
(302, 'RS Umum Daerah dr. Drajat Prawiranegara ', 'Jl. Rumah Sakit No. 1 Serang', NULL, -6.11991713537838, 106.1526240309749, 269, 16),
(303, 'RS Kurnia Serang', 'Jl. Raya Cilegon KM 8 Kramatwatu', '087808876896', -6.062888493034542, 106.1185921821165, 269, 16),
(304, 'RS Daan Mogot Kesdam Jaya', 'Jl. Daan Mogot No. 59 Kota Tangerang', '081222227259', -6.172119058589829, 106.6314476727283, 270, 16),
(305, 'RS Murni Teguh Ciledug', 'Jl. HOS Cokroaminoto (Ciledug Raya) No. 4A Kreo Selatan Larangan Tangerang 15156', '0217371919', -6.2381412, 106.7454657, 270, 16),
(306, 'RS Umum Hermina Tangerang', 'Jl. KS, Tubun No.10 Kel. Pasar Baru Kec. Karawaci Kota Tangerang', '02155771920', -6.22592, 106.8171264, 270, 16),
(307, 'RS Umum Daerah Kota Tangerang', 'Jl Pulau Puteri Raya Perumahan Modernland, Kel. Kelapa Indah Kec. Tangerang', '02129720200', -6.200746763052186, 106.6346612473999, 270, 16),
(308, 'RS Tiara ', 'JALAN BERINGIN RAYA NO.3,4,5 KEL.NUSA JAYA. KEC.KARAWACI', '02129238000', -6.195513269573626, 106.6150893155914, 270, 16),
(309, 'RS Ibu dan Anak Karunia Bunda', 'Jl. Aria Santika No. 28, Kel. Margasari, Kec. Karawaci, Kota Tangerang 15113', NULL, -6.17797021768417, 106.6148880025421, 270, 16),
(310, 'RS Ibu dan Anak Makiyah', 'Jl. KH. Kuding RT. 005 RW. 006, Kelurahan Belendung, Kecamatan Benda, Kota Tangerang, Provinsi Banten', '02155723080', -6.150747, 106.663758, 270, 16),
(311, 'RS Metro Hospitals M. Toha', 'Jl. Raya Mohammad Toha Km. 2  No. 1 Kel. Nambo Jaya Kecamatan Karawaci 15112', NULL, -6.1695963, 106.6097362, 270, 16),
(312, 'RS Ibu dan Anak Mutiara Bunda', 'Jl. S.A.Tirtayasa Ruko Maisonnete Blok B1-8 Simpang Tiga Cilegon', '081283945764', -6.001830159747499, 106.041785766748, 271, 16),
(313, 'RS Umum Daerah Kota Serang', 'Jl. Raya Jakarta KM. 04 Lingk Kp. Turus Rt. 02 Rw. 11 Kelurahan Penancangan Kecamatan Cipocok Jaya', '081808853055', -6.112152, 106.201353, 272, 16),
(314, 'RS Ibu dan Anak Bina Medika', 'Jl. Rasuna Said Kav B7/A5-08 Sektor 7 CBD Bintaro Jaya', NULL, -6.2720862, 106.7116815, 273, 16),
(315, 'RS Buah Hati Ciputat', 'Jl Aria Putra No 399 Serua Indah', '08041808808', -6.312504697353869, 106.7327706233482, 273, 16),
(316, 'RS Umum Daerah Negara', 'Jl. Wijaya Kusuma No. 17 Kel. Baler Bale Agung Kec. Negara', '036541006', -8.3541, 114.622, 274, 17),
(317, 'RS Umum Daerah Tabanan', 'Jl. Pahlawan No. 14 Tabanan Bali', '0361811027', -8.53906679415402, 115.1321883206543, 275, 17),
(318, 'RS Umum Bhakti Rahayu Tabanan', 'Jl. Batukaru No.2 Tuakilang Tabanan', '0361810805', -8.545, 115.12, 275, 17),
(319, 'RS Khusus Bedah BIMC', 'Jl. By Pass Ngurah Rai No. 100X Kuta Badung', '0361761263', -8.6777, 115.206, 276, 17),
(320, 'RS Daerah Mangusada', 'Jl. Raya Kapal Mengwi, Badung', '03619006813', -8.578751, 115.18242, 276, 17),
(321, 'RS Windu Husada', 'Jl. Raya Mambal - Ubud, Mekar Bhuwana,\nKecamatan Abiansemal \nKabupaten Badung \nProvinsi Bali', NULL, -8.550483056291158, 115.2317118965987, 276, 17),
(322, 'RS Umum Famili Husada', 'Jl. Astina Timur No. 8A Samplangan, Kecamatan Gianyar, Kabupaten Gianyar', '03618493344', -8.54061276775097, 115.3346493092555, 277, 17),
(323, 'RS Umum Grha Bhakti Medika', 'Jl. By Pass Prof. Dr. Ida Bagus Mantra Desa Negari Kec. Banjarangkan', '03665584001', 115.3744731, -8.5678151, 278, 17),
(324, 'RS Umum Daerah Karangasem', 'Jl. Ngurah Rai No. 58 Amlapura', '036321011', -8.442321, 115.599747, 280, 17),
(325, 'RS Umum Daerah Kab. Buleleng', 'Jl. Ngurah Rai 30 Singaraja', '036222046', -8.1199, 115.092, 281, 17),
(326, 'RSUP Prof. Dr. I.G.N.G. Ngoerah', 'Jl. Diponegoro Denpasar Bali', '0361226363', -8.675739393620859, 115.2117500905991, 282, 17),
(327, 'RS Ibu dan Anak Bunda Denpasar', 'Jl. Gatot Subroto Barat 455X', NULL, -2.4185588, 108.4919086, 282, 17),
(328, 'RS Umum Daerah Awet Muda Narmada', 'Jl. Ahmad Yani No. 69 Telaga Ngembeng Narmada Lombok Barat', '03707561792', -8.597514942471, 116.1909677481844, 283, 18),
(329, 'RS Ibu dan Anak Permata Hati Lombok Timur', 'Jl. Raya Masbagik Selong Dusun Tanak Malit Selatan Kel. Masbagik Selatan', NULL, -8.634413549999998, 116.4917268, 285, 18),
(330, 'RS H. L. Manambai Abdulkadir', 'Jl. Lintas Sumbawa-Bima KM. 5 Sumbawa Besar', '085229229119', -8.532092885097919, 117.4480443227539, 286, 18),
(331, 'RS Umum Daerah Kefamenanu', 'Jl. Letjen Suprapto Kefamenanu', '085240145353', -9.4379, 124.471, 297, 19),
(332, 'RS Umum Daerah MGR Gabriel Manek', 'Jl. Dr Sutomo No.2 Atambua', '082147511229', -9.098648175053663, 124.8971637163163, 298, 19),
(333, 'RS Umum Bajawa', 'Jl. Diponegoro No. 5, Bajawa', NULL, -8.7923, 120.961, 304, 19),
(334, 'RS Kartini', 'Jl. Frans Seda No. 17 Kel.Tuak Daun Merah Kec.Oebobo', '0380831270', -10.157747, NULL, 314, 19),
(335, 'RS Bhayangkara Palangka Raya', 'Jl. Ahmad Yani No. 22', '05363221520', -2.20945289384469, 113.9313104650055, 342, 21),
(336, 'RS Umum Daerah Ratu Zalecha', 'Jl Menteri Empat Martapura Kabupaten Banjar Kalimantan Selatan', '05114789455', -3.419311041186391, 114.8459441375733, 345, 22),
(337, 'RS Umum Daerah Brigjed H. Hasan Basry Kandangan', 'Jalan Jenderal  Sudirman No.26A RT.01 RK.I Hamalau, Sungai Raya, Kab. Hulu Sungai Selatan', '051721866', -2.7789, 115.264, 348, 22),
(338, 'RS Umum Daerah  H Damanhuri Barabai', 'Jl. Murakata No. 4, Kecamatan Barabai, Kab. Hulu Sungai Tengah', '085249808800', -2.58881065983498, 115.3747909331322, 349, 22),
(339, 'RS Marina Permata', 'Jl.Kodeco KM 4, Desa Sarigadung Kec. Simpang Empat Kab. Tanah Bumbu.', '051871118', -3.39701, 115.986127, 352, 22),
(340, 'RS Islam Banjarmasin', 'JL. S PARMAN GG PURNAMA NO. 01, Desa/Kelurahan Pasar Lama,\nKec. Banjarmasin Tengah, Kota Banjarmasin, Provinsi Kalimantan Selatan,\nKodePos:70115', '05113354896', -3.30739874847365, 114.5892275792789, 354, 22),
(341, 'RS Umum Syifa Medika', 'Jl. R.O Ulin No. 93 \nKel. Loktabat Selatan, \nKec. Banjarbaru Selatan \nKota Banjarbaru\nKalimantanSelatan', '082153424447', -3.4585392, 114.8168002, 355, 22),
(342, 'RS Hermina Balikpapan', 'Jl. MT Haryono No 45 Kelurahan Sepinggan Baru, Kecamatan Balikpapan Selatan, Kota Balikpapan', '05428532525', -1.230040871840105, 116.8741618839334, 363, 23),
(343, 'RS Mata Provinsi Kalimantan Timur', 'Jl. Basuki Rahmat No. 1 Samarinda 75112', '081341531480', -0.49664, 117.1535, 364, 23),
(344, 'RS LNG Badak', 'Kompleks PT Badak NGLBontang, Kalimantan Timur', '0548552041', 0.11749, 117.47085, 365, 23),
(345, 'RS Siloam GMIM Sonder', 'Kolongan Atas, Sonder', '0431356673', 1.25439493176453, 124.7801699739167, 372, 25),
(346, 'RS Daerah Liun Kendage', 'Jalan Tatehe Kelurahan Apengsembeka Kecamatan Tahuna', '043224410', 3, 125.5, 373, 25),
(347, 'RS Umum Liung Paduli', 'Kampung Naha Kecamatan Tabukan Utara', '082252690677', 3.6082874, 125.5033055, 373, 25),
(348, 'RSUP Prof. Dr. R. D. Kandou', 'Jl. Raya Tanawangko No.56, Manado', '082196305119', 1.453802543565835, 124.8082555923462, 382, 25),
(349, 'RS Umum Manado Medical Center', 'Jln. Rajawali No. 8 - Kec. Paal 2 - Kel. Paal 2 - Kota Manado - 95129', '082196418416', 1.486175250578651, 124.8610719858663, 382, 25),
(350, 'RS Mata Provinsi Sulawesi Utara', 'Jl. W. Z. Johanis No.I Kota Manado', '08114319658', 1.4629627, 124.8430004, 382, 25),
(351, 'RS Umum Daerah Manembo-Nembo Bitung', 'Jl. S. H. Sarundajang Kel. Manembo-nembo Tengah Kec. Matuari', '082348938008', 1.44032, 125.118171, 383, 25),
(352, 'RS Umum Daerah Madani Palu', 'Jl. Thalua Kontji No. 11  Mamboro Kecamatan Palu Utara', '081145600615', -0.7894480458632369, 119.8695569189797, 398, 26),
(353, 'RS Bhayangkara Palu', 'Jl. DR. Suharso Lrg III No. 2 Palu', '082190446545', -0.8893144506194536, 119.8676689226151, 398, 26),
(354, 'RS Umum Daerah Rumbia', 'Jl. Desa Lebang Manai Kec. Rumbia', NULL, -5.505260077732959, 119.8584892718384, 402, 27);
INSERT INTO `hospitals` (`id`, `name`, `address`, `phone`, `latitude`, `longitude`, `city_id`, `province_id`) VALUES
(355, 'RS Umum Daerah dr. La Palaloi', 'Jl. Poros Maros-Makassar KM 3 Maros', '0411371166', -5.0058, 119.574, 407, 27),
(356, 'RS Umum Daerah Nene Mallomo', 'Jl. Wolter Monginsidi Pangkajene, Kab. Sidenreng Rappang', '082332704995', -3.9204, 119.808, 412, 27),
(357, 'RS Umum Daerah Batara Guru', 'Jl. Sawerigading, Desa Lebani, Kec. Belopa Utara Kab.Luwu Prov.Sulawesi Selatan', '082346835354', -3.1592, 120.244, 415, 27),
(358, 'RS Stella Maris', 'Jl. Somba Opu No.273 Makassar', '081340604910', -5.143802425167523, 119.4089191071625, 420, 27),
(359, 'RSUP Dr. Wahidin Sudirohusodo', 'Jl. Perintis Kemerdekaan Km.11, Tamalanrea, Makassar, Sulawesi Selatan', '0411584675', -5.134719467804769, 119.4932276830673, 420, 27),
(360, 'RS Grestelina', 'Jl. Hertasning Raya No.51 Makassar', NULL, -5.2107, 119.4704, 420, 27),
(361, 'RS Mata Makassar', 'Jl. Wijaya Kusuma Raya No. 19,\nKelurahan Banta-Bantaeng, Kecamatan Rappocini, Kota Makassar\nProvinsi Sulawesi Selatan\n90222', NULL, -5.158935923331915, 119.4258115583054, 420, 27),
(362, 'RS Umum Daerah Tobelo', 'Jl. Lanbouw Gamsungi Tobelo Halmahera Utara', '09242621665', 1.775263959345722, 127.9329179687499, 462, 32),
(363, 'RS Umum Daerah Kabupaten Mimika', 'Jl. Yos Sudarso KM 4. Nomor 00, Kelurahan Mawokauw Jaya, Kecamatan Wania, Kabupaten  Mimika, Propinsi Papua Tengah', NULL, -4.3545, 139.365, 494, 34),
(364, 'RS Bhayangkara Jayapura', 'Jl. Jeruk Nipis Furia Kotaraja,Jayapura', NULL, -2.5412, 140.714, 514, 34);

-- --------------------------------------------------------

--
-- Table structure for table `infos`
--

CREATE TABLE `infos` (
  `id` int(11) NOT NULL,
  `type` enum('Pendaftaran','Hak & Kewajiban','Sanksi','Fasilitas & Manfaat','Cara Pembayaran','FAQ') COLLATE utf8mb4_unicode_ci NOT NULL,
  `title` varchar(191) COLLATE utf8mb4_unicode_ci NOT NULL,
  `content` longtext COLLATE utf8mb4_unicode_ci NOT NULL
) ENGINE=InnoDB DEFAULT CHARSET=utf8mb4 COLLATE=utf8mb4_unicode_ci;

--
-- Dumping data for table `infos`
--

INSERT INTO `infos` (`id`, `type`, `title`, `content`) VALUES
(1, 'Pendaftaran', 'Peserta PPU Penyelenggara Negara', 'Pejabat Negara\n Fotokopi Kartu Keluarga\n Asli petikan SK Penetapan pertama\n Asli kepangkangkatan/pengangkatan\nterakhir dari\nkementerian/lembaga/Kepada Dinas (jika ada perubahan)  Asli Daftar Gaji terakhir yang mencantumkan gapok dan tunjangan keluarga, tunjangan\njabatan/tunjangan umum, tunjangan profesi, dan tujangan kinerja atau tunjangan tambahan penghasilan bagi PNS Daerah\n Asli penetapan pengadilan untuk anak angkat (jika belum tercantum dalam Kartu Keluarga)\n Asli surat keterangan sekolah/perguruan tinggi (untuk anak PPU 1-3 yang berusia lebih dari 21 tahun sampai dengan 25 tahun)\n\nPNS Pusat/Daerah\n Fotokopi Kartu Keluarga\n Asli petikan SK Penetapan pertama\n Asli kepangkangkatan/pengangkatan\nterakhir dari kementerian/lembaga/Kepada Dinas (jika ada perubahan)\n Asli Daftar Gaji terakhir yang mencantumkan gapok dan tunjangan keluarga, tunjangan\njabatan/tunjangan umum, tunjangan profesi, dan tujangan kinerja atau tunjangan tambahan penghasilan bagi PNS Daerah\n Asli penetapan pengadilan untuk anak angkat (jika belum tercantum dalam Kartu Keluarga)\n Asli surat keterangan sekolah/perguruan tinggi ( untuk\nanak PPU 1-3 yang berusia lebih dari 21 tahun sampai dengan 25 tahun)\n\nPNS yang Diperkerjakan di BUMN/BUMD\n Fotokopi Kartu Keluarga\n Asli petikan SK Penetapan pertama\n Asli kepangkangkatan/pengangkatan\nterakhir dari\nkementerian/lembaga/Kepada\nDinas (jika ada perubahan)\n Asli Daftar Gaji terakhir yang\nmencantumkan gapok dan\ntunjangan keluarga, tunjangan\njabatan/tunjangan umum,\ntunjangan profesi, dan tujangan kinerja atau tunjangan tambahan penghasilan bagi PNS Daerah\n Asli penetapan pengadilan untuk anak angkat (jika belum tercantum dalam Kartu Keluarga)\n Asli surat keterangan sekolah/perguruan tinggi (untuk\nanak PPU 1-3 yang berusia lebih dari 21 tahun sampai dengan 25\ntahun)\n\nTNI atau PNS TNI\n Fotokopi Kartu Keluarga\n Asli petikan SK Penetapan pertama\n Asli\nkepangkangkatan/pengangkatan\nterakhir dari\nkementerian/lembaga/Kepada\nDinas (jika ada perubahan)\n Asli Daftar Gaji terakhir yang mencantumkan gapok dan\ntunjangan keluarga, tunjangan\njabatan/tunjangan umum, tunjangan profesi, dan tujangan kinerja atau tunjangan tambahan\npenghasilan bagi PNS Daerah\n Asli penetapan pengadilan untuk anak angkat (jika belum tercantum dalam Kartu Keluarga)\n Asli surat keterangan sekolah/perguruan tinggi (untuk\nanak PPU 1-3 yang berusia lebih dari 21 tahun sampai dengan 25\ntahun)\n\nPOLRI atau PNS POLRI\n Fotokopi Kartu Keluarga\n Asli petikan SK Penetapan pertama\n Asli\nkepangkangkatan/pengangkatan\nterakhir dari\nkementerian/lembaga/Kepada\nDinas (jika ada perubahan)\n Asli Daftar Gaji terakhir yang mencantumkan gapok dan tunjangan keluarga, tunjangan jabatan/tunjangan umum, tunjangan profesi, dan tujangan kinerja atau tunjangan tambahan\npenghasilan bagi PNS Daerah\n Asli penetapan pengadilan untuk anak angkat (jika belum tercantum dalam Kartu Keluarga)\n Asli surat keterangan sekolah/perguruan tinggi ( untuk\nanak PPU 1-3 yang berusia lebih\ndari 21 tahun sampai dengan 25 tahun)\nKhusus untuk kepesertaan dari DPRD dan PPNPN, proses pendaftaran dilakukan secara\nkolektif melalui proses registrasi entitas satuan kerja dan penyampaian data peserta dan anggota keluarganya melalui proses migrasi. Masa berlaku kepesertaan mengikuti periode masa bakti DPRD/masa kontrak\nPPNPN.\n\nKanal layanan pendaftaran:\n Mobile Customer Service (MCS) Peserta mengunjungi Mobile Customer Service (MCS) pada hari dan jam yang telah ditentukan, melengkapi persyaratan yang dibutuhkan, mengisi Formulir\nDaftar Isian Peserta (FDIP) dan menunggu antrian untuk mendapatkan pelayanan. Mall Pelayanan Publik\nPeserta mengunjungi Mall Pelayanan Publik, melengkapi\npersyaratan yang dibutuhkan,\nmengisi Formulir Daftar Isian\nPeserta (FDIP) dan menunggu antrian untuk mendapatkan pelayanan.\n Kantor Cabang dan Kantor Kabupaten/Kota Peserta mengunjungi Kantor Cabang/Kantor Kabupaten/Kota,\nmengambil nomor antrian\npelayanan korporasi, melengkapi persyaratan yang dibutuhkan,\nmengisi Formulir Daftar Isian\nPeserta (FDIP) dan menunggu antrian untuk mendapatkan pelayanan.'),
(2, 'Pendaftaran', 'Peserta PPU Non Penyelenggara Negara (BUMN, BUMD dan BU Swasta)', 'Pendaftaran dapat dilakukan secara kolektif oleh pemberi kerja/PIC masing-masing Badan Usaha, dengan cara melengkapi Formulir Daftar Isian Elektronik yang diisi sesuai ketentuan yang berlaku dan disahkan oleh pimpinan perusahaan untuk\ndimigrasikan di Kantor Cabang BPJS Kesehatan.\n1. Syarat pendaftaran antara lain:  Surat Izin Usaha Perdagangan (SIUP)/ Surat izin lainnya sesuai kebijakan Pemerintah setempat.  Tanda Daftar Perusahaan (TDP)  Akta Notaris/Yayasan/Pendirian MOU/Perjanjian Kerja Sama dengan Pemerintah\n2. Kanal layanan:\na. Website bersama BPJS\nKesehatan dan BPJS\nKetenagakerjaan\nPIC Badan Usaha mengakses\nWebsite dengan alamat http://www.bpjs.go.id/, lalu klik\ntombol Daftar dan masukkan\ndata yang dibutuhkan. PIC Badan\nUsaha akan mendapatkan hak\nakses Aplikasi New Edabu\nberupa User name dan password.\nb. Aplikasi New Edabu\n PIC Badan Usaha mengakses Aplikasi Elektronik Data Badan Usaha (eDabu) melalui alamat http://www.bpjs.go.id/, pilih menu Registrasi Badan Usaha atau menu Sign in (jika sudah\nmemiliki user name dan password) dan masukkan data\nyang dibutuhkan.\n Data pekerja dan anggota keluarga yang didaftarkan\nselanjutnya akan divalidasi oleh BPJS Kesehatan Kantor\nCabang atau Kantor\nKabupaten/Kota.\nc. Online Single Submission (OSS)\n OSS atau Perizinan Berusaha Terintegrasi Secara Elektronik adalah Perizinan Berusaha yang diterbitkan oleh Lembaga OSS untuk dan atas nama\nmenteri, pimpinan lembaga, gubernur, atau bupati/wali kota\nkepada Pelaku Usaha melalui\nsistem elektronik yang\nterintegrasi.\n PIC Badan usaha mengakses\nWebsite resmi OSS melalui\nalamat http://oss.go.id/, pilih menu Daftar dan ikuti petunjuk dalam Website tersebut.  Setelah sukses pendaftaran, BPJS Kesehatan mengirimkan tautan aktivasi secara realtime\nkepada Badan Usaha Baru dimaksud melalui email yang\ntelah didaftarkan. Badan Usaha\nmelakukan aktivasi melalui\ntautan dimaksud paling lama 2\n(dua) hari kerja.\n PIC Badan Usaha akan\nmendapatkan hak akses Aplikasi New Edabu berupa\nusername dan password.\nd. Kantor Cabang dan Kantor\nKabupaten/Kota\nPIC Badan Usaha mengunjungi\nKantor Cabang atau Kantor\nKabupaten/Kota, mengambil\nnomor antrian pelayanan\nkorporasi, melengkapi\npersyaratan yang dibutuhkan dan\nmenunggu antrian untuk\nmendapatkan pelayanan.'),
(3, 'Pendaftaran', 'Peserta PBI APBD', 'Pendaftaran dilakukan melalui pendataan oleh Dinas Sosial/Dinas yang ditunjuk oleh Pemerintah Provinsi/Kabupaten/Kota, selanjutnya ditetapkan melalui Keputusan Gubernur/Walikota/Bupati. Data kepesertaan PBI di perbaharui secara periodik.'),
(4, 'Pendaftaran', 'Peserta PBI APBN', 'Pendaftaran dilakukan melalui pendataan oleh Kementerian Sosial/Dinas Sosial Kabupaten/Kota sesuai kriteria yang telah ditentukan Pemerintah Pusat. Selanjutnya ditetapkan melalui Keputusan Menteri Sosial dan didaftarkan oleh Kementerian Kesehatan. Data kepesertaan PBI di perbaharui secara periodik.'),
(5, 'Pendaftaran', 'Peserta PBPU/BP', '1. Kantor Cabang\na. Tata Cara Pendaftaran\n Calon peserta mengunjungi\nBPJS Kesehatan Kantor Cabang atau Kantor\nKabupaten/Kota, melengkapi persyaratan yang dibutuhkan, mengisi Formulir Daftar Isian Peserta (FDIP) dan menunggu antrian untuk mendapatkan pelayanan.\n Setelah data lengkap, calon peserta akan menerima nomor virtual account yang digunakan\nuntuk pembayaran iuran pertama yang akan dikirim\nmelalui SMS.\n Calon peserta dapat\nmelakukan pembayaran iuran\npertama dalam waktu paling cepat 14 (empat belas) hari\natau paling lambat 30 (tiga puluh) hari setelah\npendaftaran.\n Setelah melakukan\npembayaran Kartu JKN-KIS\nditerima peserta.\nb. Persyaratan :\n Formulir daftar isian peserta (Dapat diambil / diisi di Kantor Cabang)\n Asli KTP\n Asli Kartu Keluarga\n Memiliki Nomor Handphone\n Memiliki Email\nFotokopi nomor rekening bank\npada buku tabungan\n Surat Kuasa autodebet\npembayaran iuran bagi yang\nmemilih kelas perawatan I dan II \n Pembayaran iuran melalui autodebet\n Fotokopi paspor dan surat izin kerja bagi Warga Negara Asing\n\n2. Mobile Costumer Service\na. Tata Cara Pendaftaran\n Calon peserta mengunjungi\nMobile Customer Service (MCS) pada hari dan jam yang telah ditentukan, melengkapi persyaratan yang dibutuhkan,\nmengisi Formulir Daftar Isian Peserta (FDIP) dan menunggu antrian untuk mendapatkan\npelayanan.\n Setelah semua data lengkap,\npeserta akan mendapatkan nomor virtual account yang digunakan untuk melakukan\npembayaran iuran.\n Calon peserta dapat melakukan pembayaran iuran pertama dalam waktu paling\ncepat 14 (empat belas) hari atau paling lambat 30 (tiga puluh) hari setelah\npendaftaran.\n Setelah melakukan pembayaran, Kartu JKN-KIS diterima peserta.\nb. Persyaratan:\n Formulir daftar isian peserta (Dapat diambil / diisi di Kantor\nCabang)\n Asli KTP\n Asli Kartu Keluarga\n Memiliki Nomor Handphone\n Memiliki Email\n Fotokopi nomor rekening bank\npada buku tabungan\n Surat Kuasa autodebet\n pembayaran iuran bagi yang\nmemilih kelas perawatan I dan II\nPembayaran iuran melalui autodebet\nFotokopi paspor dan surat izin\nkerja bagi Warga Negara Asing\n\n3. Care Center 165\na. Tata Cara Pendaftaran\n Hubungi BPJS Kesehatan Care\nCenter 165, ikuti petunjuknya sesuai dengan instruksi operator Care Center dan\nlengkapi persyaratan yang dbutuhkan.\n Setelah semua data lengkap, konfirmasi pendaftaran dan nomor virtual account yang\ndigunakan untuk melakukan pembayaran iuran dan akan dikirim melalui email/SMS.  Calon peserta dapat melakukan pembayaran iuran pertama dalam waktu paling\ncepat 14 (empat belas) hari atau paling lambat 30 (tiga puluh) hari setelah pendaftaran.\n Setelah melakukan pembayaran, Kartu JKN-KIS diterima peserta.\nb. Persyaratan :\n Nomor Handphone\n Alamat Email\n Pembayaran luran Melalui\nAutodebet\n\n4. Dropbox Kantor Kecamatan atau Kelurahan yang bekerjasama a. Tata Cara Pendaftaran\n Calon peserta mendatangi Kecamatan atau kelurahan yang telah bekerjasama dengan BPJS Kesehatan dan\nmengisi Formulir Daftar Isian Peserta.\n Setelah data lengkap, berkas dimasukkan ke dalam dropbox yang tersedia di Kecamatan atau Kelurahan\n Secara periodik petugas BPJS\nKesehatan akan mengambil berkas tersebut, dan berkas\nakan di-entry oleh petugas\nBPJS Kesehatan di Kantor BPJS Kesehatan.\n Calon peserta akan menerima\nnomor virtual account yang digunakan untuk pembayaran iuran pertama yang akan dikirim melalui SMS.\n Calon peserta dapat melakukan pembayaran iuran pertama dalam waktu paling\ncepat 14 (empat belas) hari\natau paling lambat 30 (tiga puluh) hari setelah pendaftaran.\n Setelah melakukan pembayaran, Kartu JKN-KIS diterima peserta. b. Persyaratan Non Dropbox\n Menandatangani Daftar Isian Luaran Aplikasi\n Asli KTP\n Nomor Handphone\n Surat Kuasa autodebetpembayaran iuran\nbagi yang memilih kelas perawatan I dan II\nc. Persyaratan Dropbox\n Formulir daftar isian peserta\n\nFotokopi Kartu Keluarga  Nomor Handphone\n Surat Kuasa\nautodebetpembayaran iuran\nbagi yang memilih kelas\nperawatan I dan II\n\n5. Aplikasi Mobile JKN\na. Unduh aplikasi Mobile JKN di Appstore atau Google Play Store. Pilih menu Pendaftaran Peserta Baru dan pilih persetujuan untuk\nmematuhi syarat dan ketentuan yang berlaku.\nb. Siapkan kelengkapan data: Nomor Induk Kependudukan (NIK), Kartu Keluarga dan Nomor\nRekening Bank (jika memilih kelas perawatan I/II). c. Isi data sesuai dengan ketentuan\ndalam Aplikasi Mobile JKN diantaranya nama lengkap, tempat lahir, tanggal lahir, status pernikahan, alamat/domisili, pilih Kelas Perawatan (I, II atau III), pilih FKTP terdekat, nomor handphone dan email yang aktif dan nomor rekening Bank.\nd. Setelah semua data lengkap, konfirmasi pendaftaran dan nomor virtual account yang\ndigunakan untuk melakukan pembayaran iuran dan akan dikirim melalui email/SMS. e. Calon peserta dapat melakukan pembayaran iuran pertama\ndalam waktu paling cepat 14\n(empat belas) hari atau paling\nlambat 30 (tiga puluh) hari setelah pendaftaran. f. Setelah melakukan pembayaran, Kartu JKN-KIS diterima peserta.\n\n6. Website BPJS Kesehatan\na. Masuk ke Website BPJS\nKesehatan: www.bpjs-\nkesehatan.go.id, pilih menu\nLayanan pilih Pendaftaran\nPeserta dan centang persetujuan\nuntuk menerima dan menyetujui\nsyarat dan ketentuan layanan pendaftaran BPJS Kesehatan, lalu isi data sesuai dengan ketentuan.\nb. Setelah data lengkap, calon peserta akan menerima konfirmasi pendaftaran dan nomor virtual account yang akan\ndikirim melalui email yang\ndidaftarkan.\nc. Calon peserta dapat melakukan pembayaran iuran pertama dalam waktu paling cepat 14\n(empat belas) hari atau paling\nlambat 30 (tiga puluh) hari setelah pendaftaran. d. Setelah pembayaran, buka\nkembali halaman Aktivasi\nuntuk\nmembuka link pencetakan e-ID BPJS Kesehatan.\n\n7. Mall Pelayanan Publik\na. Calon peserta mengunjungi Mall\nPelayanan Publik, melengkapi\npersyaratan yang dibutuhkan,\nmengisi Formulir Daftar Isian Peserta (FDIP) dan menunggu antrian untuk mendapatkan pelayanan.\nb. Setelah data lengkap, calon\npeserta akan menerima nomor\nvirtual account yang digunakan untuk pembayaran iuran pertama\nyang akan dikirim melalui SMS\nc. Calon peserta dapat melakukan\npembayaran iuran pertama dalam waktu paling cepat 14 (empat belas) hari atau paling\nlambat 30 (tiga puluh) hari setelah pendaftaran. d. Setelah melakukan pembayaran,\nKartu JKN-KIS diterima peserta.\n\n8. Mall Bank, PPOB dan agen mitra lainnya yang bekerjasama\na. Calon peserta mendatangi Bank/PPOB/Mitra lainnya yang telah bekerjasama Kesehatan dan mengisi Formulir\ndengan BPJS\nDaftar Isian Peserta (FDIP).\nb. Setelah data lengkap, calon\npeserta akan menerima nomor\nvirtual account yang digunakan untuk pembayaran iuran pertama\nyang akan dikirim melalui SMS\nc. Calon peserta dapat melakukan\npembayaran iuran pertama dalam waktu paling cepat 14 (empat belas) hari atau paling\nlambat 30 (tiga puluh) hari setelah pendaftaran. d. Setelah melakukan pembayaran,\nKartu JKN-KIS diterima peserta.\nCalon peserta dapat melakukan\npembayaran iuran pertama dalam waktu paling cepat 14 (empat belas)\nhari atau paling lambat 30 (tiga\npuluh) hari setelah pendaftaran. Pendaftaran PBPU/BP Kolektif dimungkinkan untuk Mahasiswa dari\nPerguruan tinggi atau lembaga\nsejenis, Siswa/santri dari\nSekolah/Pesantren atau lembaga sejenis, Saksi dan Korban dalam Perlindungan Lembaga Hukum,\nPenghuni Lembaga Permasyarakatan Negara, Panti Sosial, Lembaga atau\nBadan Amal, Lembaga/Yayasan atau\nBadan Sosial, Koperasi Berbadan Hukum serta Program CSR Badan\nUsaha.'),
(6, 'Pendaftaran', 'Peserta Bukan Pekerja (BP) Penyelenggara Negara', 'Pendaftaran dapat dilakukan secara perorangan maupun kolektif dengan cara mengisi Formulir Daftar Isian\nPeserta (FDIP) beserta\npersyaratannya.\nA. Persyaratan :\n1. PP Pejabat Negara\n Asli KTP\n Fotokopi Kartu Keluarga\n Asli/Fotokopi surat tanda bukti\npenerima pensiun atau KARIP  Asli/Fotokopi surat tanda bukti penerima pensiun atau Kartu Tanda Peserta ASABRI\n Asli/Fotokopi Surat Keputusan\nJanda/Duda/Anak Yatim/Anak Piatu dan atau Anak Yatim\nPiatu\n Surat Keterangan dari\nsekolah/Perguruan Tinggi (bagi anak berusia lebih dari 21 (dua\npuluh satu) tahun sampai\ndengan 25 (dua puluh lima) tahun\n2. PP PNSPusat/Daerah\n Asli KTP\n Fotokopi Kartu Keluarga\n Asli/Fotokopi surat tanda bukti\n\npenerima pensiun atau KARIP\nAsli/Fotokopi surat tanda bukti\npenerima pensiun atau Kartu\nTanda Peserta ASABRI\n Asli/Fotokopi Surat Keputusan\nJanda/Duda/Anak Yatim/Anak Piatu dan atau Anak Yatim\nPiatu\n Surat Keterangan dari\nsekolah/Perguruan Tinggi (bagi\nanak berusia lebih dari 21 (dua\npuluh satu) tahun sampai\ndengan 25 (dua puluh lima)\ntahun\n3. PP TNI\n Asli KTP\n Fotokopi Kartu Keluarga  Asli/Fotokopi surat tanda bukti\npenerima pensiun atau KARIP  Asli/Fotokopi surat tanda bukti penerima pensiun atau Kartu Tanda Peserta ASABRI\nAsli/Fotokopi Surat Keputusan\nJanda/Duda/Anak Yatim/Anak Piatu dan atau Anak Yatim\nPiatu\n Surat Keterangan dari\nsekolah/Perguruan Tinggi (bagi\nanak berusia lebih dari 21 (dua\npuluh satu) tahun sampai dengan 25 (dua puluh lima)\ntahun\n4. PP POLRI\n Asli KTP\n Fotokopi Kartu Keluarga\n\nAsli/Fotokopi surat tanda bukti\n\npenerima pensiun atau KARIP\nAsli/Fotokopi surat tanda bukti\npenerima pensiun atau Kartu Tanda Peserta ASABRI\n Asli/Fotokopi Surat Keputusan Janda/Duda/Anak Yatim/Anak Piatu dan atau Anak Yatim\nPiatu\n Surat Keterangan dari sekolah/Perguruan Tinggi (bagi anak berusia lebih dari 21 (dua\npuluh satu) tahun sampai dengan 25 (dua puluh lima)\ntahun\n5. Perintis Kemerdekaan\n Asli KTP\n Fotokopi Kartu Keluarga\n Asli/Fotokopi surat tanda bukti penerima pensiun atau KARIP  Asli/Fotokopi piagam petikan SK Pengesahan Gelar Kehormatan Veteran RI\nAsli/Fotokopi Surat Keputusan\nJanda/Duda/Anak Yatim/Anak Piatu dan atau Anak Yatim\nPiatu\n Surat Keterangan dari sekolah/Perguruan Tinggi (bagi\nanak berusia lebih dari 21 (dua puluh satu) tahun sampai dengan 25 (dua puluh lima)\ntahun\n6. Veteran\n Asli KTP\n Fotokopi Kartu Keluarga\n Asli/Fotokopi surat tanda bukti\n\npenerima pensiun atau KARIP Asli/Fotokopi piagam petikan\nSK Pengesahan Gelar Kehormatan Veteran RI\n Asli/Fotokopi Surat Keputusan Janda/Duda/Anak Yatim/Anak Piatu dan atau Anak Yatim\nPiatu\n Surat Keterangan dari sekolah/Perguruan Tinggi (bagi anak berusia lebih dari 21 (dua puluh satu) tahun sampai dengan 25 (dua puluh lima) tahun\nB. Kanal Layanan Pendaftaran 1. Mobile Customer Service (MCS) Peserta mengunjungi Mobile Customer Service (MCS) pada\nhari dan jam yang telah ditentukan, melengkapi persyaratan yang dibutuhkan, mengisi Formulir Daftar Isian\nPeserta (FDIP) dan menunggu\nantrian untuk mendapatkan pelayanan. 2. Mall Pelayanan Publik\nPeserta mengunjungi Mall\nPelayanan Publik, melengkapi persyaratan yang dibutuhkan,\nmengisi Formulir Daftar Isian\nPeserta (FDIP) dan menunggu\nantrian untuk mendapatkan pelayanan.\n3. Kantor Cabang dan Kantor Kabupaten/Kota Peserta mengunjungi Kantor Cabang atau Kantor Kabupaten/Kota, mengambil\nnomor antrian pelayanan korporasi, melengkapi persyaratan yang dibutuhkan,\nmengisi Formulir Daftar Isian Peserta (FDIP) dan menunggu antrian untuk mendapatkan pelayanan.'),
(7, 'Pendaftaran', 'Enter your name', 'name'),
(8, 'Hak & Kewajiban', 'Hak & Kewajiban', '1. Hak Peserta\n Mendapatkan kartu identitas peserta sebagai identitas peserta JKN-KIS untuk memperoleh pelayanan\nkesehatan.\n Memperoleh manfaat dan informasi tentang hak dan kewajiban serta prosedur pelayanan kesehatan sesuai dengan ketentuan yang berlaku.  Mendapatkan pelayanan kesehatan di fasilitas kesehatan yang bekerja\nsama dengan BPJS Kesehatan.\n Menyampaikan pengaduan, kritik dan saran secara lisan maupun tertulis kepada BPJS Kesehatan.\n2. Kewajiban Peserta\n Mendaftarkan diri dan anggota\nkeluarganya sebagai peserta JKN-KIS kepada BPJS Kesehatan.\n Membayar iuran secara rutin setiap bulan sebelum tanggal 10 (sepuluh).  Memberikan data dirinya dan anggota keluarganya secara lengkap dan\nbenar.\n Melaporkan perubahan data dirinya dan anggota keluarganya, antara lain perubahan golongan, pangkat atau besaran gaji, pernikahan, perceraian, kematian, kelahiran, pindah alamat/domisili dan pindah fasilitas kesehatan tingkat pertama serta perubahan alamat email dan nomor handphone\n Menjaga kartu peserta agar tidak rusak, hilang atau dimanfaatkan oleh orang yang tidak berhak.\n Mentaati semua ketentuan dan tata\ncara pelayanan kesehatan.\n3. Kewajiban Pemberi Kerja\n Mendaftarkan dirinya dan pekerjanya sebagai Peserta Jaminan Kesehatan kepada BPJS Kesehatan.\n Menghitung dan memungut iuran yang menjadi kewajiban peserta dari pekerjanya melalui pemotongan\ngaji/upah pekerja.\n Membayar dan menyetorkan iuran yang menjadi tanggung jawabnya\nkepada BPJS Kesehatan\n Memberikan data mengenai dirinya,\npekerjaannya dan anggota\nkeluarganya secara lengkap dan\nbenar meliputi :\na. Data pekerja berikut anggota\nkeluarganya yang didaftarkan\nsesuai dengan data pekerja yang\ndipekerjakan dengan\nmencantumkan Nomor Induk\nKependudukan (NIK) KTP\nElektronik;\nb. Data upah (Gaji pokok + Tunjangan\nTetap) yang dilaporkan sesuai\ndengan upah yang diterima pekerja\nPerubahan data badan usaha atau badan\nhukum, meliputi: alamat perusahaan, kepengurusan perusahaan, jenis badan\nusaha, jumlah pekerja, data pekerja dan keluarganya serta perubahan besarnya upah setiap pekerja, selambatnya 7 (tujuh) hari setelah terjadi perubahan.'),
(9, 'Sanksi', 'Sanksi', 'SANKSI\nBerdasarkan Undang  Undang Nomor 24 Tahun 2011, BPJS diberikan kewenangan untuk melakukan pengawasan dan pemeriksaan serta pengenaan sanksi administratif bagi pemberi kerja ataupun perseorangan yang tidak melaksanakan kewajibannya dalam sistem jaminan sosial sebagaimana diatur peraturan perundang-undangan.\nA. Sanksi atas ketidakpatuhan dalam Kewajiban Pendaftaran.\nKetidakpatuhan pemberi kerja selain\npenyelenggara negara dalam\nmelakukan pendaftaran.\n1. Pengenaan sanksi administratif oleh BPJS Kesehatan dilakukan setelah\ndilaksanakan\n Teguran tertulis, diberikan paling banyak 2 (dua) kali masing  masing untuk jangka waktu paling lama 10 (sepuluh) hari kerja.\n Denda sebesar 0,1% diberikan\nuntuk jangka waktu paling lama 30 hari sejak berakhirnya pengenaan\nsanksi teguran tertulis kedua.\n Tidak mendapat pelayanan publik\ntertentu.\n2. Apabila pemberi kerja selain\npenyelenggara negara tidak\nmelaksanakan kewajiban pendaftaran\nsetelah dilaksanakan sanksi\nadministratif berupa teguran dan\ndenda, BPJS kesehatan mengusulkan\nsanksi administratif tidak mendapatkan pelayanan publik\ntertentu kepada pemerintah atau pemerintah daerah. yang berupa :\n Perizinan terkait usaha\n Izin yang diperlukan dalam mengikuti tender proyek\n Izin mempekerjakan tenaga asing  Izin perusahaan penyedia jasa pekerja/buruh atau\n Izin medirikan bangunan\n3. Ketidakpatuhan setiap orang selain pemberi kerja, pekerja penerima upah dan penerima bantuan iuran dalam melakukan pendaftaran.\n Setiap orang selain pemberi kerja, pekerja dan penerima bantuan iuran yang tidak melakukan pendaftaran dirinya dan anggota keluarga akan dikenai sanksi administratif tidak mendapatkan pelayanan publik tertentu.\n Sanksi tersebut dikenakan dengan\ncara mensyaratkan kepesertaan BPJS Kesehatan dalam\nmemperoleh pelayanan publik\ntertentu berupa :\na. Izin Mendirikan Bangunan (IMB)\nb. Surat Ijin Mengemudi (SIM)\nc. Sertifikat tanah\nd. Paspor, atau\ne. Surat Tanda Nomor Kendaraan\n(STNK).\nB. Sanksi atas ketidakpatuhan dalam\npeyampaian perubahan data dan memberikan data secara lengkap dan\nbenar.\n1. Kewajiban memberikan data secara lengkap dan benar\na. Pemberi kerja selain penyelenggara\nnegara wajib memberikan data\ndirinya dan pekerjanya berikut anggota keluarga kepada BPJS Kesehatan secara lengkap dan benar. Penyampaian data diri dan\npekerjanya dan perubahan data secara lengkap dan benar, berupa :  Data pekerja berikut anggota\nkeluarganya yang didaftarkan sesuai dengan data pekerja yang dipekerjakan\n Data upah yang dilaporkan sesuai\ndengan upah yang diterima\nperkerja\n Data kepesertaan dalam program jaminan sosial sesuai penahapan kepesertaan, dan\n Perubahan data ketenagakerjaan\npaling sedikit meliputi :\ni. Alamat perusahaan ii. Kepemilikan perusahaan\niii. Kepengurusan perusahaan\niv. Jenis badan usaha v. Jumlah pekerja\nvi. Data pekerja dan keluarganya\nvii. Perubahan besarnya upah setiap pekerja\nviii. Perubahan data sebagaimana disebutkan diatas dilaporkan oleh Pemberi Kerja Selain Penyelenggara Negara kepada BPJS Kesehatan paling lambat\n7 (tujuh) hari sejak terjadinya perubahan.\nb. Setiap orang, selain pemberi kerja,\npekerja dan penerima bantuan iuran yang memenuhi ketentuan perundang-undangan wajib\nmemberikan data dirinya dan anggota keluarganya secara lengkap dan benar kepada BPJS Kesehatan. Penyampaian data diri dan anggota keluarganya secara\nlengkap dan benar berupa :  Data anggota keluarga yang didaftarkan harus sesuai dengan data yang sebenarnya\n Perubahan data dirinya dan\nanggota keluarganya paling sedikit meliputi :\ni. Alamat\nrumah\nii. Jenis Pekerjaan iii. Jumlah Anggota Keluarga\niv. Perubahan data sebagaimana disebutkan diatas wajib\ndilaporkan oleh setiap orang\nselain pemberi kerja, pekerja dan penerima bantuan iuran kepada BPJS Kesehatan paling\nlambat 7 (tujuh) hari sejak terjadinya perubahan.\n2. Sanksi atas ketidak patuhan dalam penyampaian perubahan data dan\nmemberikan data secara lengkap dan benar\na. Pemberi kerja selain penyelenggara negara yang tidak memberikan data\nsecara lengkap dan benar dari dirinya dan pekerjanya berikut anggota keluarga akan dikenakan sanksi administratif\nb. Sanksi administratif akan\ndikenakan oleh BPJS setelah dilaksanakan pemeriksaan kepada pemberi kerja\nc. Sanksi administrasi berupa :  Teguran Tertulis : Sanksi teguran\ntertulis diberikan paling banyak 2 (dua) kali masing-masing untuk jangka waktu paling lama 10 (sepuluh) hari kerja.\n Denda\n Tidak mendapat pelayanan publik\ntertentu\nd. Apabila pemberi kerja tidak melaksanakan kewajiban\nmemberikan data secara lengkap dan benar setelah dilaksanakan sanksi administratif berupa teguran dan denda, BPJS Kesehatan mengusulkan sanksi administratif tidak mendapat pelayanan publik\ntertentu kepada pemerintah atau pemerintah daerah.\ne. Sanksi tidak mendapat pelayanan\npublik bagi Pemberi Kerja Selain\nPenyelenggara Negara yang tidak melaksanakan kewajiban pendaftaran berupa :\n Perizinan terkait izin usaha\nIzin yang diperlukan dalam\nmengikuti tender proyek\n Izin mempekerjakan tenaga kerja\nasing\n Izin perusahaan penyedia jasa\npekerja/buruh, atau\n Izin mendirikan bangunan\nC. Sanksi atas kewajiban pembayaran iuran\n1. Kewajiban pembayaran iuran\n Pemberi kerja wajib memungut\niuran yang menjadi beban peserta dari pekerjanya dan menyetorkannya kepada BPJS\nKesehatan\n Pemberi kerja wajib membayar dan menyetor iuran yang menjadi\ntanggung jawabnya kepada BPJS\nKesehatan\n Peserta yang bukan pekerja dan\nbukan Penerima Bantuan luran\nwajib membayar dan menyetor iuran yang menjadi tanggung jawabnya kepada BPJS Kesehatan. 2. Dalam hal keterlambatan pembayaran juran Jaminan Kesehatan lebih dari 1\n(satu) bulan sejak tanggal 10,\npenjaminan peserta diberhentikan sementara.\n3. Denda hanya berlaku bagi peserta yang memperoleh Pelayanan Rawat Inap dalam waktu 45 hari sejak status\nkepesertaan aktif kembali, yakni sebesar 5% dari biaya pelayanan kesehatan Rawat inap di kali lama\nbulan tertunggak dengan ketentuan :\n Jumlah bulan tertunggak maksimal\n12 bulan\n Besar denda paling tinggi Rp. 30.000.000\n4. Peraturan tentang denda mulai berlaku pada 01 Juli 2016 5. Pelaporan Ketidakpatuhan\nPembayaran luran\nBPJS Kesehatan dalam melaksanakan pengawasan dan pemeriksaan kepatuhan terhadap\npemberi kerja selain penyelenggara\nnegara dalam memenuhi kewajibannya dalam membayar iuran atau memenuhi kewajiban lain melaporkan tindakan\n6. Sanksi Pidana\nBerdasarkan ketentuan Pasal 55 Undang-Undang nomor 24 tahun\n2011, Pemberi Kerja yang tidak melaksanakan kewajiban\nsebagaimana pasal 19 UU No. 24\ntahun 2011 ayat 1 dan 2, dipidana dengan penjara paling lama 8 (delapan) tahun atau pidana denda paing banyak Rp. 1.000.000.000,- (Satu Milyar Rupiah).'),
(10, 'Fasilitas & Manfaat', 'Pelayanan Kesehatan', 'Prosedur Pelayanan Kesehatan\nTingkat Pertama\n Ketentuan Umum\n1. Setiap Peserta harus terdaftar pada satu fasilitas kesehatan\ntingkat pertama yang telah\nbekerja sama dengan BPJS\nKesehatan\n2. Peserta menunjukkan identitas\npeserta BPJS Kesehtan dan identitas kedua (KK/KTP/SIM) setiap kali memanfaatkan pelayanan kesehatan di fasilitas tingkat pertama 3. Peserta memperoleh\npelayanan kesehatan pada Fasilitas Kesehatan tingkat\npertama tempat Peserta\nterdaftar, kecuali pada kondisi:\n Berada di luar wilayah\nFasilitas Kesehatan tingkat\npertama tempat peserta\nterdaftar; atau\n Dalam keadaan\nkegawatdaruratan medis\n4. Peserta dianggap berada di luar wilayah apabila peserta melakukan kunjungan ke luar domisili karena tujuan tertentu, bukan merupakan kegiatan\nyang rutin.\n5. Dalam hal peserta memerlukan pelayanan kesehatan tingkat lanjutan, Fasilitas Kesehatan tingkat pertama harus merujuk ke Fasilitas Kesehatan rujukan tingkat lanjutan sesuai dengan sistem rujukan berjenjang 6. Peserta dapat melakukan pindah FKTP setelah 3 bulan\npeserta terdaftar pada Puskesmas/Dokter Keluarga/\nDokter Gigi sebelumnya\n7. Peserta yang melakukan\npindah FKTP pada tanggal 1 s/d akhir bulan berjalan, berhak\nmendapatkan pelayanan di\nfasilitas kesehatan tingkat\npertama yang baru di bulan\nberikutnya\n8. Peserta perorangan BPJS\nKesehatan dapat memperoleh\npelayanan di fasilitas\nkesehatan tingkat pertama\nterdaftar sejak pembayaran\niuran yang pertama\n Rawat Jalan Tingkat Pertama\n1. Peserta menandatangani bukti pelayanan pada lembar yang\ndisediakan setelah\nmendapatkan pelayanan\nkesehatan\n2. Bila hasil pemeriksaan dokter ternyata peserta memerlukan pemeriksaan ataupun tindakan spesialis/sub-spesialis sesuai\ndengan indikasi medis, maka\nfasilitas kesehatan tingkat\npertama akan memeberikan surat rujukan untuk dibawa ke\nfasilitas kesehatan rujukan tingkat lanjutan yang bekerja\nsama dengan BPJS Kesehatan sesuai dengan sistem rujukan yang berlaku\n Rawat Inap Tingkat Pertama\n1. Peserta menandatangani bukti pelayanan pada lembar yang disediakan setelah mendapatkan pelayanan\nkesehatan\n2. Bila hasil pemeriksaan dokter ternyata peserta memerlukan pemeriksaan ataupun tindakan spesialis/sub-spesialis sesuai dengan indikasi medis, maka\nfasilitas kesehatan tingkat\npertama akan memeberikan\nsurat rujukan untuk dibawa ke fasilitas kesehatan rujukan tingkat lanjutan yang bekerja\nsama dengan BPJS Kesehatan\nsesuai dengan sistem rujukan yang berlaku\nProsedur Pelayanan Gawat Darurat\nPelayanan gawat darurat adalah\npelayanan kesehatan yang harus\ndiberikan secepatnya untuk\nmencegah kematian, keparahan\ndan/atau kecacatan, sesuai dengan kemampuan fasilitas kesehatan\n Dalam keadaan gawat darurat, maka:\n1. Pelayanan harus segera\ndiberikan tanpa diperlukan surat rujukan 2. Peserta yang mendapat pelayanan di Fasilitas\nKesehatan yang tidak bekerja sama dengan BPJS Kesehatan\nharus segera dirujuk ke Fasilitas Kesehatan yang bekerja sama dengan BPJS\nKesehatan setelah keadaan\ndaruratnya teratasi dan pasien\ndalam kondisi dapat dipindahkan\n3. Fasilitas kesehatan tidak\ndiperkenanakan menarik biaya pelayanan kesehatan kepada\npeserta\n Prosedur Pelayanan Gawat\nDarurat di Fasilitas Kesehatan yang Bekerjasama dengan BPJS Kesehatan:\n1. Pelayanan kegawatdaruratan di Fasilitas Kesehatan Tingkat Pertama dapat diberikan pada Fasilitas Kesehatan tempat\npeserta terdaftar maupun bukan tempat peserta terdaftar 2. Pelayanan kegawatdaruratan di Fasilitas Kesehatan Tingkat\nPertama maupun lanjutan mengikuti prosedur pelayanan yang berlaku\n Prosedur Pelayanan Gawat Darurat di Fasilitas Kesehatan\nTingkat Pertama dan Fasilitas\nKesehatan Rujukan Tingkat Lanjutan yang tidak bekerjasama dengan BPJS Kesehatan\n1. Peserta mendapatkan pelayanan kesehatan di\nfasilitas kesehatan 2. Apabila kondisi kegawatdaruratan pasien\nsudah teratasi dan pasien\ndalam kondisi dapat dipindahkan, maka\nfasilitas\nkesehatan merujuk pasien ke\nfasilitas kesehatan yang bekerja sama dengan BPJS\nKesehatan\n3. Apabila Peserta tidak bersedia untuk dirujuk ke Fasilitas Kesehatan yang bekerja sama\ndengan BPJS Kesehatan maka biaya pelayanan selanjutnya tidak dijamin oleh BPJS\nKesehatan dan peserta harus menandatangani surat\npernyataan bersedia\nmenanggung biaya pelayanan\nselanjutnya\n4. Peserta dari UGD dapat melanjutkan pelayanan\nrawatinap di Fasilitas\nKesehatan yang tidak bekerjasama dengan ketentuan\nsebagai berikut:\nTidak ada sarana transportasi untuk evakuasi\npasien\n Sarana transportasi yang tersedia tidak memenuhi syarat untuk evakuasi\nKondisi Peserta yang tidak memungkinkan secara\nmedis untuk dievakuasi, yang dibuktikan dengan surat keterangan medis dari dokter yang merawat\nProsedur Pelayanan Ambulan\nDalam rangka evakuasi Peserta, maka:\n1. Fasilitas kesehatan yang\nmemiliki fasilitas ambulan dapat langsung memberikan pelayanan ambulan bagi pasien\n2. Fasilitas kesehatan yang tidak\nmemiliki fasilitas ambulan, maka\nFasilitas Kesehatan\nberkoordinasi dengan penyedia ambulan\n3. Proses rujukan antar Fasilitas kesehatan mengikuti ketentuan sistem rujukan berjenjang yang berlaku'),
(11, 'Fasilitas & Manfaat', 'Pelayanan Kesehatan yang dijamin', ' Pelayanan Kesehatan Tingkat\nPertama\n1. Rawat Jalan Tingkat Pertama,\nmeliputi:\n Administrasi pelayanan  Pelayanan promotif dan\npreventif\n Pemeriksaan, pengobatan,\ndan konsultasi medis\n Tindakan medis non\nspesialistik, baik operatif\nmaupun non operatif\n Pelayanan obat dan bahan\nmedis habis pakai\n Pemeriksaan penunjang diagnostik laboratorium\ntingkat pertama\n Pemeriksaan ibu hamil, nifas,\nibu menyusui dan bayi\nUpaya penyembuhan\nterhadap efek samping\nkontrasepsi termasuk\npenanganan komplikasi KB\npaska persalinan\n Rehabilitasi medik dasar\n2. Pelayanan Gigi\n3. Rawat Inap Tingkat Pertama\nsesuai indikasi medis\n4. Pelayanan darah sesuai\nindikasi medis\n Pelayanan kesehatan rujukan\ntingkat lanjutan, meliputi\npelayanan kesehatan rawat jalan dan rawat inap, yang mencakup:\n1. Administrasi pelayanan\n2. Pemeriksaan, pengobatan, dan konsultasi spesialistik oleh dokter spesialis dan\nsubspesialistik\n3. Tindakan medis spesialistik,\nbaik operatif (bedah) maupun\nnon operatif sesuai dengan\nindikasi medis\n4. Pelayanan obat dan bahan\nmedis habis pakai\n5. Pelayanan alat kesehatan 6. Pemeriksaan penunjang diagnostik lanjutan sesuai dengan indikasi medis\n7. Rehabilitasi medik\n8. Pelayanan darah\n9. Pelayanan kedokteran forensik\nklinik maliputi pembuatan\nvisum et repertum atau surat keterangan medik berdasarkan pemeriksaan forensik orang hidup dan pemeriksaan\npsikiatri forensik\n10. Pelayanan jenazah terbatas\nhanya bagi peserta meninggal\ndunia pasca rawat inap di Fasilitas Kesehatan yang\nbekerjasama dengan BPJS\ntempat pasien dirawat berupa\npemulasaran jenasah dan tidak\ntermasuk petimati, kain kafan/perlengkapan jenazah\ndan mobil jenazah\n Pelayanan Persalinan dan\nNeonatal\n1. Cakupan pelayanan kebidanan\ndan neonatal meiputi\npelayanan pemeriksaan\nkehamilan, persalinan,\npemeriksaan pasca persalinan\ndan bayi baru lahir, serta\npelayanan KB\n2. Persalinan yang dijamin oleh\nBPJS Kesehatan tidak\nmembatasi jumlah kehamilan/persalinan\n3. Pelayanan persalinan ditagihkan oleh Fasilitas\nKesehatan yang memberikan pelayanan\n4. Pelayanan kebidanan dan\nneonatal dilayani di FKTP dan dapat dirujuk ke FKRTL atas indikasi medis\n Pelayanan Gawat Darurat Pelayanan gawat darurat yang dapat dijamin adalah sesuai dengan kriteria gawat darurat yang berlaku\n Pelayanan Ambulan\nPelayanan Ambulan diberikan pada transportasi darat dan air, bagi Peserta dengan kondisi tertentu antar Fasilitas Kesehatan, disertai dengan\nupaya atau kegiatan menjaga\nkestabilan kondisi pasien dengan\ntujuan penyelamatan nyawa Peserta sesuai ketentuan\nperaturan perundang-undangan Pelayanan Ambulan yang dijamin\nadalah pelayanan yang sesuai ketentuan sebagai berikut:\n1. Kriteria kondisi tertentu adalah:\n Kondisi Peserta sesuai\nindikasi medis berdasarkan rekoemndasai medis dari dokter yang merawat\n Peserta rujukan kasus gawat darurat dari failitas\nkesehatan yang tidak bekerjasama dengan tujuan\nperawatan sampai dengan kondisi kegawatdaruratan telah teratasi dan dapat\ndipindahkan ke fasilitas kesehatan yang bekerjsama\n peserta rujuk balik rawat inap yang masih memerlukan pelayanan rawat inap di\nFasilitas kesehatan semula\n2. Pelayanan ambulan hanya\ndiberikan untuk rujukan antar Faskes:\n Antar faskes tingkat pertama\n Dari Faskes tingkat pertama ke faskes rujukan\n Antar faskes rujukan sekunder\n Dari Faskes rujukan sekunder\nke faskes tersier\n Antar faskes tersier\n Dan rujukan balik ke faskes dengan tipe dibawahnya\n3. Pelayanan Ambulan yang tidak dijamin adalah pelayanan yang tidak sesuai ketentuan di atas, berikut:\n Jemput Peserta selain dari\nFasilitas Kesehatan (rumah, jalan, lokasi lain)\n Mengantar Peserta ke selain Fasilitas kesehatan\n Rujukan parsial (antar jemput Peserta atau spesimen\ndalam rangka mendapatkan pemeriksaan penunjang atau tindakan, yang merupakan rangkaian perawatan pasien di salah satu Fasilitas Kesehatan)\n Ambulan/mobil jenazah  Pasien rujuk balik rawat jalan'),
(12, 'Fasilitas & Manfaat', 'Fasilitas Kesehatan', 'Fasilitas kesehatan yang bekerjasama dengan BPJS Kesehatan terdiri dari:\n Fasilitas Kesehatan Tingkat Pertama (FKTP), meliputi\n Puskesmas atau yang setara  Dokter Umum Praktik Perorangan  Dokter Gigi praktek perorangan  Klinik Pratama atau yang setara termasuk failitas kesehatan\ntingkat pertama milik TNI/Polri  Rumah Sakit Kelas D Pratama atau yang setara\n Fasilitas Kesehatan Rujukan Tingkat Lanjutan (FKRTL), meliputi:\n Klinik Utama atau yang setara\n Balai Kesehatan\n Rumah Sakit Umum\n Rumah Sakit Khusus\n Fasilitas Kesehatan Penunjang,\nmeliputi:\n Laboratorium Kesehatan\n Apotek\n Optik'),
(13, 'Fasilitas & Manfaat', 'Hak Kelas Rawat Inap di Fasilitas Tingkat Lanjutan', ' Ruang perawatan kelas III bagi: 1. Peserta PBI Jaminan Kesehatan;\ndan\n2. Peserta Pekerja Bukan Penerima Upah dan Peserta bukan Pekerja dengan iuran untuk Manfaat pelayanan di ruang perawatan kelas III\nRuang perawatan kelas II bagi: 1. Pegawai Negeri Sipil dan penerima pensiun Pegawai Negeri Sipil golongan ruang I dan golongan ruang II beserta\nkeluarganya\n2. Anggota TNI dan penerima\npensiun Anggota TNI yang setara\nPegawai Negeri Sipil golongan\nruang I dan golongan ruang II\nbeserta keluarganya\n3. Anggota Polri dan penerima pensiun Anggota Polri yang\nsetara Pegawai Negeri Sipil golongan ruang I dan golongan ruang II beserta keluarganya 4. Peserta Pekerja Penerima Upah dan Pegawai Pemerintah Non Pegawai Negeri dengan gaji atau upah sampai dengan 1,5 (satu setengah) kali penghasilan tidak kena pajak dengan status kawin dengan 1 anak, beserta anggota keluarganya\n5. Peserta Pekerja Bukan Penerima\nUpah dan Peserta bukan Pekerja\ndengan iuran untuk Manfaat\npelayanan di ruang perawatan\nkelas II\n\nRuang perawatan kelas I bagi:\n1. Pejabat Negara dan anggota\nkeluarganya\n2. Pegawai Negeri Sipil dan\npenerima pensiun Pegawai Negeri Sipil golongan ruang III dan golongan ruang IV beserta keluarganya\n3. Anggota TNI dan penerima pensiun Anggota TNI yang setara\nPegawai Negeri Sipil golongan\nruang III dan golongan ruang IV\nbeserta keluarganya\n4. Anggota Polri dan penerima\npensiun Anggota Polri yang\nsetara Pegawai Negeri Sipil golongan ruang III dan golongan ruang IV beserta keluarganya 5. Veteran dan Perintis\nKemerdekaan beserta anggota keluarganya\n6. Janda, duda, atau anak yatim piatu dari Veteran atau Perintis Kemerdekaan\n7. Peserta Pekerja Penerima Upah dan Pegawai Pemerintah Non Pegawai Negeri dengan gaji atau upah sampai dengan 1,5 (satu setengah) sampai dengan 2 kali penghasilan tidak kena pajak dengan status kawin dengan 1 anak, beserta anggota\nkeluarganya\n8. Peserta Pekerja Bukan Penerima\nUpah dan Peserta bukan Pekerja\ndengan iuran untuk Manfaat pelayanan di ruang perawatan\nkelas I'),
(14, 'Cara Pembayaran', 'Pembayaran Premi BPJS Kesehatan', 'Pembayaran Premi BPJS Kesehatan semakin lebih mudah dengan banyaknya metode pembayaran yang telah disediakan. Silahkan pilih metode pembayaran yang nyaman bagi Anda.\n- mandr\n- BANK BRI\n- BNI\n- Bank BTN\n- tokopedia\n- Kartu Kredit\n- VISA\n- MasterCard\n- JCB'),
(15, 'FAQ', 'Siapa sajakah yang masuk dalam Anggota Keluarga', 'Anggota Keluarga adalah istri/suami yang sah, anak kandung, anak tiri dari perkawinan yang sah, dan anak angkat yang sah'),
(16, 'FAQ', 'Berapa besaran iuran PBI?', 'luran dibayarkan oleh pemerintah sebesar Rp. 42.000.00/orang/bulan'),
(17, 'FAQ', 'Apakah yang dimaksud Kartu Indonesia Sehat', 'Kartu Indonesia Sehat adalah tanda kepesertaan Jaminan Kesehatan Nasional (JKN) untuk memperoleh Pelayanan Kesehatan yang komprehensif pada Fasilitas Kesehatan.'),
(18, 'FAQ', 'Cara Melakukan Perubahan Domisili, Nomor Handphone dan Alamat Email', 'Perubahan domisili, nomor handphone dan alamat email diperlukan untuk kemudahan korespodensi maupun penyampaian informasi kepada peserta. Peserta melaporkan perubahan domisili, nomor handphone dan alamat email melalui kanal layanan yang disediakan oleh BPJS Kesehatan'),
(19, 'FAQ', 'Apa yang dimaksud dengan Upah atau Gaji', 'Upah atau gaji adalah hak Pekerja yang diterima dan dinyatakan dalam bentuk uang sebagai imbalan dari Pemberi Kerja kepada Pekerja yang ditetapkan dan dibayar menurut suatu perjanjian kerja, kesepakatan, atau peraturan perundang-undangan, termasuk tunjangan bagi Pekerja dan keluarganya atas suatu pekerjaan dan/atau jasa yang telah atau akan dilakukan'),
(20, 'FAQ', 'Apa yang dimaksud dengan Rawat Inap Tingkat Pertama', 'Yaitu pelayanan kesehatan perorangan yang bersifat non spesialistik dan dilaksanakan pada fasilitas kesehatan tingkat pertama untuk keperluan observasi, perawatan, diagnosis, pengobatan, dan/atau pelayanan medis lainnya, dimana peserta dan/atau anggota keluarganya dirawat inap paling singkat 1 (satu) hari'),
(21, 'FAQ', 'Syarat dan Cara Daftar Bayi Baru Lahir?', '1. Asli Kartu JKN-KIS Ibu Kandung\n 2. Asli/Fotocopy Surat keterangan lahir dari Dokter atau Bidan Puskesmas/Klinik/Rumah Sakit. \n3. Asli/Fotocopy Kartu Keluarga orang tua. \n4. Jika peserta belum melakukan autodebet tabungan dilengkapi dengan: a) Fotocopy buku rekening tabungan BNI/ BRI, Mandiri, BNI, BTN, BCA, Bank Jateng dan Bank Panin, dapat menggunakan rekening tabungan Kepala Keluarga/Anggota Keluarga dalam Kartu Keluarga/Penanggung b) Formulir autodebet pembayaran iuran BPJS Kesehatan bermaterai Rp6.000,00 (Enam ribu rupiah). \n5. Melakukan perubahan data bayi selambat-lambatnya 3 (tiga) bulan setelah kelahiran yang meliputi nama, tanggal lahir, jenis kelamin, dan NIK. \n6. Pendaftaran dilakukan melalui Rumah Sakit, Mobile Customer Service (MCS), Mall Pelayanan Publik dan Kantor Cabang dan Kantor Kabupaten/Kota'),
(22, 'FAQ', 'Apa Hak Peserta', '1. Mendapatkan kartu identitas peserta sebagai identitas peserta JKN-KIS untuk memperoleh pelayanan kesehatan. \n2. Memperoleh manfaat dan informasi tentang hak dan kewajiban serta prosedur pelayanan kesehatan sesuai dengan ketentuan yang berlaku. \n3. Mendapatkan pelayanan kesehatan di fasilitas kesehatan yang bekerja sama dengan BPJS Kesehatan. \n4. Menyampaikan pengaduan, kritik dan saran secara lisan maupun tertulis kepada BPJS Kesehatan.'),
(23, 'FAQ', 'Cara Melakukan Perubahan Tambah Peserta Dan Anggota Keluarga', 'Perubahan penambahan peserta dan anggota keluarga mengikuti mekanisme pendaftaran peserta baru sesuai dengan jenis kepesertaan, dengan syarat sebagai berikut: \n1. Kartu Keluarga \n2. Buku rekening tabungan BRI, Mandiri, BNI, BTN, dan BCA (dapat menggunakan rekening tabungan Kepala Keluarga/anggota keluarga dalam Kartu Keluarga/ penanggung). \n3. Formulir Autodebit pembayaran iuran BPJS Kesehatan bermaterai Rp.10.000,00 (Sepuluh Ribu Rupiah)'),
(24, 'FAQ', 'Siapa saja anggota keluarga yang ditanggung oleh Pekerja Penerima Upah?', 'Anggota keluarga meliputi istri/suami yang sah, anak kandung, anak tiri dari perkawinan yang sah, dan anak angkat yang sah, sebanyak-banyaknya 5 orang. Anak kandung, anak tiri dari perkawinan yang sah, dan anak angkat yang sah dengan kriteria: \na. Tidak atau belum pernah menikah atau tidak mempunyai penghasilan sendiri; dan \nb. Belum berusia 21 tahun atau belum berusia 25 tahun yang masih melanjutkan pendidikan formal. Anggota keluarga lain meliputi anak ke 4 dan seterusnya, ayah, ibu, dan mertua.'),
(25, 'FAQ', 'Bagaimana Jika Kartu Peserta Hilang', 'Peserta mengunjungi kantor BPJS Kesehatan/Mobile Customer Service (MCS)/Mall pelayanan publik dengan ketentuan: \n1. Menunjukkan KTP atau Kartu Keluarga yang berlaku. \n2. Surat pernyataan kehilangan yang ditanda tangani oleh peserta ber materai Rp6.000,00 (enam ribu rupiah) atau surat keterangan kehilangan dari Kepolisian. \n3. Pengurusan kartu peserta hilang dapat dilakukan oleh keluarga yang namanya tercantum dalam Kartu Keluarga. \n4. Jika dalam satu Kartu Keluarga peserta memiliki keterbatasan fi'),
(26, 'FAQ', 'Aplikasi Mobile JKN', 'Aplikasi Mobile JKN merupakan inovasi untuk kemudahan calon peserta atau peserta JKN-KIS, dengan memanfaatkan teknologi informasi yang dapat diunduh melalui aplikasi Mobile JKN di Google Playstore atau Apps Store. \n1. 5 Kemudahan menggunakan Aplikasi Mobile JKN: \na. Kemudahan mendaftar dan mengubah data kepesertaan. \nb. Kemudahan mengetahui informasi data peserta dan keluarga. \nc. Kemudahan mengetahui informasi tagihan dan pembayaran iuran. \nd. Kemudahan mendapatkan pelayanan di Faskes. \ne. Kemudahan'),
(27, 'FAQ', 'Apa yang dimaksud dengan Pelayanan Kesehatan Tingkat Pertama', 'Yaitu pelayanan kesehatan perorangan yang bersifat non spesialistik (primer) meliputi pelayanan rawat jalan dan rawat inap'),
(28, 'FAQ', 'Cara Mendaftar Menjadi Peserta PBI APBD', 'Pendaftaran dilakukan melalui pendataan oleh Pemerintah Daerah, yang selanjutnya didaftarkan kepada BPJS Kesehatan sesuai dengan perjanijian kerjasama antara Pemerintah Kabupaten/Kota dengan BPJS Kesehatan'),
(29, 'FAQ', 'Cara Melakukan Perubahan Data Kependudukan', 'Perubahan data kependudukan pada identitas peserta JKN-KIS yang meliputi data NIK, Nama, Tanggal Lahir dan Jenis Kelamin. Peserta melaporkan data kependudukan melalui kanal layanan yang disediakan oleh BPJS Kesehatan, dengan persyaratan: \na. Kartu Keluarga dan KTP \nb. Kartu Identitas Peserta JKN-KIS'),
(30, 'FAQ', 'Bagaimana cara pendaftaran Peserta Pekerja Penerima Upah', 'Pekerja Penerima Upah di daftarkan oleh perusahaan atau badan atau instansi tempat dia bekerja.'),
(31, 'FAQ', 'Apa yang dimaksud dengan Virtual Account', 'Virtual Account adalah nomor rekening virtual yang disediakan oleh BPJS Kesehatan untuk entitas dan perorangan sebagai rekening tujuan dalam pembayaran iuran jaminan kesehatan'),
(32, 'FAQ', 'Apakah yang dimaksud dengan anggota keluarga yang lain bagi Peserta Pekerja Bukan Penerima Upah', 'Anggota keluarga yang lain yang tercantum dalam Kartu Keluarga dan didaftarkan menjadi Peserta Pekerja Bukan Penerima Upah atau Bukan Pekerja'),
(33, 'FAQ', 'Cara Mendaftar Menjadi Peserta PBI APBN', 'Pendaftaran dilakukan melalui pendataan oleh Kementerian Sosial/Dinas Sosial Kabupaten/Kota. yang selanjutnya ditetapkan melalui Keputusan Menteri Sosial dan didaftarkan oleh Kementerian Kesehatan kepada BPJS Kesehatan'),
(34, 'FAQ', 'Berapa besaran iuran Peserta Pekerja Penerima Upah (PPU)?', 'luran dibayarkan oleh pemberi kerja dan peserta dengan besaran iuran antara lain:\na. PPU Penyelenggara Negara\n- Pemberi kerja: 4%\n- Pekerja atau pensiunan: 1%\nb. PPU Non Penyelenggara Negara\n- Pemberi kerja: 4%\n- Pekerja atau pensiunan: 1%'),
(35, 'FAQ', 'Apa yang dimaksud dengan Close Payment System', 'Close Payment System atau sistem pembayaran tertutup adalah mekanisme pembayaran iuran Peserta Pekerja Penerima Upah Badan Usaha (PPU BU) BPJS Kesehatan, yang memastikan transaksi pembayaran iuran hanya dapat dilakukan jika besaran iuran yang dibayarkan sama dengan tagihan atau kelipatannya'),
(36, 'FAQ', 'Apa yang dimaksud fasilitas kesehatan tingkat pertama', 'Fasilitas Kesehatan Tingkat Pertama yang selanjutnya disingkat FKTP adalah fasilitas kesehatan yang melakukan pelayanan kesehatan perorangan yang bersifat non spesialistik untuk keperluan observasi, promotif, preventif, diagnosis, perawatan, pengobatan, dan/atau pelayanan kesehatan lainnya'),
(37, 'FAQ', 'Siapa yang dimaksud Pekerja Bukan Penerima Upah', 'Pekerja Bukan Penerima Upah adalah setiap orang yang bekerja atau berusaha atas risiko sendiri, yang terdiri dari: Notaris/Pengacara/LSM, Dokter/Bidan Praktek Swasta, Pedangang/Penyedia Jasa, Petani/Peternak, Nelayan, Supir, Ojek, Montir dan pekerja lain yang mampu membayar iuran'),
(38, 'FAQ', 'Apakah yang dimaksud dengan BPJS Kesehatan', 'BPJS Kesehatan adalah badan hukum yang dibentuk untuk menyelenggarakan program Jaminan Kesehatan Nasional- Kartu Indonesia Sehat (JKN-KIS) yang merupakan jaminan berupa perlindungan kesehatan agar peserta memperoleh manfaat pemeliharaan kesehatan dan perlindungan dalam memenuhi kebutuhan dasar kesehatan yang diberikan kepada setiap orang yang telah membayar iuran atau iurannya dibayarkan oleh Pemerintah'),
(39, 'FAQ', 'FAQ Besaran Denda Layanan?', 'Besaran Pengenaan Denda Layanan yaitu: 5% (lima persen) dari perkiraan biaya paket Indonesian Case Based Groups berdasarkan diagnosa dan prosedur awal untuk setiap bulan tertunggak dengan ketentuan: - Jumlah bulan menunggak paling banyak 12 (dua belas) bulan; dan -Bbesar denda paling tinggi Rp30.000.000,00 (tiga puluh juta rupiah)'),
(40, 'FAQ', 'Siapa saja yang dimaksud Bukan Pekerja', 'Bukan Pekerja adalah setiap orang yang bukan termasuk masyarakat yang didaftarkan dan iurannya dibayar oleh Pemerintah Pusat/Daerah, PPU serta PBPU, yang terdiri dari: BP Penyelenggara Negara dan BP Non Penyelenggara Negara. \n1) BP Penyelenggara Negara terdiri dari Penerima Pensiun (PP) Pejabat Negara, PP PNS Pusat/Daerah, PP TNI, PP POLRI, Veteran dan Perintis Kemerdekaan. \n2) BP Non Penyelenggara Negara terdiri dari Investor, Pemberi Kerja dan BP lain yang mampu membayar iuran.');
INSERT INTO `infos` (`id`, `type`, `title`, `content`) VALUES
(41, 'FAQ', 'Bagaimana Jika Kartu Peserta Rusak?', 'A. Peserta dapat mengunjungi kantor BPJS Kesehatan/ Mobile Customer Service/ Mall pelayanan publik dengan ketentuan: \n1. Menyerahkan kartu peserta yang rusak. \n2. Menunjukkan KTP atau Kartu Keluarga yang berlaku. \n3. Penggantian kartu dapat dilakukan di Kantor Cabang atau Kantor Kabupaten/Kota BPJS Kesehatan terdekat. \nB. Peserta dapat menggunakan Mobile JKN pada fitur \"Kartu Peserta\" sebagai pengganti kartu JKN-KIS untuk mendapatkan pelayanan di fasilitas kesehatan.'),
(42, 'FAQ', 'Apa Kewajiban Peserta?', '1. Mendaftarkan diri dan anggota keluarganya sebagai peserta JKN-KIS kepada BPJS Kesehatan. \n2. Membayar iuran secara rutin setiap bulan sebelum tanggal 10 (sepuluh). 3. Memberikan data dirinya dan \nanggota keluarganya secara lengkap dan benar. \n4. Melaporkan perubahan data dirinya dan anggota keluarganya, antara lain perubahan golongan, pangkat atau besaran gaji, pernikahan, perceraian, kematian, kelahiran, pindah alamat/domisili dan pindah fasilitas kesehatan tingkat pertama serta perubahan alamat email dan nomor handphone \n5. Menjaga kartu peserta agar tidak rusak, hilang atau dimanfaatkan oleh orang yang tidak berhak. \n6. Mentaati semua ketentuan dan tata cara pelayanan kesehatan.'),
(43, 'FAQ', 'Pendaftaran Bayi Baru Lahir?', '1. Bayi baru lahir dari Peserta JKN wajib didaftarkan kepada BPJS Kesehatan paling lama 28 hari sejak dilahirkan \n2. Pendaftaran bayi dapat mengaktifkan status kepesertaan untuk mendapatkan manfaat jaminan pelayanan kesehatan selama 28 hari sejak bayi dilahirkan dan masih dalam perawatan. \n3. Status kepesertaan bayi baru lahir (No. Kepesertaan JKN KIS) harus dipastikan selambat-lambatnya 3 hari kerja sejak dirawat, atau < 3 hari jika pulang rawat sebelum 3 hari \n4. luran bagi bayi baru lahir dibayarkan oleh Peserta atau pihak lain atas nama Peserta pada saat mendaftar paling lama 28 (dua puluh delapan) hari sejak dilahirkan \n5. Tidak mendaftar & membayar iuran bayi baru lahir paling lama 28 hari sejak dilahirkan akan dikenakan kewajiban membayar iuran sejak bayi dilahirkan dan dikenakan sanksi denda pelayanan 6. Bayi yang dilahirkan bukan dari Peserta JKN, maka berlaku ketentuan pendaftaran Peserta PBPU dan BP (14 hari)'),
(44, 'FAQ', '', ''),
(45, 'FAQ', 'Ketentuan Pelayanan Protesa Gigi/ Gigi Palsu?', '1. Pelayanan protesa gigi hanya diberikan atas rekomendasi dokter gigi pada FKTP atau dokter gigi spesialis prostodonsia pada FKRTL yang bekerja sama dengan BPJS Kesehatan. \n2. Pada FKTP yang tidak memiliki dokter gigi/ jejaring dokter gigi, maka diprioritaskan melakukan rujukan horizontal antar FKTP. \n3. Protesa gigi/gigi palsu dapat diberikan paling cepat 2 (dua) tahun sekali atas indikasi medis untuk gigi yang sama dengan total besaran maksimal Rp. 1.000.000,00. Dalam hal diperlukan pelayanan protesa gigi pada episode berbeda dalam periode 2 (dua) tahun maka berlaku ketentuan suplesi. Adapun besaran nilai bantuan alat kesehatan protesa gigi adalah sebagai berikut: \na. Full protesa gigi maksimal Rp. 1.000.000,00 (Masing masing rahang maksimal Rp. 500.000,00) \nb. Rincian per rahang adalah: \n- 1-8 gigi: Rp. 250.000,- \n-9-16 gigi: Rp. 500.000,- \n4. Apabila penjaminan alat protesa gigi melibatkan elemen gigi yang sudah pernah diberikan bantuan dalam kurun waktu kurang dari 2 (dua) tahun maka tidak dapat dijamin oleh BPJS Kesehatan \n5. Apabila sebelum 2 tahun diperlukan penggantian protesa gigi oleh sebab apapun maka BPJS Kesehatan tidak menjamin'),
(46, 'FAQ', 'cara Melakukan Perubahan Kelas Rawat', 'I. Peserta PPU \nSyarat perubahan kelas rawat \na. Kartu Keluarga \nb. Daftar gaji asli dari pemberi kerja \nc. Perubahan gaji/upah yang dilakukan pada bulan berjalan, maka kelas perawatan baru akan berlaku pada bulan selanjutnya.. \nII. Peserta PBPU/BP \nSyarat perubahan kelas rawat a. Perubahan kelas rawat dapat dilakukan setelah 1 (satu) tahun dan harus diikuti perubahan kelas rawat seluruh anggota keluarga. \nb. Peserta yang melakukan perubahan kelas perawatan pada bulan berjalan, maka kelas perawatan barunya berlaku pada bulan selanjutnya. \nc. Adapun persyaratan perubahan kelas rawat yaitu asli/fotokopi Kartu Keluarga. \nd. Bagi peserta yang belum melakukan Autodebit rekening tabungan dilengkapi dengan: \n1) Fotokopi buku rekening tabungan BRI, Mandiri, BNI, BTN, dan BCA (dapat menggunakan rekening tabungan Kepala Keluarga/ anggota keluarga dalam Kartu Keluarga/penanggung. \n2) Formulir Autodebit pembayaran iuran BPJS Kesehatan bermaterai Rp10.000,00 (Sepuluh Ribu Rupiah).'),
(47, 'FAQ', 'Ketentuan Penjaminan Kaca Mata?', '1.Pemeriksaan Refraksi mata diberikan atas rekomendasi dari dokter di FKTP yang dapat dibantu oleh refraksionis, atau dirujuk ke spesialis Mata di FKRTL apabila memenuhi kriteria Rujukan dan atau TACC \n2. Pelayanan alat bantu kaca mata pada Optik yang bekerjasama dengan BPJS Kesehatan \n3. Ketentuan penjaminan kacamata yang dijamin oleh BPJS Kesehatan diberikan maksimal 1 kali dalam 2 (dua) tahun dengan ukuran sebagai berikut: \n- Untuk lensa spheris, minimal 0.5 Dioptri \n- Untuk lensa silindris minimal 0.25 Dioptri \n4. Penjaminan kacamata tidak dapat diberikan jika: \n- tidak memenuhi indikasi medis atau sebelum 2 (dua) tahun sejak tanggal legalisasi kacamata; \n- pada kasus penggantian bingkai kacamata saja; \n- pada kasus ADD (Additional Value) saja, yaitu untuk mengoreksi presbiopia (rabun tua) atau untuk kebutuhan baca \n5. Apabila sebelum 2 tahun diperlukan penggantian kacamata oleh sebab apapun (perubahan ukuran, hilang, rusak dan sebab lain) maka BPJS Kesehatan tidak menjamin \n6. Besaran maksimal bantuan alat kesehatan kaca mata adalah sebagai berikut: \n- PBI/Hak rawat kelas 3: Rp 165.000,00 \n- Hak rawat kelas 2: Rp 220.000,00 \n- Hak rawat kelas 1: Rp 330.000,00'),
(48, 'FAQ', 'Apakah yang dimaksud dengan anggota keluarga yang lain bagi Peserta Pekerja Penerima Upah', 'Anggota keluarga yang lain meliputi anak ke-4 dan seterusnya, ayah, ibu dan mertua'),
(49, 'FAQ', 'Apakah yang dimaksud dengan luran Jaminan Kesehatan', 'luran Jaminan Kesehatan adalah sejumlah uang yang dibayarkan secara teratur oleh Peserta, Pemberi Kerja dan/atau Pemerintah untuk program Jaminan Kesehatan'),
(50, 'FAQ', 'Siapakah yang dimaksud dengan Peserta', 'Peserta adalah Semua penduduk Indonesia, termasuk orang asing yang telah bekerja paling singkat 6 (enam) bulan di Indonesia dan telah membayar juran'),
(51, 'FAQ', 'Bagaimana jika pada saat registrasi BU tidak menerima link aktivasi di email yang di daftarkan', 'PIC BU menghubungi kantor BPJS Kesehatan Sesuai dengan wilayah perusahaan terdaftar untuk di kirim ulang link aktivasi kepada badan usaha'),
(52, 'FAQ', 'Apa yang dimaksud asuransi kesehatan tambahan', 'Asuransi kesehatan tambahan adalah asuransi kesehatan komersial yang dibeli secara sukarela di luar asuransi kesehatan sosial yang bersifat wajib'),
(53, 'FAQ', 'Bagaimana jika pada saat registrasi BU tidak menerima link aktivasi di email yang di daftarkan', 'PIC BU menghubungi kantor BPJS Kesehatan Sesuai dengan wilayah perusahaan terdaftar untuk di kirim ulang link aktivasi kepada badan usaha'),
(54, 'FAQ', 'Cara Melakukan Perubahan Alamat', 'Peserta melaporkan perubahan alamat ke Kantor BPJS Kesehatan setempat, dengan persyaratan: \na. Kartu identitas peserta JKN-KIS; \nb. Kartu Tanda Penduduk elektronik dan Kartu Keluarga'),
(55, 'FAQ', 'Cara mengaktifkan kartu anak PPU yang masih kuliah', 'Untuk anak 21 tahun yang masih kuliah/belum menikah/belum bekerja dapat dilakukan perpanjangan masa berlaku kepesertaan melalui HRD/PIC perusahaan/satuan kerja dengan melampirkan surat keterangan sekolah/perguruan tinggi semester berjalan'),
(56, 'FAQ', 'Dimana saja tempat pendaftaran Peserta Pekerja Penerima Upah', 'a. Website BPJS Kesehatan www.bpjs- kesehatan.go.id \nb. Portal bersama BPJS www.bpjs.go.id \nc. ONLINE SINGLE SUBMISSION (OSS) \nd. Aplikasi Edabu Mobile yang bisa diunduh melalui Google Playstore dan Apps Store \ne. Kantor Cabang/Kab/Kota'),
(57, 'FAQ', 'Siapa yang dimaksud Pekerja Penerima Upah', 'Pekerja Penerima Upah adalah setiap orang yang bekerja pada pemberi kerja dengan menerima gaji atau upah, seperti Pegawai Negeri Sipil, Anggota TNI, Anggota POLRI, Pejabat Negara, Pimpinan dan Anggota Dewan Perwakilan Rakyat Daerah, Pegawai Pemerintah Non Pegawai Negeri, Pegawai Swasta, dan Pekerja lain yang menerima upah'),
(58, 'FAQ', 'Apa yang dimaksud fasilitas kesehatan rujukan tingkat lanjutan', 'Fasilitas Kesehatan Rujukan Tingkat Lanjutan yang selanjutnya disingkat FKRTL adalah fasilitas kesehatan yang melakukan pelayanan kesehatan perorangan yang bersifat spesialistik atau sub spesialistik yang meliputi rawat jalan tingkat lanjutan, rawat inap tingkat lanjutan dan rawat inap di ruang perawatan khusus'),
(59, 'FAQ', 'cara mengaktifkan kartu peserta diatas 90 tahun yang dinonaktifkan', 'Untuk pengaktifan kembali bagi peserta yang di nonaktifkan karena usia > 90 tahun dengan menunjukan : \na. Kartu JKN KIS ( Jaminan Kesehatan Nasional - Kartu Indonesia Sehat) \nb. SK pensiun \n.  \nd. Kartu Keluarga \nPelaporan dapat dilakukan melalui Kantor Cabang atau Pelayanan Whatsapp Administrasi (PANDAWA)'),
(60, 'FAQ', 'Pengurangan anggota keluarga pernikahan/ perceraian', 'a. Peserta PBI Peserta melaporkan ke Dinas Sosial setempat, dengan menunjukkan surat nikah/cerai. \nb. Peserta PPU Bagi PPU Penyelenggara Negara laporan peserta meninggal disampaikan ke Kantor BPJS Kesehatan setempat. Sedangkan bagi PPU Non Penyelenggara Negara laporan peserta menikah/cerai disampaikan ke PIC Badan Usaha, dengan menunjukkan surat nikah/cerai. \nc. Peserta PBPU/BP Peserta melaporkan ke kantor BPJS Kesehatan, dengan syarat: \n1. surat nikah/cerai \n2. Kartu Keluarga \n3. Kartu Identitas Peserta JKN-KIS.'),
(61, 'FAQ', 'Cara Melakukan Perubahan Jenis Kepesertaan Peserta PBI JK/PD Pemda menjadi peserta PBPU', '1) Asli Kartu JKN-KIS \n2) Asli/Fotocopy Kartu Keluarga \n3) Fotokopi buku rekening tabungan BRI, Mandiri, BNI, BTN, dan BCA (dapat menggunakan rekening tabungan Kepala Keluarga/anggota keluarga dalam Kartu Keluarga/penanggung. \n4) Formulir Autodebit pembayaran iuran BPJS Kesehatan bermaterai Rp10.000,00 (Sepuluh Ribu Rupiah). \n5) Peserta PBI JK aktif yang beralih menjadi peserta PBPU pada bulan berjalan, maka pembayaran iuran dibayarkan pada tanggal 1 (satu) bulan berikutnya dan status kepesertaan sebagai PBPU akan aktif sejak iuran dibayarkan, apabila iurannya tidak dibayarkan setelah melewati 1 (satu) bulan, maka diberlakukan proses administrasi menunggu 14 (empat belas) hari'),
(62, 'FAQ', 'Kanal Layanan BPJS Kesehatan?', 'Kanal Layanan merupakan tempat/media yang dapat digunakan oleh calon peserta atau peserta JKN- KIS dalam melakukan proses administrasi kepesertaan berupa pendaftaran peserta, perubahan data peserta, pembayaran iuran, pemberian informasi dan penanganan pengaduan, yang terdiri dari: \na. Aplikasi Mobile JKN. \nb. BPJS Kesehatan Care Center 165 \nc. Mobile Customer Service (MCS). d. Website BPJS Kesehatan \ne. Mall Pelayanan Publik bekerjasama. f. PANDAWA (Pelayanan Administrasi Melalui Whatsapp) \ng. Kantor Cabang dan Kantor Kabupaten/Kota. \nh. PIPP FKTP \nI. PIPP FKRTL'),
(63, 'FAQ', 'Bagaimana Pelayanan di luar wilayah domisili', 'Sesuai Pepres 82 Tahun 2018 untuk Pelayanan di luar wilayah domisili Peserta datang ke FKTP tempat Peserta terdaftar maupun FKTP lain diluar tempat peserta terdaftar serta menunjukkan kartu identitas peserta JKN-KIS/KIS Digital dengan status aktif dan/atau identitas lain yang diperlukan (KTP, SIM, KK). Saat Bapak/Ibu sedang berada diluar daerah (dengan jarak tempuh yang tidak memungkinkan untuk menuju ke Faskes tingkat 1 terdaftar, maka dapat mengakses pelayanan kesehatan pada faskes tingkat 1 bekerjasama dengan BPJS Kesehatan terdekat maksimal untuk 3x kunjungan dalam waktu paling lama 1 bulan di FKTP yang sama'),
(64, 'FAQ', 'Ketentuan penonaktifan peserta meninggal', 'a Peserta PBI Anggota keluarga Peserta/yang mewakili melaporkan ke kantor BPJS Kesehatan atau Dinas Sosial setempat, dengan syarat: \n1. surat keterangan kematian dari desa/kelurahan \n2. Kartu Identitas Peserta JKN-KIS. \nb. Peserta PPU Bagi PPU Penyelenggara Negara laporan peserta meninggal disampaikan ke Kantor BPJS Kesehatan setempat. Sedangkan bagi PPU Non Penyelenggara Negara laporan peserta meninggal disampaikan ke PIC Badan Usaha. Syarat yang dibutuhkan: \n1. surat keterangan kematian dari desa/kelurahan \n2. Kartu Identitas Peserta JKN-KIS. \nc. Peserta PBPU/BP Anggota keluarga Peserta/yang mewakili melaporkan ke kantor BPJS Kesehatan, dengan syarat: \n1) Surat keterangan kematian dari Fasilitas Kesehatan/Desa/Kelurahan \n2) Asli Kartu identitas peserta JKN-KIS. \n3) Asli/Fotokopi Kartu Keluarga \n4) Bukti pembayaran iuran'),
(65, 'FAQ', 'Bagaimana Jika Peserta Menginginkan Kenaikan Kelas Perawatan', 'I. Peserta PBI dan Peserta yang didaftarkan oleh Pemerintah Daerah gugur haknya apabila memilih kelas yang lebih tinggi dari haknya. II. Peserta Bukan PBI, dapat meningkatkan haknya maksimal 1 tingkat lebih tinggi dengan membayar sendiri seluruh selisih antara biaya yang dijamin oleh BPJS Kesehatan dengan biaya yang harus dibayar akibat peningkatan kelas perawatan, dengan ketentuan sebagai berikut: \na. Peserta mengikuti prosedur sesuai ketentuan yang berlaku. \nb. Peserta membayar tambahan biaya, dengan perhitungan sebagai berikut: \n1) Untuk peningkatan kelas pelayanan rawat inap dari kelas perawatan III ke kelas II, dan dari kelas perawatan II ke kelas I, membayar selisih biaya antara Tarif INA-CBG pada kelas rawat inap lebih tinggi yang dipilih dengan Tarif INA-CBG pada kelas rawat inap yang sesuai dengan hak Peserta \n2) Untuk peningkatan kelas pelayanan rawat inap di atas kelas perawatan I, membayar selisih biaya paling banyak sebesar 75% (tujuh puluh lima perseratus) dari Tarif INA-CBG kelas perawatan | Jika hak kelas rawat peserta kelas I, perhitungan tambahan biaya maksimal : 75% x Tarif INA-CBG kelas I'),
(66, 'FAQ', 'Pelayanan Kesehatan yang tidak dijamin?', '1. pelayanan kesehatan yang tidak sesuai dengan ketentuan peraturan perundang-undangan; \n2. pelayanan kesehatan yang dilakukan di Fasilitas Kesehatan yang tidak bekerja sama dengan BPJS Kesehatan, kecuali dalam keadaan darurat; \n3. pelayanan kesehatan terhadap penyakit atau cedera akibat Kecelakaan. Kerja atau hubungan kerja yang telah dijamin oleh program jaminan Kecelakaan Kerja atau menjadi tanggungan Pemberi Kerja; \n4. pelayanan kesehatan yang dijamin oleh program jaminan kecelakaan lalu lintas yang bersifat wajib sampai nilai yang ditanggung oleh program jaminan kecelakaan lalu lintas sesuai hak kelas rawat Peserta; \n5. pelayanan kesehatan yang dilakukan di luar negeri; \n6. pelayanan kesehatan untuk tujuan estetik; \n7. pelayanan untuk mengatasi \ninfertilitas; \n8. pelayanan meratakan gigi atau ortodonsi; \n9. gangguan kesehatan/penyakit akibat ketergantungan obat dan/atau alkohol; 10. gangguan kesehatan akibat sengaja menyakiti diri sendiri atau akibat melakukan hobi yangmembahayakan diri sendiri;'),
(67, 'FAQ', 'Cara Melakukan Perubahan Jenis Kepesertaan Peserta PPU menjadi Peserta PBPU', '1) Pekerja sudah tidak lagi sebagai PPU yang ditunjukkan dengan status peserta dinonaktifkan oleh Badan Usaha. \n2) Peserta PPU yang beralih menjadi Peserta PBPU/ BP pada bulan berjalan sebelum dinonaktifkan, maka pembayaran iuran baru dapat dibayarkan pada tanggal 1 bulan berikutnya dan status kepesertaan sebagai PBPU akan aktif sejak iuran dibayarkan. \n3) Dalam hal peralihan dilakukan selambat-lambatnya 1 bulan sejak status PPU dinyatakan non aktif, maka Status Peserta langsung aktif (tanpa menunggu 14 hari). Jika melebihi 1 bulan, maka status peserta tidak langsung aktif (menunggu 14 hari). \n4) Melengkapi persayaratan sebagai berikut: \na) Asli Kartu JKN-KIS \nb) Asli/Fotocopy Kartu Keluarga \nc) Fotokopi buku rekening tabungan BRI, Mandiri, BNI, BTN, dan BCA (dapat menggunakan rekening tabungan Kepala Keluarga/anggota keluarga dalam Kartu Keluarga/penanggung. d) Formulir Autodebit pembayaran iuran BPJS Kesehatan bermaterai Rp10.000,00 (Sepuluh Ribu Rupiah)'),
(68, 'FAQ', 'Jenis Alat Bantu Kesehatan yang dijamin?', '1. Kacamata \n2. Alat bantu dengar (hearing aid) \n3. Protesa alat gerak (kaki dan/atau tangan tiruan) \n4. Protesa gigi/gigi palsu \n5. Korset Tulang Belakang (Corset) \n6. Penyangga leher (collar neck/cervical collar/neck brace) \n7. Alat bantu gerak berupa kruk penyangga tubuh'),
(69, 'FAQ', 'Pelayanan Kesehatan yang dijamin BPJS Kesehatan yaitu', '1. Pelayanan Kesehatan tingkat pertama \n2. Pelayanan Kesehatan rujukan tingkat lanjut \n3. Pelayanan Ambulan darat atau air'),
(70, 'FAQ', 'Bagaimana Jika Lupa Password atau password Salah?', '1. Pilih menu lupa password \n2. Masukan Nomor Kartu BPJS \n3. Masukan Nomor Handphone untuk verifikasi \n4. Masukan Password Baru sesuai nstandar \n5. Klik Reset Password'),
(71, 'FAQ', 'Apa yang dimaksud dengan Pelayanan Kesehatan Darurat Medis', 'Yaitu pelayanan kesehatan yang harus diberikan secepatnya untuk mencegah kematian, keparahan, dan/atau kecacatan sesuai dengan kemampuan fasilitas kesehatan'),
(72, 'FAQ', 'Apa yang dimaksud dengan Rawat Jalan Tingkat Pertama', 'Yaitu pelayanan kesehatan perorangan yang bersifat non spesialistik yang dilaksanakan pada fasilitas kesehatan tingkat pertama untuk keperluan observasi, diagnosis, pengobatan, dan/atau pelayanan kesehatan lainnya'),
(73, 'FAQ', 'Apa yang dimaksud dengan Pelayanan Kesehatan Rujukan Tingkat Lanjutan', 'Yaitu upaya pelayanan kesehatan perorangan yang bersifat spesialistik atau sub spesialistik yang meliputi rawat jalan tingkat lanjutan, rawat inap tingkat lanjutan, dan rawat inap di ruang perawatan khusus'),
(74, 'FAQ', 'Apa yang dimaksud dengan Pelayanan Kesehatan Rujukan Tingkat Lanjutan', 'Pelayanan Kesehatan Rujukan Tingkat Lanjutan adalah upaya pelayanan kesehatan perorangan yang bersifat spesialistik atau sub spesialistik yang meliputi rawat jalan tingkat lanjutan, rawat inap tingkat lanjutan, dan rawat inap di ruang perawatan khusus'),
(75, 'FAQ', 'Apakah yang dimaksud dengan Kecurangan (Fraud) dalam Pelaksanaan Program Jaminan Kesehatan Nasi', 'Kecurangan (Fraud) adalah tindakan yang dilakukan dengan sengaja, untuk mendapatkan keuntungan finansial dari program Jaminan Kesehatan Nasional dalam Sistem Jaminan Sosial Nasional melalui perbuatan curang yang tidak sesuai dengan ketentuan'),
(76, 'FAQ', 'Apa yang dimaksud fasilitas kesehatan', 'Fasilitas kesehatan adalah fasilitas pelayanan kesehatan yang digunakan untuk menyelenggarakan upaya pelayanan kesehatan perorangan, baik promotif, preventif, kuratif dan rehabilitative yang diselenggarakan oleh Pemerintah, Pemerintah Daerah, dan/atau masyarakat'),
(77, 'FAQ', 'Bagaimana cara mengaktifkan kartu anak PPU yang masih kuliah', 'Untuk anak 21 tahun yang masih kuliah/belum menikah/belum bekerja dapat dilakukan perpanjangan masa berlaku kepesertaan melalui HRD/PIC perusahaan/satuan kerja dengan melampirkan surat keterangan sekolah/perguruan tinggi semester berjalan sampai maksimal usia 25 tahun atau dapat membawa surat keterangan sekolah/perguruan tinggi semester berjalan ke Kantor BPJS Kesehatan terdekat'),
(78, 'FAQ', 'Apa Kewajiban Pemberi Kerja', '1. Mendaftarkan diri dan pekerjanya sebagai peserta JKN-KIS kepada BPJS Kesehatan. \n2. Menghitung dan memungut iuran yang menjadi kewajiban pekerjanya melalui pemotongan gaji/upah pekerja. \n3. Membayar dan menyetorkan iuran yang menjadi tanggung jawabnya kepada BPJS Kesehatan secara rutin setiap bulan sebelum tanggal 10 (sepuluh). \n4. Memberikan data mengenai diri, pekerja dan anggota keluarganya secara lengkap dan benar meliputi: \na. data pekerja berikut anggota keluarganya yang didaftarkan sesuai'),
(79, 'FAQ', 'Kriteria Pekerja terkena PHK yang mendapat Jaminan 6 Bulan tanpa membayar iuran', 'a. PHK yang sudah ada putusan pengadilan hubungan industrial, dibuktikan dengan putusan/akta pengadilan hubungan industrial; \nb. PHK karena penggabungan perusahaan, dibuktikan dengan akta notaris; \nc. PHK karena perusahaan pailit atau mengalami kerugian, dibuktikan dengan putusan kepailitan dari pengadilan; atau \nd. PHK karena Pekerja mengalami sakit yang berkepanjangan dan tidak mampu bekerja, dibuktikan dengan surat dokter'),
(80, 'FAQ', 'Syarat Pendaftaran Autodebet', 'I. Bank mitra kerjasama (BNI/BCA/MANDIRI/BRI/BTN/BANK JATENG/BANK NAGARI selain jenis syariah dan tabunganku) dan dapat melalui Kantor BPJS Kesehatan dengan persyaratan sebagaimana terlampir : 1. FC Buku Rekening Tabungan 2. FC KK dan FC KTP peserta 3. FC KK dan FC KTP pemilik rekening 4. Materai Rp. 10.000,- 1 lembar 5. Mengisi formulir autodebet yang ditanda tangani pemilik rekening II. Online (Bank/Non Perbankan) melalui Aplikasi Mobile JKN, Aplikasi Mitra BPJS Kesehatan dan USSD:  \n1. Aplikasi Mobile JKN \n(BRI/MANDIRI/BTN/BCA/Finpay/Doku/I \nSaku/Visa Master) \n2. Aplikasi i-saku \n3. Aplikasi Tokopedia \n4. Aplikasi Gojek \n5. Aplikasi DANA \n6. Via USSD \n7. Website BPJS Kesehatan (MANDIRI/BCA/Visa Master)'),
(81, 'FAQ', 'Cara Penonaktifan Peserta Keluar Negeri?', '1. Peserta JKN Berada Di Luar Negeri Sekurangnya 6 (enam) Bulan berturut-turut \n2. Pelaporan dilakukan melalui Kantor Cabang/kanal layanan \n3. Peserta membayarkan iuran sampai dengan bulan keberangkatan ke luar negeri Syarat \na. salinan visa Peserta dan/atau anggota keluarga; \nb. data anggota keluarga yang tinggal di luar negeri; \nc. ijin tinggal di luar negeri; \nd. surat tugas belajar; \ne. surat tugas bekerja; \nf. surat pernyataan penghentian pembayaran gaji dari Pemberi Kerja; atau \ng. surat pemberitahuan dari sponsor'),
(82, 'FAQ', 'Cara Mendaftar Menjadi Peserta PBPU/BP Non Penyelenggara Negara', 'a. Kartu Keluarga \nb. Buku tabungan Bank yang melayani autodebit BRI, Mandiri, BNI, BTN, BCA, Bank Jateng dan Bank Panin (dapat menggunakan rekening tabungan Kepala Keluarga/ anggota keluarga dalam Kartu Keluarga/ penanggung).  \nc. Formulir surat kuasa autodebit pembayaran iuran BPJS Kesehatan bermaterai Rp10.000,00 (Sepuluh Ribu Rupiah) yang ditanda tangani pemilik rekening yang bersangkutan. Surat kuasa wajib ditanda tangani oleh pemilik rekening walaupun calon peserta yang mendaftar bukan pemilik rekening. \nd. Paspor dan surat izin kerja yang diterbitkan instansi berwenang bagi Warga Negara Asing. Calon peserta dapat melakukan pembayaran iuran pertama dalam waktu paling cepat 14 (empat belas) hari atau paling lambat 30 (tiga puluh) hari setelah pendaftaran'),
(83, 'FAQ', 'Prosedur refund (pengembalian kelebihan pembayaran)', 'I. Pengembalian iuran (refund) dapat dilakukan dengan alasan sebagai berikut: \n1. Kelebihan pembayaran iuran oleh peserta atau pemberi kerja \n2. Kelebihan pembayaran iuran oleh pemerintah daerah bagi PBPU/BP Pemda \n3. Peserta meninggal dunia \n4. Kepesertaan ganda \n5. Salah setor rekening \n6. Kesalahan pencatatan oleh Bank atau PPOB \n7. Salah setor Virtual Account Pengajuan pengembalian iuran paling lama dilakukan 15 hari sejak tanggal pengajuan pengembalian disampaikan kepada BPJS Kesehatan dan berkas dinyatakan Lengka\n Il Valanalonan hausan untu'),
(84, 'FAQ', 'Cara Melakukan Perubahan Jenis Kepesertaan Peserta PBPU menjadi peserta PPU', '1) Badan Usaha melakukan perubahan jenis kepesertaan pekerja melalui sistem informasi yang telah disediakan oleh BPJS Kesehatan. \n2) Perubahan status kepesertaan menjadi Peserta PPU mengikuti mekanisme cut off kepesertaan BPJS Kesehatan dan jumlah anggota keluarga yang ditanggung PPU. \n3) Perubahan status kepesertaan jumlah anggota keluarga tertanggung PPU, dalam hal jumlah anggota keluarga tertanggung melebihi hak peserta sebagai peserta PPU, maka anggota keluarga lain tetap terdaftar sebagai Peserta PBPU atau dapat didaftarkan sebagai keluarga tambahan dengan besaran iuran sebesar 1% dari gaji atau upah. \n4) Menyerahkan surat keterangan dari sekolah/perguruan tinggi (bagi anak usia lebih dari 21 tahun s.d 25 tahun yang masih sekolah/kuliah).'),
(85, 'FAQ', 'Cara Mendapatkan Pelayanan Ambulan', 'Pelayanan Ambulan merupakan pelayanan transportasi pasien rujukan dengan kondisi tertentu antar fasilitas kesehatan untuk menjaga kestabilan kondisi dan keselamatan pasien yang meliputi pelayanan ambulan darat dan ambulan air untuk rujukan pada: a. antar fasilitas kesehatan tingkat pertama; \nb. dari fasilitas kesehatan tingkat pertama ke fasilitas kesehatan rujukan tingkat lanjut; \nc. antar fasilitas kesehatan rujukan tingkat lanjutan \nAdapun prosedur pelayanan ambulan sebagai berikut: \na. Pasien yang mendapatkan pelayanan ambulan adalah pasien yang memerlukan evakuasi ke fasilitas kesehatan lain sesuai indikasi medis dan ketentuan penjaminan ambulan. \nb. Pelayanan ambulan dijamin bila rujukan dilakukan pada fasilitas kesehatan yang bekerja sama dengan BPJS Kesehatan atau pada kasus gawat darurat dari fasilitas kesehatan yang tidak bekerja sama ke fasilitas kesehatan yang bekerja sama dengan BPJS Kesehatan. \nc. Fasilitas kesehatan yang memiliki fasilitas ambulan dapat langsung memberikan pelayanan ambulan bagi pasien. \nd. Fasilitas kesehatan yang tidak memiliki fasilitas ambulan, maka Fasilitas kesehatan berkoordinasi dengan penyedia ambulan'),
(86, 'FAQ', 'Bagaimana jika terdapat ketidaksesuaian tagihan', 'Apabila terdapat selisih atau perbedaan iuran, Bpk/Ibu dapat melaporkan kekantor BPJS Kesehatan terdekat, dengan membawa serta diantaranya : \n1. Peserta meninggal : Peserta melengkapi surat keterangan kematian dan wajib membayar tunggakan sampai dengan bulan peserta meninggal. \n2. peralihan segmen ke Pekerja Penerima Upah (PPU) : Peserta membawa serta Surat Keputusan pengangkatan sebagai PPU dan kartu keluarga. \n3. Data ganda : Peserta membawa serta identitas (KK/KTP) dan kartu Indonesia Sehat. \n4. Pindah kewarganegaraan Peserta melengkapi dokumen penetapan pindah kewarganegaraan (dibuktikan dengan surat penetapan pindah kewarganegaraan dari instansi berwenang). \n5. nominal iuran peserta muncul lebih dari satu kali pada satu periode bulan tagihan Peserta membawa serta identitas (KK/KTP) dan kartu Indonesia Sehat. \n6. Bayi Baru Lahir : Perhitungan tagihan iuran atas bayi baru lahir dihitung sejak bulan bayi dilahirkan dengan tagihan maksimal 24 bulan dengan membawa surat keterangan kelahiran, kartu keluarga, persyaratan autodebet (Buku Rekening dan KTP Pemilik Rekening)'),
(87, 'FAQ', 'Prosedur refund (pengembalian kelebihan pembayaran)', 'I. Pengembalian iuran (refund) dapat dilakukan dengan alasan sebagai berikut: \n1. Kelebihan pembayaran iuran oleh peserta atau pemberi kerja \n2. Kelebihan pembayaran iuran oleh pemerintah daerah bagi PBPU/BP Pemda \n3. Peserta meninggal dunia \n4. Kepesertaan ganda \n5. Salah setor rekening \n6. Kesalahan pencatatan oleh Bank atau PPOB \n7. Salah setor Virtual Account Pengajuan pengembalian iuran paling lama dilakukan 15 hari sejak tanggal pengajuan pengembalian disampaikan kepada BPJS Kesehatan dan berkas dinyatakan Lengkap. I\nI. Kelengkapan berkas untuk proses penembalian iuran adalah sebagai berikut \n1. Surat permohonan pengembalian iuran oleh peserta/ pemberi kerja/ keluarga peserta dilengkapi materi 10.000 \n2. Salinan KTP Pengaju \n3. Salinan Kartu Keluarga \n4. Bukti Bayar (asli) \n5. Salinan buku tabungan peserta/pemberi kerja/keluarga peserta yang masih aktif \n6. Salinan Kartu JKN/KIS \n7. Surat Kuasa (apabila permohonan pengembalian kelebihan pembayaran dilakukan oleh keluarga peserta) \n8. Surat keterangan kematian (apabila meninggal) \n9. Berita acara rekonsiliasi (apabila kepesertaan ganda)'),
(88, 'FAQ', 'Kriteria Pekerja yang Terkena PHK Namun tidak Mendapat Manfaat Penjaminan 6 Bulan', 'a. Pekerja Meninggal dunia \nb. Pekerja sudah habis Kontrak \nc. Pekerja mengundurkan diri \nd. Pekerja mangkir \ne. Pekerja Pensiun \nf. Pekerja mengundurkan diri \ng. Pekerja dipecat atas kesepakatan Pekerja dan Pemberi Kerja'),
(89, 'FAQ', 'Siapa yang dimaksud dengan Pekerja', 'Pekerja adalah setiap orang yang bekerja dengan menerima gaji, upah, atau imbalan dalam bentuk lain.'),
(90, 'FAQ', 'Bagaimana Cara Mendownload Aplikasi Mobile JKN?', 'Cara Mendownload Aplikasi Mobile JKN yaitu: Buka Google Play Store atau App Store lalu instal/ download aplikasi Mobile JKN Pastikan aplikasi didownload dari pengembang Kesehatan'),
(91, 'FAQ', 'Pelayanan Ambulan yang tidak dijamin', 'a. jemput pasien selain dari fasilitas kesehatan (rumah, jalan, lokasi lain); \nb. mengantar pasien ke selain fasilitas kesehatan; \nc. rujukan parsial (antar jemput pasien atau spesimen dalam rangka mendapatkan pemeriksaan penunjang atau tindakan, yang merupakan rangkaian perawatan pasien di salah satu fasilitas kesehatan); \nd. mengantar jenazah; dan \ne. pasien rujuk balik rawat jalan.'),
(92, 'FAQ', 'Bagaimana jika saya sudah bekerja namun tidak didaftarkan oleh BU', 'Berdasarkan Perpres 82 tahun 2018, setiap Pemberi Kerja wajib mendaftarkan seluruh pekerja dan anggota keluarga. Apabila Ibu/Bapak belum didaftarkan oleh Badan Usaha maka Bapak/Ibu dapat menkonfirmasi ke Kantor BPJS Kesehatan terdekat'),
(93, 'FAQ', 'Ketentuan Pelayanan Gawat Darurat?', 'Syarat \n1. Kriteria gawat darurat, \n2. Pelayanan dilakukan di IGD dan \n3. Sesuai tatalaksana gawatdarurat Kriteria Gawat Darurat: \n1. mengancam nyawa, membahayakan diri dan orang lain/lingkungan; \n2. adanya gangguan pada jalan nafas, pernafasan dan sirkulasi; \n3. adanya penurunan kesadaran; \n4. adanya gangguan hemodinamik; dan/atau \n5. memerlukan tindakan segera'),
(94, 'FAQ', 'Cara Melakukan Perubahan Jenis Kepesertaan Peserta PPU Penyelenggara Negara menjadi Bukan Pekerja', '1) Asli/Fotokopi Surat tanda bukti penerima pensiun/KARIP \n2) Asli/Fotokopi Surat Keputusan Janda/ Duda/ Anak yatim/Anak Piatu atau yatim piatu \n3) Surat keterangan dari sekolah/perguruan tinggi (bagi anak usia lebih dari 21 tahun s.d. 25 tahun yang masih sekolah/kuliah)'),
(95, 'FAQ', 'Apa yang dimaksud dengan Alat Kesehatan', 'Yaitu instrumen, aparatus, mesin, dan/atau implan yang tidak mengandung obat yang digunakan untuk mencegah, mendiagnosa, menyembuhkan dan meringankan penyakit, merawat orang sakit serta memulihkan kesehatan pada manusia dan/atau membentuk struktur dan memperbaiki fungsi tubuh'),
(96, 'FAQ', 'Cara Melakukan Perubahan Jenis Kepesertaan Peserta PPU menjadi PPU', 'Peserta PPU dialihkan menjadi PPU lainnya berdasarkan surat pengantar pendaftaran dari Pimpinan Perusahaan yang baru. Kondisi tersebut berlaku bagi peserta PPU aktif maupun PPU non aktif karena Badan Usaha lama menunggak iuran. Jenis kepesertaan Peserta PPU berlaku untuk bulan selanjutnya'),
(97, 'FAQ', 'Siapa yang dimaksud Pemberi Kerja', 'Pemberi Kerja adalah orang perseorangan, pengusaha, badan hukum atau badan lainnya yang mempekerjakan tenaga kerja, atau penyelenggara negara yang mempekerjakan pegawai negeri dengan membayar gaji, upah, atau imbalan dalam bentuk lainnya'),
(98, 'FAQ', 'Apa yang dimaksud dengan Formularium Nasional', 'Yaitu daftar obat yang disusun oleh komite nasional yang ditetapkan oleh Menteri Kesehatan, didasarkan pada bukti ilmiah mutakhir berkhasiat, aman, dan dengan harga terjangkau yang disediakan serta digunakan sebagai acuan penggunaan obat dalam Jaminan Kesehatan Nasional'),
(99, 'FAQ', 'Apa yang dimaksud dengan Badan Usaha', 'Badan usaha adalah setiap bentuk usaha yang menjalankan usaha yang bersifat tetap dan terus menerus, didirikan, bekerja dan berkedudukan dalam wilayah Negara Kesatuan Republik Indonesia untuk tujuan memperoleh keuntungan dan atau laba, termasuk di dalamnya badan hukum lainnya'),
(100, 'FAQ', 'Pelayanan Kesehatan tingkat pertama yang dijamin BPJS Kesehatan yaitu', '1. Administrasi Pelayanan \n2. Pelayanan Promotif dan preventif \n3. Pemeriksaaan, pengobatan dan konsultasi medis \n4. Tindakan medis nonspesialistik \n5. Pelayanan obat, alat kesehatan dan bahas medis habis pakai \n6. Pemeriksaan penunjang diagnostik labiratorium tingkat pratama \n7. Rawat inap tingkat pertama sesuai dengan indikasi medis'),
(101, 'FAQ', 'Pelayanan Kesehatan rujukan tingkat lanjut yang dijamin BPJS Kesehatan yaitu', '1. Administrasi Pelayanan \n2. Pemeriksaaan, pengobatan dan konsultasi medis dasar \n3. Pemeriksaaan, pengobatan dan konsultasi spesialistik \n4. Tindakan medis spesialistik, baik bedah maupun nonbedah sesuai indikasi medis \n5. Pelayanan obat, alat kesehatan dan bahan medis habis pakai \n6. Pelayana penunjang diagnostik lanjutan sesuai dengan indikasi medis \n7. Rehabilitasi medis \n8. Pelayanan Darah \n9. Pemulasaran jenazah peserta yang meninggal di fasilitas kesehatan 10. pelayanan keluarga berencana 11. Pe'),
(102, 'FAQ', 'Apa syarat pendaftaran bagi peserta yang tidak didaftarkan oleh BU', 'Dokumen Pendaftaran Pekerja yang mendaftarkan diri sebagai PPU; Pemberi Kerja secara nyata tidak mendaftarkan Pekerjanya \n1. Bukti penerimaan gaji/upah bulan terakhir \n2. Identitas yang membuktikan sebagai Pekerja yang diterbitkan oleh Pemberi Kerja \n3. Surat pernyataan status aktif sebagai Pekerja dari Pemberi Kerja \n4. Perjanjian Kerja *Dokumen nomor 1 wajib dipenuhi dan dilampirkan oleh pekerja *Dokumen nomor 2, 3 dan 4 wajib dipenuhi salah satu dan dilampirkan.'),
(103, 'FAQ', 'Cara Mendapatkan Pelayanan Program Rujuk Balik (PRB)', 'Pelayanan Program Rujuk Balik adalah pelayanan bagi pasien dengan diagnosa penyakit kronis Diabetes Mellitus, Hipertensi, Jantung, Asma, Penyakit Paru Obstruktif Kronik (PPOK), Epilepsy, Schizophrenia, Stroke, dan Systemic Lupus Erythematosus (SLE) yang telah ditetapkan dalam kondisi terkontrol/stabil oleh Dokter Spesialis/Sub Spesialis sesuai dengan standar profesi terkait dan telah mendapatkan surat rujuk balik (SRB) dan mendaftarkan diri untuk menjadi peserta PRB. Penjaminan pelayanan bagi peserta PRB adalah pemeriksaan dokter di FKTP dan pemberian obat PRB yang termasuk dalam daftar obat PRB di Formularium Nasional oleh ruang farmasi, instalasi farmasi klinik pratama, atau apotek yang bekerja sama dengan BPJS Kesehatan untuk kebutuhan maksimal 30 (tiga puluh) hari.'),
(104, 'FAQ', 'Mekanisme Pelaporan Pekerja Terkena PHK', 'a. Pelaporan dilakukan oleh Pemberi Kerja atau Serikat Pekerja \nb. Pelaporan dilakukan dengan membawa dokumen pembuktian PHK, data Peserta PHK, dokumen lain sesuai dengan kriteria PHK \nc. Pelaporan pertama kali dilakukan paling lambat tgl 20 setiap bulan berjalan \nd. BPJS Kesehatan memberikan persetujuan tertulis atas pelaporan PHK untuk kemudian diberikan manfaat penjaminan tanpa bayar iuran paling lama 6 bulan'),
(105, 'FAQ', 'Cara Mendaftar Menjadi Peserta Bukan Pekerja (BP) Penyelenggara Negara', '1 Asli KTP \n2 Fotokopi Kartu Keluarga \n3 Asli/Fotokopi surat tanda bukti penerima pensiun atau KARIP \n4 Asli/Fotokopi surat tanda bukti penerima pensiun atau Kartu Tanda Peserta ASABRI \n5 Asli/Fotokopi piagam petikan SK Pengesahan Gelar Kehormatan Veteran RI \n6 Asli/Fotokopi Surat Keputusan Janda/Duda/Anak Yatim/Anak Piatu dan atau Anak Yatim Piatu \n7 Surat Keterangan dari sekolah/Perguruan Tinggi (bagi anak berusia lebih dari 21 (dua puluh satu) tahun sampai dengan 25 (dua puluh lima) tahun'),
(106, 'FAQ', 'Cara Melakukan Perubahan Jenis Kepesertaan Peserta PBI JK/PD Pemda menjadi peserta PPU', '1) Badan Usaha melakukan perubahan jenis kepesertaan pekerja melalui sistem informasi yang telah disediakan oleh BPJS Kesehatan. \n2) Perubahan status kepesertaan menjadi Peserta PPU mengikuti mekanisme cut off kepesertaan BPJS Kesehatan dan jumlah anggota keluarga yang ditanggung PPU. \n3) Dalam hal jumlah anggota keluarga tertanggung melebihi hak peserta sebagai peserta PPU, maka anggota keluarga lainnya: \na) Didaftarkan melalui Badan Usaha sebagai keluarga tambahan dengan besaran iuran sebesar 1% dari gaji atau upah Peserta Pekerja Penerima Upah per orang per bulan (dengan melengkapi surat kuasa pemotongan gaji) \nb) Didaftarkan sebagai Peserta PBPU; atau \nc) Tetap menjadi Peserta PBI JK/PD Pemda \n4) Meyerahkan surat keterangan dari sekolah/perguruan tinggi (bagi anak usia lebih dari 21 tahun s.d. 25 tahun yang masih sekolah/kuliah).'),
(107, 'FAQ', 'Apa syarat pendaftaran LSM', 'Syarat Pendaftaran antara lain : Akta Yayasan dan NPWP Badan'),
(108, 'FAQ', 'Cara Mendaftar Menjadi Peserta PPU Penyelenggara Negara', 'Pendaftaran dilakukan secara kolektif oleh PIC satuan kerja (satker) dan dapat juga dilakukan secara perorangan. \n1. Syarat pendaftaran apabila pendaftaran dilakukan secara perorangan yaitu dengan menunjukkan: \na. Kartu Keluarga \nb. SK Penetapan pertama. \nc. SK Kepangkatan/pengangkatan terakhir dari Kementerian/Lembaga/Kepala Dinas (jika ada perubahan) \nd. Daftar gaji yang mencantumkan gaji pokok dan tunjangan dan dilegalisasi oleh pimpinan unit kerja. \ne. Penetapan Pengadilan Negeri untuk anak angkat (jika belum tercantum dalam Kartu Keluarga). \nf. Asli Surat keterangan dari sekolah/ Perguruan Tinggi (bagi anak usia di atas 21 tahun s.d. 25 tahun) yang berlaku 1 (satu) tahun. \n2. Pendaftaran secara kolektif dilakukan melalui registrasi entitas satuan kerja oleh masing-masing PIC satuan kerja. Kemudian, pendaftaran pekerja dan anggota keluarganya dilakukan melalui proses migrasi dengan mengisi FDIPE (Formulir Daftar Isian Peserta Elektronik). Khusus untuk kepesertaan dari Kepala Desa dan Perangkat Desa proses pendaftaran dan perubahan data dilakukan secara kolektif oleh penanggung jawab Pemerintah Daerah melalui sistem informasi yang telah disediakan oleh BPJS Kesehatan'),
(109, 'FAQ', 'Apa syarat pendaftaran Yayasan', 'Syarat Pendaftaran antara lain : Akta yayasan dan NPWP Badan'),
(110, 'FAQ', 'Apa syarat pendaftaran Rumah Ibadah Asosiasi / organisasi', 'Syarat Pendaftaran antara lain : Akta Pendirian tanpa NPWP'),
(111, 'FAQ', 'Apa syarat pendaftaran PT / Perseroan Terbatas', 'Syarat Pendaftaran antara lain : NIB/Surat Izin Usaha/Tanda Daftar Perusahaan dan NPWP Badan'),
(112, 'FAQ', 'Apa syarat pendaftaran CV', 'Syarat Pendaftaran antara lain : NIB/Surat Izin dan NPWP Badan / Perorangan'),
(113, 'FAQ', 'Apa syarat pendaftaran Usaha Mikro Kecil', 'Syarat Pendaftaran antara lain : NIB/Surat Izin Usaha Mikro Kecil/Surat Izin lainnya sesuai kebijakan Pemerintah Setempat dan NPWP Badan/Perorangan'),
(114, 'FAQ', 'Bagaimana cara Pendaftaran- peserta TNI/POLRI', 'Peserta bisa mengajukan pendaftaran baru melalui chat pandawa dengan melampirkan syarat, yaitu \n1. Asli KTP dan KK \n2. SK Pengangkatan prajurit 3. Slip Daftar Gaji'),
(115, 'FAQ', 'Bagaimana cara Pendaftaran PPU PN (PNS)', 'Peserta bisa mengajukan pendaftaran baru melalui chat pandawa dengan melampirkan syarat, yaitu \n1. Asli KTP dan KK \n2. SK PNS \n3. Slip Daftar Gaji atau Pembuatan/Pencetakan Daftar Gaji (NCR)'),
(116, 'FAQ', 'Bagaimana cara pendaftaran pendaftara PPNPN', 'Pendaftaran bisa dikonfirmasikan ke Satuan Kerja Pemda masing-masing \n1. PIC Satuan Kerja menyampaikan formulir registrasi entitas Satuan Kerja yang disahkan oleh Pejabat yang berwenang dan dokumen pendukung \n2. Pendaftaran secara kolektif dilakukan dengan pengisian Formulir Pendaftaran/ Pengisian Excel Format Migrasi \n3. Melampirkan bukti setor iuran jaminan kesehatan dengan daftar rincian pekerja dan anggota keluarganya \n4. Pendaftaran anak berusia lebih dari 21 tahun s.d 25 tahun dilengkapi dengan surat keterangan sekolah/kuliah'),
(117, 'FAQ', 'Apa syarat pendaftaran Peserta Pensiun TNI', 'Pendaftaran dapat dilakukan secara perorangan maupun kolektif dengan cara mengisi Formulir Daftar Isian Peserta (FDIP) beserta persyaratannya, yaitu \n1. Asli KTP \n2. Fotocopi KK \n3. Asli/Fotokopi surat tanda bukti penerima pensiun atau KARIP \n4. Asli/fotokopi surat tanda bukti penerima pensiun atau Kartu Tanda Peserta ASABRI \n5. Asli/Fotokopi Surat keputusan Janda/Duda/Anak Yatim/Anak Piatu dan atau Anak Yatim Piatu \n6. Surat Keterangan dari Sekolah/Perguruan tinggi (bagi anak berusia lebih dari 21 (dua puluh satu) tahun sampai dengan 25 (dua puluh lima) tahun.'),
(118, 'FAQ', 'Bagaimana Ketentuan Mengenai Penjaminan 6 Bulan Bagi Pekerja yang terkena PHK', 'a. Manfaat Pelayanan yang diterima Peserta yaitu di Ruang Perawatan Kelas 3 \nb. Peserta tidak dapat meningkatkan perawatan yang lebih tinggi dari haknya termasuk rawat jalan \nc. Pemberi Kerja maupun Pekerja tetap berkewajiban membayar iuran jaminan kesehatan sampai dengan adanya putusan yang berkekuatan hukum tetap atas sengketa PHK yang diajukan melalui lembaga penyelesaian perselisihan hubungan industrial \nd. Peserta PHK wajib melaporkan pengaktifan kembali status kepesertaan sebagai Peserta PHK melalui Kantor Cabang setiap bulan sampai dengan Peserta kembali bekerja atau paling lama 6 bulan sejak terjadinya PHK'),
(119, 'FAQ', 'Apa syarat pendaftaran Peserta Pensiun PNS Pusat/Daerah', 'Pendaftaran dapat dilakukan secara perorangan maupun kolektif dengan cara mengisi Formulir Daftar Isian Peserta (FDIP) beserta persyaratannya, yaitu \n1. Asli KTP \n2. Fotocopi KK \n3. Asli/Fotokopi surat tanda bukti penerima pensiun atau KARIP \n4. Asli/fotokopi surat tanda bukti penerima pensiun atau Kartu Tanda Peserta ASABRI \n5. Asli/Fotokopi Surat keputusan Janda/Duda/Anak Yatim/Anak Piatu dan atau Anak Yatim Piatu \n6. Surat Keterangan dari Sekolah/Perguruan tinggi (bagi anak berusia lebih dari 21 (dua puluh satu) tahun sampai dengan 25 (dua puluh lima) tahun'),
(120, 'FAQ', 'Dokumen Pendukung yang Dibutuhkan Dalam Mengajukan Penjaminan 6 Bulan Bagi Pekerja yang terkena PHK', 'a. Dokumen data Peserta dan anggota keluarga PHK berupa nama, NIK, tanggal lahir, nomor identitas Peserta JKN, Alamat, No HP & Email \nb. Dokumen pembuktian PHK, meliputi: \n1) Putusan/akta pengadilan hubungan industrial bagi PHK yang sudah ada putusan pengadilan hubungan industrial; \n2) Akta Notaris bagi PHK karena penggabungan perusahaan; \n3) Putusan kepaillitan dari Pengadilan bagi PHK karena perusahaan pailit atau mengalami kerugian; atau \n4) Surat Keterangan Dokter bagi PHK karena Pekerja mengalami sakit'),
(121, 'FAQ', 'Apa syarat pendaftaran Peserta Pensiun Pejabat Negara', 'Pendaftaran dapat dilakukan secara perorangan maupun kolektif dengan cara mengisi Formulir Daftar Isian Peserta (FDIP) beserta persyaratannya, yaitu \n1. Asli KTP \n2. Fotocopi KK \n3. Asli/Fotokopi surat tanda bukti penerima pensiun atau KARIP \n4. Asli/fotokopi surat tanda bukti penerima pensiun atau Kartu Tanda Peserta ASABRI \n5. Asli/Fotokopi Surat keputusan Janda/Duda/Anak Yatim/Anak Piatu dan atau Anak Yatim Piatu \n6. Surat Keterangan dari Sekolah/Perguruan tinggi (bagi anak berusia lebih dari 21 (dua puluh satu) tahun sampai dengan 25 (dua puluh lima) tahun'),
(122, 'FAQ', 'Apa syarat Pendaftaran Peserta PBPU', 'Syarat pendaftaran apabila pendaftaran dilakukan secara perorangan yaitu dengan menunjukkan: \na. Kartu Keluarga \nb. Buku tabungan Bank yang melayani autodebit BRI, Mandiri, BNI, BTN, BCA, Bank Jateng dan Bank Panin (dapat menggunakan rekening tabungan Kepala Keluarga/ anggota keluarga dalam Kartu Keluarga/ penanggung). *Jika rekening peserta terdaftar tanpa buku tabungan (program dari Bank) maka tidak bisa didaftarkan melalui KC/CC, silahkan buat rekening baru dengan buu tabungan atau bisa dilanjutkan pedaftaran melalui Mobile JKN (dilihat dari nomor rekening) \nc. Formulir surat kuasa autodebit pembayaran iuran BPJS Kesehatan bermaterai Rp10.000,00 (Sepuluh Ribu Rupiah) yang ditanda tangani pemilik rekening yang bersangkutan. Surat kuasa wajib ditanda tangani oleh pemilik rekening walaupun calon peserta yang mendaftar bukan pemilik rekening. Calon peserta dapat melakukan pembayaran iuran pertama dalam waktu paling cepat 14 (empat belas) hari atau paling lambat 30 (tiga puluh) hari setelah pendaftaran'),
(123, 'FAQ', 'Ketentuan Pelayanan Korset Tulang Belakang / Corset?', '1. Pelayanan Korset Tulang Belakang (Corset) merupakan bagian dari pemeriksaan dan penanganan yang diberikan pada FKRTL yang bekerja sama dengan BPJS Kesehatan; \n2. Korset Tulang Belakang (Corset) dapat diberikan maksimal 1 kali dalam 2 (dua) tahun atas indikasi medis dengan besaran maksimal Rp. 350.000,00; \n3. Apabila sebelum 2 tahun diperlukan penggantian Korset Tulang Belakang (Corset) oleh sebab apapun maka BPJS Kesehatan tidak menjamin \n4. Peserta mendapatkan pelayanan medis dan/atau tindakan medis di FKRTL yang bekerja sama dengan BPJS Kesehatan sesuai dengan prosedur pelayanan; \n5. Peserta mengurus keabsahan administrasi Korset Tulang Belakang di FKRTL dengan membawa lembar salinan SEP dan resep Korset Tulang Belakang; \n6. Peserta mengambil Korset Tulang Belakang pada Faskes atau Apotek yang bekerjasama dengan BPJS Kesehatan dengan menyerahkan lembar salinan SEP, resep Korset Tulang Belakang dan bukti keabsahan administrasi. \n7. Petugas Faskes atau Apotek melakukan verifikasi resep dan bukti pendukung lain, kemudian menyerahkan Korset Tulang Belakang kepada Peserta. \n8. Peserta menandatangani bukti pelayanan'),
(124, 'FAQ', 'Ketentuan Pelayanan Alat Bantu Gerak berupa Kruk penyangga tubuh?', '1. Pelayanan Alat bantu gerak berupa kruk penyangga tubuh merupakan bagian dari pemeriksaan dan penanganan yang diberikan pada FKRTL yang bekerja sama dengan BPJS Kesehatan; \n2. Alat bantu gerak berupa kruk penyangga tubuh dapat diberikan paling cepat 5 (lima) tahun sekali atas indikasi medis dengan besaran maksimal Rp. 350.000,- per peserta; \n3. Apabila sebelum 5 tahun diperlukan penggantian kruk oleh sebab apapun maka BPJS Kesehatan tidak menjamin \n4. Peserta mendapatkan pelayanan medis dan/atau tindakan medis di FKRTL yang bekerja sama dengan BPJS Kesehatan sesuai dengan prosedur pelayanan. \n5. Peserta mengurus keabsahan administrasi kruk di FKRTL dengan membawa lembar salinan SEP dan resep kruk. \n6. Peserta mengambil kruk pada Faskes atau Apotek yang bekerjasama dengan BPJS Kesehatan dengan menyerahkan lembar salinan SEP, resep kruk dan bukti keabsahan administrasi. \n7. Petugas Faskes atau Apotek melakukan verifikasi resep dan bukti pendukung lain, kemudian menyerahkan kruk. \n8. Peserta menandatangani bukti pelayanan'),
(125, 'FAQ', 'Ketentuan Pelayanan Protesa Alat Gerak?', '1. Pelayanan Protesa alat gerak (kaki dan/atau tangan tiruan) merupakan bagian dari pemeriksaan dan penanganan yang diberikan pada FKRTL yang bekerja sama dengan BPJS Kesehatan; \n2. Protesa alat gerak dapat diberikan satu kali per peserta dalam kurun waktu 5 (lima) tahun atas indikasi dengan besaran maksimal Rp. 2.500.000,00; \n3. Apabila sebelum 5 tahun diperlukan penggantian protesa alat gerak oleh sebab apapun maka BPJS Kesehatan tidak menjamin \n4. Peserta mendapatkan pelayanan medis dan/atau tindakan medis di FKRTL yang bekerja sama dengan BPJS Kesehatan sesuai dengan prosedur pelayanan; \n5. Peserta mengurus keabsahan administrasi dengan membawa lembar salinan SEP dan resep protesa alat gerak (kaki dan/atau tangan tiruan); \n6. Peserta mengambil protesa alat gerak pada Faskes atau Apotek yang bekerjasama dengan BPJS Kesehatan dengan menyerahkan lembar salinan SEP, resep protesa alat gerak (kaki dan/atau tangan tiruan) dan bukti keabsahan administrasi. \n7. Petugas Faskes atau Apotek melakukan verifikasi resep dan bukti pendukung lain, kemudian menyerahkan protesa alat gerak (kaki dan/atau tangan tiruan) kepada Peserta. \n8. Peserta menandatangani bukti pelayanan'),
(126, 'FAQ', 'Ketentuan Pelayanan Alat Bantu Dengar (Hearing Aid)?', '1. Pelayanan alat bantu dengar (hearing aid) diberikan atas rekomendasi dari dokter spesialis THT serta merupakan bagian dari pemeriksaan dan penanganan yang diberikan pada FKRTL yang bekerja sama dengan BPJS Kesehatan. \n2. Alat bantu dengar dapat diberikan maksimal sekali dalam 5 (lima) tahun atas indikasi medis dengan besaran maksimal Rp. 1.000.000,- per peserta tanpa membedakan satu/dua telinga. \n3. Apabila sebelum 5 tahun diperlukan penggantian alat bantu dengar (hearing aid) oleh sebab apapun (perubahan ukuran, hilang, rusak dan sebab lain) maka BPJS Kesehatan tidak menjamin \n4. Peserta mendapatkan pelayanan medis dan/atau tindakan medis di FKRTL yang bekerja sama dengan BPJS Kesehatan sesuai dengan prosedur pelayanan RJTL; \n5. Peserta mengurus keabsahan administrasi alat bantu dengar (hearing aid) di FKRTL dengan membawa lembar salinan SEP RJTL dan resep alat bantu dengar (hearing aid); \n6. Peserta mengambil alat bantu dengar (hearing aid) pada Faskes atau Optik yang bekerjasama dengan BPJS Kesehatan dengan menyerahkan lembar salinan SEP RJTL, resep alat bantu dengar (hearing aid) dan bukti keabsahan administrasi. \n7. Petugas FKRTL atau Optik melakukan verifikasi resep dan bukti pendukung lain, kemudian menyerahkan alat bantu dengar (hearing aid) kepada Peserta'),
(127, 'FAQ', 'Ketentuan Pelayanan Penyangga Leher (Collar Neck/Cervical Collar/ Neck Brace)?', '1. Pelayanan Penyangga leher (collar neck/cervical collar/neck brace) merupakan bagian dari pemeriksaan dan penanganan yang diberikan pada FKRTL yang bekerja sama dengan BPJS Kesehatan; \n2. Penyangga leher (collar neck/cervical collar/neck brace) dapat diberikan maksimal 1 kali dalam 2 (dua) tahun atas indikasi medis dengan besaran maksimal Rp. 150.000,-; \n3. Apabila sebelum 2 tahun diperlukan penggantian collar neck oleh sebab apapun maka BPJS Kesehatan tidak menjamin. \n4. Peserta mendapatkan pelayanan medis dan/atau tindakan medis di FKRTL yang bekerja sama dengan BPJS Kesehatan sesuai dengan prosedur pelayanan. \n5. Peserta mengurus keabsahan administrasi Penyangga leher (collar neck/cervical collar/neck brace) di FKRTL dengan membawa lembar salinan SEP dan resep Penyangga leher (collar neck/cervical collar/neck brace). \n6. Peserta mengambil Penyangga leher (collar neck/cervical collar/neck brace) pada Faskes atau Apotek yang bekerjasama dengan BPJS Kesehatan dengan menyerahkan lembar salinan. SEP, resep Penyangga leher (collar neck/cervical collar/neck brace) dan bukti keabsahan administrasi \n7. Petugas Faskes atau Apotek melakukan verifikasi resep dan bukti pendukung lain, kemudian menyerahkan Penyangga leher (collar neck/cervical collar/neck brace). \n8. Peserta menandatangani bukti pelayanan');
INSERT INTO `infos` (`id`, `type`, `title`, `content`) VALUES
(128, 'FAQ', 'Apa syarat pendaftaran Firma', 'Syarat Pendaftaran antara lain : NIB/Surat Izin dan NPWP Badan/Perorangan'),
(129, 'FAQ', 'Apa syarat pendaftaran Perusahaan Asing', 'Syarat Pendaftaran antara lain : NIB/MOU/PKS dengan Pemerintah dan NPWP Badan'),
(130, 'FAQ', 'Apa syarat pendaftaran LSM Asing', 'Syarat Pendaftaran antara lain: MOU/PKS dengan Pemerintah dan NPWP Badan'),
(131, 'FAQ', 'Apa syarat pendaftaran Perintis Kemerdekaan', 'Pendaftaran dapat dilakukan secara perorangan maupun kolektif dengan cara mengisi Formulir Daftar Isian Peserta (FDIP) beserta persyaratannya, yaitu \n1. Asli KTP \n2. Fotocopi KK \n3. Asli/Fotokopi surat tanda bukti penerima pensiun atau KARIP \n4. Asli/fotokopi piagam petikan SK Pengesahan Gelar Kehormatan Veteran \n5. Asli/Fotokopi Surat keputusan Janda/Duda/Anak Yatim/Anak Piatu dan atau Anak Yatim Piatu \n6. Surat Keterangan dari Sekolah/Perguruan tinggi (bagi anak berusia lebih dari 21 (dua puluh satu) tahun sampai dengan 25 (dua puluh lima) tahun.'),
(132, 'FAQ', 'Apa syarat pendaftaran Veteran', 'Pendaftaran dapat dilakukan secara perorangan maupun kolektif dengan cara mengisi Formulir Daftar Isian Peserta (FDIP) beserta persyaratannya, yaitu \n1. Asli KTP \n2. Fotocopi KK \n3. Asli/Fotokopi surat tanda bukti penerima pensiun atau KARIP \n4. Asli/fotokopi piagam petikan SK Pengesahan Gelar Kehormatan Veteran \n5. Asli/Fotokopi Surat keputusan Janda/Duda/Anak Yatim/Anak Piatu dan atau Anak Yatim Piatu \n6. Surat Keterangan dari Sekolah/Perguruan tinggi (bagi anak berusia lebih dari 21 (dua puluh satu) tahun sampai dengan 25 (dua puluh lima) tahun.');

-- --------------------------------------------------------

--
-- Table structure for table `provinces`
--

CREATE TABLE `provinces` (
  `id` int(11) NOT NULL,
  `name` varchar(191) COLLATE utf8mb4_unicode_ci NOT NULL
) ENGINE=InnoDB DEFAULT CHARSET=utf8mb4 COLLATE=utf8mb4_unicode_ci;

--
-- Dumping data for table `provinces`
--

INSERT INTO `provinces` (`id`, `name`) VALUES
(1, 'Aceh'),
(2, 'Sumatera Utara'),
(3, 'Sumatera Barat'),
(4, 'Riau'),
(5, 'Jambi'),
(6, 'Sumatera Selatan'),
(7, 'Bengkulu'),
(8, 'Lampung'),
(9, 'Kepulauan Bangka Belitung'),
(10, 'Kepulauan Riau'),
(11, 'DKI Jakarta'),
(12, 'Jawa Barat'),
(13, 'Jawa Tengah'),
(14, 'DI Yogyakarta'),
(15, 'Jawa Timur'),
(16, 'Banten'),
(17, 'Bali'),
(18, 'Nusa Tenggara Barat'),
(19, 'Nusa Tenggara Timur'),
(20, 'Kalimantan Barat'),
(21, 'Kalimantan Tengah'),
(22, 'Kalimantan Selatan'),
(23, 'Kalimantan Timur'),
(24, 'Kalimantan Utara'),
(25, 'Sulawesi Utara'),
(26, 'Sulawesi Tengah'),
(27, 'Sulawesi Selatan'),
(28, 'Sulawesi Tenggara'),
(29, 'Gorontalo'),
(30, 'Sulawesi Barat'),
(31, 'Maluku'),
(32, 'Maluku Utara'),
(33, 'Papua Barat'),
(34, 'Papua');

--
-- Indexes for dumped tables
--

--
-- Indexes for table `bedclasses`
--
ALTER TABLE `bedclasses`
  ADD PRIMARY KEY (`id`);

--
-- Indexes for table `beds`
--
ALTER TABLE `beds`
  ADD PRIMARY KEY (`id`),
  ADD KEY `beds_hospital_id_fkey` (`hospital_id`),
  ADD KEY `beds_bedclass_id_fkey` (`bedclass_id`);

--
-- Indexes for table `cities`
--
ALTER TABLE `cities`
  ADD PRIMARY KEY (`id`),
  ADD KEY `cities_province_id_fkey` (`province_id`);

--
-- Indexes for table `hospitals`
--
ALTER TABLE `hospitals`
  ADD PRIMARY KEY (`id`),
  ADD KEY `hospitals_city_id_fkey` (`city_id`),
  ADD KEY `hospitals_province_id_fkey` (`province_id`);

--
-- Indexes for table `infos`
--
ALTER TABLE `infos`
  ADD PRIMARY KEY (`id`);

--
-- Indexes for table `provinces`
--
ALTER TABLE `provinces`
  ADD PRIMARY KEY (`id`);

--
-- AUTO_INCREMENT for dumped tables
--

--
-- AUTO_INCREMENT for table `bedclasses`
--
ALTER TABLE `bedclasses`
  MODIFY `id` int(11) NOT NULL AUTO_INCREMENT, AUTO_INCREMENT=14;

--
-- AUTO_INCREMENT for table `beds`
--
ALTER TABLE `beds`
  MODIFY `id` int(11) NOT NULL AUTO_INCREMENT, AUTO_INCREMENT=2746;

--
-- AUTO_INCREMENT for table `cities`
--
ALTER TABLE `cities`
  MODIFY `id` int(11) NOT NULL AUTO_INCREMENT, AUTO_INCREMENT=515;

--
-- AUTO_INCREMENT for table `hospitals`
--
ALTER TABLE `hospitals`
  MODIFY `id` int(11) NOT NULL AUTO_INCREMENT, AUTO_INCREMENT=365;

--
-- AUTO_INCREMENT for table `infos`
--
ALTER TABLE `infos`
  MODIFY `id` int(11) NOT NULL AUTO_INCREMENT, AUTO_INCREMENT=133;

--
-- AUTO_INCREMENT for table `provinces`
--
ALTER TABLE `provinces`
  MODIFY `id` int(11) NOT NULL AUTO_INCREMENT, AUTO_INCREMENT=35;

--
-- Constraints for dumped tables
--

--
-- Constraints for table `beds`
--
ALTER TABLE `beds`
  ADD CONSTRAINT `beds_bedclass_id_fkey` FOREIGN KEY (`bedclass_id`) REFERENCES `bedclasses` (`id`) ON UPDATE CASCADE,
  ADD CONSTRAINT `beds_hospital_id_fkey` FOREIGN KEY (`hospital_id`) REFERENCES `hospitals` (`id`) ON UPDATE CASCADE;

--
-- Constraints for table `cities`
--
ALTER TABLE `cities`
  ADD CONSTRAINT `cities_province_id_fkey` FOREIGN KEY (`province_id`) REFERENCES `provinces` (`id`) ON UPDATE CASCADE;

--
-- Constraints for table `hospitals`
--
ALTER TABLE `hospitals`
  ADD CONSTRAINT `hospitals_city_id_fkey` FOREIGN KEY (`city_id`) REFERENCES `cities` (`id`) ON UPDATE CASCADE,
  ADD CONSTRAINT `hospitals_province_id_fkey` FOREIGN KEY (`province_id`) REFERENCES `provinces` (`id`) ON UPDATE CASCADE;
COMMIT;

/*!40101 SET CHARACTER_SET_CLIENT=@OLD_CHARACTER_SET_CLIENT */;
/*!40101 SET CHARACTER_SET_RESULTS=@OLD_CHARACTER_SET_RESULTS */;
/*!40101 SET COLLATION_CONNECTION=@OLD_COLLATION_CONNECTION */;
